Input directory: ../../CESM-LAND-MODELS/4/log_normalized
Output directory: ../../CESM-LAND-MODELS/4/log_normalized/sz_1E-6
Dimensions: 192x288
Error bound: 1E-6
SZ config: sz.config

Found 176 .dat file(s) to process

[1/176] Processing: ACTUAL_IMMOB_1_192_288.dat
compression time = 0.017581
compressed data file: ../../CESM-LAND-MODELS/4/log_normalized/ACTUAL_IMMOB_1_192_288.dat.sz
Min=0, Max=1, range=1
Max absolute error = 0.0000009973
Max relative error = 0.000001
Max pw relative error = 684.868029
PSNR = 133.547983, NRMSE= 2.1018458846145085752E-07
normError = 0.000049, normErr_norm = 0.000000
acEff=1.000000
compressionRatio=16.505037
decompression time = 0.011036 seconds.
decompressed data file: ../../CESM-LAND-MODELS/4/log_normalized/sz_1E-6/ACTUAL_IMMOB_1_192_288.dat.sz.out
  ✓ Compression and decompression successful (ratio: 16.50x)

[2/176] Processing: AGNPP_1_192_288.dat
compression time = 0.012825
compressed data file: ../../CESM-LAND-MODELS/4/log_normalized/AGNPP_1_192_288.dat.sz
Min=0, Max=1, range=1
Max absolute error = 0.0000009997
Max relative error = 0.000001
Max pw relative error = 691.356225
PSNR = 128.228307, NRMSE= 3.877793143746151922E-07
normError = 0.000091, normErr_norm = 0.000000
acEff=1.000000
compressionRatio=13.533040
decompression time = 0.005884 seconds.
decompressed data file: ../../CESM-LAND-MODELS/4/log_normalized/sz_1E-6/AGNPP_1_192_288.dat.sz.out
  ✓ Compression and decompression successful (ratio: 13.53x)

[3/176] Processing: ANN_FAREA_BURNED_1_192_288.dat
compression time = 0.012684
compressed data file: ../../CESM-LAND-MODELS/4/log_normalized/ANN_FAREA_BURNED_1_192_288.dat.sz
Min=0, Max=1, range=1
Max absolute error = 0.0000009999
Max relative error = 0.000001
Max pw relative error = 677.277202
PSNR = 127.537952, NRMSE= 4.1985796241892621127E-07
normError = 0.000099, normErr_norm = 0.000000
acEff=1.000000
compressionRatio=4.857664
decompression time = 0.006411 seconds.
decompressed data file: ../../CESM-LAND-MODELS/4/log_normalized/sz_1E-6/ANN_FAREA_BURNED_1_192_288.dat.sz.out
  ✓ Compression and decompression successful (ratio: 4.85x)

[4/176] Processing: AR_1_192_288.dat
compression time = 0.013549
compressed data file: ../../CESM-LAND-MODELS/4/log_normalized/AR_1_192_288.dat.sz
Min=0, Max=1, range=1
Max absolute error = 0.0000009997
Max relative error = 0.000001
Max pw relative error = 686.016116
PSNR = 127.879398, NRMSE= 4.0367335433150620086E-07
normError = 0.000095, normErr_norm = 0.000001
acEff=1.000000
compressionRatio=11.896090
decompression time = 0.005203 seconds.
decompressed data file: ../../CESM-LAND-MODELS/4/log_normalized/sz_1E-6/AR_1_192_288.dat.sz.out
  ✓ Compression and decompression successful (ratio: 11.89x)

[5/176] Processing: area_192_288.dat
compression time = 0.014206
compressed data file: ../../CESM-LAND-MODELS/4/log_normalized/area_192_288.dat.sz
Min=0, Max=1, range=1
Max absolute error = 0.0000009984
Max relative error = 0.000001
Max pw relative error = 0.000012
PSNR = 126.988903, NRMSE= 4.4725464930976372175E-07
normError = 0.000105, normErr_norm = 0.000001
acEff=1.000000
compressionRatio=12.209318
decompression time = 0.006280 seconds.
decompressed data file: ../../CESM-LAND-MODELS/4/log_normalized/sz_1E-6/area_192_288.dat.sz.out
  ✓ Compression and decompression successful (ratio: 12.20x)

[6/176] Processing: areaatm_192_288.dat
compression time = 0.010680
compressed data file: ../../CESM-LAND-MODELS/4/log_normalized/areaatm_192_288.dat.sz
Min=0, Max=1, range=1
Max absolute error = 0.0000009984
Max relative error = 0.000001
Max pw relative error = 0.000001
PSNR = 128.581073, NRMSE= 3.7234570814880438309E-07
normError = 0.000088, normErr_norm = 0.000001
acEff=1.000000
compressionRatio=13.205803
decompression time = 0.006504 seconds.
decompressed data file: ../../CESM-LAND-MODELS/4/log_normalized/sz_1E-6/areaatm_192_288.dat.sz.out
  ✓ Compression and decompression successful (ratio: 13.20x)

[7/176] Processing: areaupsc_192_288.dat
compression time = 0.014011
compressed data file: ../../CESM-LAND-MODELS/4/log_normalized/areaupsc_192_288.dat.sz
Min=0, Max=1, range=1
Max absolute error = 0.0000009984
Max relative error = 0.000001
Max pw relative error = 0.000012
PSNR = 126.988903, NRMSE= 4.4725464930976372175E-07
normError = 0.000105, normErr_norm = 0.000001
acEff=1.000000
compressionRatio=12.209318
decompression time = 0.006496 seconds.
decompressed data file: ../../CESM-LAND-MODELS/4/log_normalized/sz_1E-6/areaupsc_192_288.dat.sz.out
  ✓ Compression and decompression successful (ratio: 12.20x)

[8/176] Processing: BCDEP_1_192_288.dat
compression time = 0.011344
compressed data file: ../../CESM-LAND-MODELS/4/log_normalized/BCDEP_1_192_288.dat.sz
Min=0, Max=1, range=1
Max absolute error = 0.0000009970
Max relative error = 0.000001
Max pw relative error = 0.000001
PSNR = 133.550156, NRMSE= 2.1013200617391554483E-07
normError = 0.000049, normErr_norm = 0.000000
acEff=1.000000
compressionRatio=17.989752
decompression time = 0.005989 seconds.
decompressed data file: ../../CESM-LAND-MODELS/4/log_normalized/sz_1E-6/BCDEP_1_192_288.dat.sz.out
  ✓ Compression and decompression successful (ratio: 17.98x)

[9/176] Processing: BGNPP_1_192_288.dat
compression time = 0.012736
compressed data file: ../../CESM-LAND-MODELS/4/log_normalized/BGNPP_1_192_288.dat.sz
Min=0, Max=1, range=1
Max absolute error = 0.0000009990
Max relative error = 0.000001
Max pw relative error = 685.123845
PSNR = 128.924810, NRMSE= 3.5789819025865590409E-07
normError = 0.000084, normErr_norm = 0.000000
acEff=1.000000
compressionRatio=14.131357
decompression time = 0.006737 seconds.
decompressed data file: ../../CESM-LAND-MODELS/4/log_normalized/sz_1E-6/BGNPP_1_192_288.dat.sz.out
  ✓ Compression and decompression successful (ratio: 14.13x)

[10/176] Processing: BTRAN_1_192_288.dat
compression time = 0.014305
compressed data file: ../../CESM-LAND-MODELS/4/log_normalized/BTRAN_1_192_288.dat.sz
Min=0, Max=1, range=1
Max absolute error = 0.0000009998
Max relative error = 0.000001
Max pw relative error = 83.893106
PSNR = 127.294679, NRMSE= 4.317835118813392606E-07
normError = 0.000102, normErr_norm = 0.000001
acEff=1.000000
compressionRatio=3.106124
decompression time = 0.006769 seconds.
decompressed data file: ../../CESM-LAND-MODELS/4/log_normalized/sz_1E-6/BTRAN_1_192_288.dat.sz.out
  ✓ Compression and decompression successful (ratio: 3.10x)

[11/176] Processing: BUILDHEAT_1_192_288.dat
compression time = 0.011584
compressed data file: ../../CESM-LAND-MODELS/4/log_normalized/BUILDHEAT_1_192_288.dat.sz
Min=0, Max=1, range=1
Max absolute error = 0.0000009984
Max relative error = 0.000001
Max pw relative error = 0.000025
PSNR = 127.440417, NRMSE= 4.2459918647447767052E-07
normError = 0.000100, normErr_norm = 0.000001
acEff=1.000000
compressionRatio=7.014143
decompression time = 0.006011 seconds.
decompressed data file: ../../CESM-LAND-MODELS/4/log_normalized/sz_1E-6/BUILDHEAT_1_192_288.dat.sz.out
  ✓ Compression and decompression successful (ratio: 7.01x)

[12/176] Processing: COL_CTRUNC_1_192_288.dat
compression time = 0.012640
compressed data file: ../../CESM-LAND-MODELS/4/log_normalized/COL_CTRUNC_1_192_288.dat.sz
Min=0, Max=1, range=1
Max absolute error = 0.0000009999
Max relative error = 0.000001
Max pw relative error = 680.611816
PSNR = 128.381718, NRMSE= 3.8099045953966210418E-07
normError = 0.000090, normErr_norm = 0.000000
acEff=1.000000
compressionRatio=11.443709
decompression time = 0.005924 seconds.
decompressed data file: ../../CESM-LAND-MODELS/4/log_normalized/sz_1E-6/COL_CTRUNC_1_192_288.dat.sz.out
  ✓ Compression and decompression successful (ratio: 11.44x)

[13/176] Processing: COL_FIRE_CLOSS_1_192_288.dat
compression time = 0.013677
compressed data file: ../../CESM-LAND-MODELS/4/log_normalized/COL_FIRE_CLOSS_1_192_288.dat.sz
Min=0, Max=1, range=1
Max absolute error = 0.0000009989
Max relative error = 0.000001
Max pw relative error = 664.144603
PSNR = 130.444147, NRMSE= 3.0046415620012828235E-07
normError = 0.000071, normErr_norm = 0.000000
acEff=1.000000
compressionRatio=16.573056
decompression time = 0.006753 seconds.
decompressed data file: ../../CESM-LAND-MODELS/4/log_normalized/sz_1E-6/COL_FIRE_CLOSS_1_192_288.dat.sz.out
  ✓ Compression and decompression successful (ratio: 16.57x)

[14/176] Processing: COL_FIRE_NLOSS_1_192_288.dat
compression time = 0.009308
compressed data file: ../../CESM-LAND-MODELS/4/log_normalized/COL_FIRE_NLOSS_1_192_288.dat.sz
Min=0, Max=1, range=1
Max absolute error = 0.0000009970
Max relative error = 0.000001
Max pw relative error = 1.000000
PSNR = 133.550155, NRMSE= 2.1013202619789114965E-07
normError = 0.000049, normErr_norm = 0.000000
acEff=1.000000
compressionRatio=17.921245
decompression time = 0.005436 seconds.
decompressed data file: ../../CESM-LAND-MODELS/4/log_normalized/sz_1E-6/COL_FIRE_NLOSS_1_192_288.dat.sz.out
  ✓ Compression and decompression successful (ratio: 17.92x)

[15/176] Processing: COL_NTRUNC_1_192_288.dat
compression time = 0.011323
compressed data file: ../../CESM-LAND-MODELS/4/log_normalized/COL_NTRUNC_1_192_288.dat.sz
Min=0, Max=1, range=1
Max absolute error = 0.0000009997
Max relative error = 0.000001
Max pw relative error = 695.144286
PSNR = 129.515170, NRMSE= 3.3438091719034000119E-07
normError = 0.000079, normErr_norm = 0.000000
acEff=1.000000
compressionRatio=10.244743
decompression time = 0.006065 seconds.
decompressed data file: ../../CESM-LAND-MODELS/4/log_normalized/sz_1E-6/COL_NTRUNC_1_192_288.dat.sz.out
  ✓ Compression and decompression successful (ratio: 10.24x)

[16/176] Processing: CPOOL_1_192_288.dat
compression time = 0.009620
compressed data file: ../../CESM-LAND-MODELS/4/log_normalized/CPOOL_1_192_288.dat.sz
Min=0, Max=1, range=1
Max absolute error = 0.0000009970
Max relative error = 0.000001
Max pw relative error = 0.000001
PSNR = 133.550156, NRMSE= 2.1013200617391554483E-07
normError = 0.000049, normErr_norm = 0.000000
acEff=1.000000
compressionRatio=17.989752
decompression time = 0.006306 seconds.
decompressed data file: ../../CESM-LAND-MODELS/4/log_normalized/sz_1E-6/CPOOL_1_192_288.dat.sz.out
  ✓ Compression and decompression successful (ratio: 17.98x)

[17/176] Processing: CWDC_1_192_288.dat
compression time = 0.015791
compressed data file: ../../CESM-LAND-MODELS/4/log_normalized/CWDC_1_192_288.dat.sz
Min=0, Max=1, range=1
Max absolute error = 0.0000000000
Max relative error = 0.000000
Max pw relative error = 0.000000
PSNR = inf, NRMSE= 0
normError = 0.000000, normErr_norm = 0.000000
acEff=1.000000
compressionRatio=5.199558
decompression time = 0.000748 seconds.
decompressed data file: ../../CESM-LAND-MODELS/4/log_normalized/sz_1E-6/CWDC_1_192_288.dat.sz.out
  ✓ Compression and decompression successful (ratio: 5.19x)

[18/176] Processing: CWDC_HR_1_192_288.dat
compression time = 0.009747
compressed data file: ../../CESM-LAND-MODELS/4/log_normalized/CWDC_HR_1_192_288.dat.sz
Min=0, Max=1, range=1
Max absolute error = 0.0000009970
Max relative error = 0.000001
Max pw relative error = 0.000001
PSNR = 133.550156, NRMSE= 2.1013200617391554483E-07
normError = 0.000049, normErr_norm = 0.000000
acEff=1.000000
compressionRatio=17.989752
decompression time = 0.005737 seconds.
decompressed data file: ../../CESM-LAND-MODELS/4/log_normalized/sz_1E-6/CWDC_HR_1_192_288.dat.sz.out
  ✓ Compression and decompression successful (ratio: 17.98x)

[19/176] Processing: CWDC_LOSS_1_192_288.dat
compression time = 0.011699
compressed data file: ../../CESM-LAND-MODELS/4/log_normalized/CWDC_LOSS_1_192_288.dat.sz
Min=0, Max=1, range=1
Max absolute error = 0.0000009997
Max relative error = 0.000001
Max pw relative error = 684.867871
PSNR = 128.677418, NRMSE= 3.6823840762386841821E-07
normError = 0.000087, normErr_norm = 0.000000
acEff=1.000000
compressionRatio=13.633976
decompression time = 0.005641 seconds.
decompressed data file: ../../CESM-LAND-MODELS/4/log_normalized/sz_1E-6/CWDC_LOSS_1_192_288.dat.sz.out
  ✓ Compression and decompression successful (ratio: 13.63x)

[20/176] Processing: CWDN_1_192_288.dat
compression time = 0.015050
compressed data file: ../../CESM-LAND-MODELS/4/log_normalized/CWDN_1_192_288.dat.sz
Min=0, Max=1, range=1
Max absolute error = 0.0000009998
Max relative error = 0.000001
Max pw relative error = 332.572272
PSNR = 127.316502, NRMSE= 4.3070002925041069081E-07
normError = 0.000101, normErr_norm = 0.000001
acEff=1.000000
compressionRatio=2.463238
decompression time = 0.007844 seconds.
decompressed data file: ../../CESM-LAND-MODELS/4/log_normalized/sz_1E-6/CWDN_1_192_288.dat.sz.out
  ✓ Compression and decompression successful (ratio: 2.46x)

[21/176] Processing: DEADCROOTC_1_192_288.dat
compression time = 0.015152
compressed data file: ../../CESM-LAND-MODELS/4/log_normalized/DEADCROOTC_1_192_288.dat.sz
Min=0, Max=1, range=1
Max absolute error = 0.0000000000
Max relative error = 0.000000
Max pw relative error = 0.000000
PSNR = inf, NRMSE= 0
normError = 0.000000, normErr_norm = 0.000000
acEff=1.000000
compressionRatio=5.227330
decompression time = 0.000813 seconds.
decompressed data file: ../../CESM-LAND-MODELS/4/log_normalized/sz_1E-6/DEADCROOTC_1_192_288.dat.sz.out
  ✓ Compression and decompression successful (ratio: 5.22x)

[22/176] Processing: DEADCROOTN_1_192_288.dat
compression time = 0.014113
compressed data file: ../../CESM-LAND-MODELS/4/log_normalized/DEADCROOTN_1_192_288.dat.sz
Min=0, Max=1, range=1
Max absolute error = 0.0000009998
Max relative error = 0.000001
Max pw relative error = 498.358418
PSNR = 127.331125, NRMSE= 4.299755239118411339E-07
normError = 0.000101, normErr_norm = 0.000001
acEff=1.000000
compressionRatio=2.349223
decompression time = 0.007250 seconds.
decompressed data file: ../../CESM-LAND-MODELS/4/log_normalized/sz_1E-6/DEADCROOTN_1_192_288.dat.sz.out
  ✓ Compression and decompression successful (ratio: 2.34x)

[23/176] Processing: DEADSTEMC_1_192_288.dat
compression time = 0.015998
compressed data file: ../../CESM-LAND-MODELS/4/log_normalized/DEADSTEMC_1_192_288.dat.sz
Min=0, Max=1, range=1
Max absolute error = 0.0000000000
Max relative error = 0.000000
Max pw relative error = 0.000000
PSNR = inf, NRMSE= 0
normError = 0.000000, normErr_norm = 0.000000
acEff=1.000000
compressionRatio=5.241079
decompression time = 0.000778 seconds.
decompressed data file: ../../CESM-LAND-MODELS/4/log_normalized/sz_1E-6/DEADSTEMC_1_192_288.dat.sz.out
  ✓ Compression and decompression successful (ratio: 5.24x)

[24/176] Processing: DEADSTEMN_1_192_288.dat
compression time = 0.015134
compressed data file: ../../CESM-LAND-MODELS/4/log_normalized/DEADSTEMN_1_192_288.dat.sz
Min=0, Max=1, range=1
Max absolute error = 0.0000009997
Max relative error = 0.000001
Max pw relative error = 366.530909
PSNR = 127.387549, NRMSE= 4.2719142872069723637E-07
normError = 0.000100, normErr_norm = 0.000001
acEff=1.000000
compressionRatio=2.072039
decompression time = 0.008418 seconds.
decompressed data file: ../../CESM-LAND-MODELS/4/log_normalized/sz_1E-6/DEADSTEMN_1_192_288.dat.sz.out
  ✓ Compression and decompression successful (ratio: 2.07x)

[25/176] Processing: DENIT_1_192_288.dat
compression time = 0.010987
compressed data file: ../../CESM-LAND-MODELS/4/log_normalized/DENIT_1_192_288.dat.sz
Min=0, Max=1, range=1
Max absolute error = 0.0000009984
Max relative error = 0.000001
Max pw relative error = 694.258102
PSNR = 133.550129, NRMSE= 2.1013265371470178888E-07
normError = 0.000049, normErr_norm = 0.000000
acEff=1.000000
compressionRatio=17.670688
decompression time = 0.005962 seconds.
decompressed data file: ../../CESM-LAND-MODELS/4/log_normalized/sz_1E-6/DENIT_1_192_288.dat.sz.out
  ✓ Compression and decompression successful (ratio: 17.67x)

[26/176] Processing: DISPVEGC_1_192_288.dat
compression time = 0.014139
compressed data file: ../../CESM-LAND-MODELS/4/log_normalized/DISPVEGC_1_192_288.dat.sz
Min=0, Max=1, range=1
Max absolute error = 0.0000000000
Max relative error = 0.000000
Max pw relative error = 0.000000
PSNR = inf, NRMSE= 0
normError = 0.000000, normErr_norm = 0.000000
acEff=1.000000
compressionRatio=4.811695
decompression time = 0.000811 seconds.
decompressed data file: ../../CESM-LAND-MODELS/4/log_normalized/sz_1E-6/DISPVEGC_1_192_288.dat.sz.out
  ✓ Compression and decompression successful (ratio: 4.81x)

[27/176] Processing: DISPVEGN_1_192_288.dat
compression time = 0.016114
compressed data file: ../../CESM-LAND-MODELS/4/log_normalized/DISPVEGN_1_192_288.dat.sz
Min=0, Max=1, range=1
Max absolute error = 0.0000009993
Max relative error = 0.000001
Max pw relative error = 236.403394
PSNR = 127.273110, NRMSE= 4.3285705840056780476E-07
normError = 0.000102, normErr_norm = 0.000001
acEff=1.000000
compressionRatio=1.910514
decompression time = 0.008229 seconds.
decompressed data file: ../../CESM-LAND-MODELS/4/log_normalized/sz_1E-6/DISPVEGN_1_192_288.dat.sz.out
  ✓ Compression and decompression successful (ratio: 1.91x)

[28/176] Processing: DSTDEP_1_192_288.dat
compression time = 0.011149
compressed data file: ../../CESM-LAND-MODELS/4/log_normalized/DSTDEP_1_192_288.dat.sz
Min=0, Max=1, range=1
Max absolute error = 0.0000009970
Max relative error = 0.000001
Max pw relative error = 0.000001
PSNR = 133.550156, NRMSE= 2.1013200617391554483E-07
normError = 0.000049, normErr_norm = 0.000000
acEff=1.000000
compressionRatio=17.989752
decompression time = 0.006333 seconds.
decompressed data file: ../../CESM-LAND-MODELS/4/log_normalized/sz_1E-6/DSTDEP_1_192_288.dat.sz.out
  ✓ Compression and decompression successful (ratio: 17.98x)

[29/176] Processing: DSTFLXT_1_192_288.dat
compression time = 0.010845
compressed data file: ../../CESM-LAND-MODELS/4/log_normalized/DSTFLXT_1_192_288.dat.sz
Min=0, Max=1, range=1
Max absolute error = 0.0000009970
Max relative error = 0.000001
Max pw relative error = 664.144603
PSNR = 133.532807, NRMSE= 2.1055213444703651529E-07
normError = 0.000050, normErr_norm = 0.000000
acEff=1.000000
compressionRatio=17.817303
decompression time = 0.005888 seconds.
decompressed data file: ../../CESM-LAND-MODELS/4/log_normalized/sz_1E-6/DSTFLXT_1_192_288.dat.sz.out
  ✓ Compression and decompression successful (ratio: 17.81x)

[30/176] Processing: DWT_CLOSS_1_192_288.dat
compression time = 0.012198
compressed data file: ../../CESM-LAND-MODELS/4/log_normalized/DWT_CLOSS_1_192_288.dat.sz
Min=0, Max=1, range=1
Max absolute error = 0.0000009970
Max relative error = 0.000001
Max pw relative error = 0.000001
PSNR = 133.550156, NRMSE= 2.1013200617391554483E-07
normError = 0.000049, normErr_norm = 0.000000
acEff=1.000000
compressionRatio=17.989752
decompression time = 0.006240 seconds.
decompressed data file: ../../CESM-LAND-MODELS/4/log_normalized/sz_1E-6/DWT_CLOSS_1_192_288.dat.sz.out
  ✓ Compression and decompression successful (ratio: 17.98x)

[31/176] Processing: DWT_CONV_CFLUX_1_192_288.dat
compression time = 0.011699
compressed data file: ../../CESM-LAND-MODELS/4/log_normalized/DWT_CONV_CFLUX_1_192_288.dat.sz
Min=0, Max=1, range=1
Max absolute error = 0.0000009970
Max relative error = 0.000001
Max pw relative error = 0.000001
PSNR = 133.550156, NRMSE= 2.1013200617391554483E-07
normError = 0.000049, normErr_norm = 0.000000
acEff=1.000000
compressionRatio=17.989752
decompression time = 0.006510 seconds.
decompressed data file: ../../CESM-LAND-MODELS/4/log_normalized/sz_1E-6/DWT_CONV_CFLUX_1_192_288.dat.sz.out
  ✓ Compression and decompression successful (ratio: 17.98x)

[32/176] Processing: DWT_CONV_NFLUX_1_192_288.dat
compression time = 0.010758
compressed data file: ../../CESM-LAND-MODELS/4/log_normalized/DWT_CONV_NFLUX_1_192_288.dat.sz
Min=0, Max=1, range=1
Max absolute error = 0.0000009970
Max relative error = 0.000001
Max pw relative error = 0.000001
PSNR = 133.550156, NRMSE= 2.1013200617391554483E-07
normError = 0.000049, normErr_norm = 0.000000
acEff=1.000000
compressionRatio=17.989752
decompression time = 0.005795 seconds.
decompressed data file: ../../CESM-LAND-MODELS/4/log_normalized/sz_1E-6/DWT_CONV_NFLUX_1_192_288.dat.sz.out
  ✓ Compression and decompression successful (ratio: 17.98x)

[33/176] Processing: DWT_NLOSS_1_192_288.dat
compression time = 0.013233
compressed data file: ../../CESM-LAND-MODELS/4/log_normalized/DWT_NLOSS_1_192_288.dat.sz
Min=0, Max=1, range=1
Max absolute error = 0.0000009970
Max relative error = 0.000001
Max pw relative error = 0.000001
PSNR = 133.550156, NRMSE= 2.1013200617391554483E-07
normError = 0.000049, normErr_norm = 0.000000
acEff=1.000000
compressionRatio=17.989752
decompression time = 0.006972 seconds.
decompressed data file: ../../CESM-LAND-MODELS/4/log_normalized/sz_1E-6/DWT_NLOSS_1_192_288.dat.sz.out
  ✓ Compression and decompression successful (ratio: 17.98x)

[34/176] Processing: DWT_PROD100C_GAIN_1_192_288.dat
compression time = 0.011694
compressed data file: ../../CESM-LAND-MODELS/4/log_normalized/DWT_PROD100C_GAIN_1_192_288.dat.sz
Min=0, Max=1, range=1
Max absolute error = 0.0000009970
Max relative error = 0.000001
Max pw relative error = 0.000001
PSNR = 133.550156, NRMSE= 2.1013200617391554483E-07
normError = 0.000049, normErr_norm = 0.000000
acEff=1.000000
compressionRatio=17.989752
decompression time = 0.005633 seconds.
decompressed data file: ../../CESM-LAND-MODELS/4/log_normalized/sz_1E-6/DWT_PROD100C_GAIN_1_192_288.dat.sz.out
  ✓ Compression and decompression successful (ratio: 17.98x)

[35/176] Processing: DWT_PROD100N_GAIN_1_192_288.dat
compression time = 0.012143
compressed data file: ../../CESM-LAND-MODELS/4/log_normalized/DWT_PROD100N_GAIN_1_192_288.dat.sz
Min=0, Max=1, range=1
Max absolute error = 0.0000009970
Max relative error = 0.000001
Max pw relative error = 0.000001
PSNR = 133.550156, NRMSE= 2.1013200617391554483E-07
normError = 0.000049, normErr_norm = 0.000000
acEff=1.000000
compressionRatio=17.989752
decompression time = 0.005763 seconds.
decompressed data file: ../../CESM-LAND-MODELS/4/log_normalized/sz_1E-6/DWT_PROD100N_GAIN_1_192_288.dat.sz.out
  ✓ Compression and decompression successful (ratio: 17.98x)

[36/176] Processing: DWT_PROD10C_GAIN_1_192_288.dat
compression time = 0.012210
compressed data file: ../../CESM-LAND-MODELS/4/log_normalized/DWT_PROD10C_GAIN_1_192_288.dat.sz
Min=0, Max=1, range=1
Max absolute error = 0.0000009970
Max relative error = 0.000001
Max pw relative error = 0.000001
PSNR = 133.550156, NRMSE= 2.1013200617391554483E-07
normError = 0.000049, normErr_norm = 0.000000
acEff=1.000000
compressionRatio=17.989752
decompression time = 0.005008 seconds.
decompressed data file: ../../CESM-LAND-MODELS/4/log_normalized/sz_1E-6/DWT_PROD10C_GAIN_1_192_288.dat.sz.out
  ✓ Compression and decompression successful (ratio: 17.98x)

[37/176] Processing: DWT_PROD10N_GAIN_1_192_288.dat
compression time = 0.011902
compressed data file: ../../CESM-LAND-MODELS/4/log_normalized/DWT_PROD10N_GAIN_1_192_288.dat.sz
Min=0, Max=1, range=1
Max absolute error = 0.0000009970
Max relative error = 0.000001
Max pw relative error = 0.000001
PSNR = 133.550156, NRMSE= 2.1013200617391554483E-07
normError = 0.000049, normErr_norm = 0.000000
acEff=1.000000
compressionRatio=17.989752
decompression time = 0.005441 seconds.
decompressed data file: ../../CESM-LAND-MODELS/4/log_normalized/sz_1E-6/DWT_PROD10N_GAIN_1_192_288.dat.sz.out
  ✓ Compression and decompression successful (ratio: 17.98x)

[38/176] Processing: DWT_SEEDC_TO_DEADSTEM_1_192_288.dat
compression time = 0.009638
compressed data file: ../../CESM-LAND-MODELS/4/log_normalized/DWT_SEEDC_TO_DEADSTEM_1_192_288.dat.sz
Min=0, Max=1, range=1
Max absolute error = 0.0000009970
Max relative error = 0.000001
Max pw relative error = 0.000001
PSNR = 133.550156, NRMSE= 2.1013200617391554483E-07
normError = 0.000049, normErr_norm = 0.000000
acEff=1.000000
compressionRatio=17.989752
decompression time = 0.005560 seconds.
decompressed data file: ../../CESM-LAND-MODELS/4/log_normalized/sz_1E-6/DWT_SEEDC_TO_DEADSTEM_1_192_288.dat.sz.out
  ✓ Compression and decompression successful (ratio: 17.98x)

[39/176] Processing: DWT_SEEDC_TO_LEAF_1_192_288.dat
compression time = 0.012028
compressed data file: ../../CESM-LAND-MODELS/4/log_normalized/DWT_SEEDC_TO_LEAF_1_192_288.dat.sz
Min=0, Max=1, range=1
Max absolute error = 0.0000009970
Max relative error = 0.000001
Max pw relative error = 0.000001
PSNR = 133.550156, NRMSE= 2.1013200617391554483E-07
normError = 0.000049, normErr_norm = 0.000000
acEff=1.000000
compressionRatio=17.989752
decompression time = 0.005239 seconds.
decompressed data file: ../../CESM-LAND-MODELS/4/log_normalized/sz_1E-6/DWT_SEEDC_TO_LEAF_1_192_288.dat.sz.out
  ✓ Compression and decompression successful (ratio: 17.98x)

[40/176] Processing: DWT_SEEDN_TO_DEADSTEM_1_192_288.dat
compression time = 0.011483
compressed data file: ../../CESM-LAND-MODELS/4/log_normalized/DWT_SEEDN_TO_DEADSTEM_1_192_288.dat.sz
Min=0, Max=1, range=1
Max absolute error = 0.0000009970
Max relative error = 0.000001
Max pw relative error = 0.000001
PSNR = 133.550156, NRMSE= 2.1013200617391554483E-07
normError = 0.000049, normErr_norm = 0.000000
acEff=1.000000
compressionRatio=17.989752
decompression time = 0.005830 seconds.
decompressed data file: ../../CESM-LAND-MODELS/4/log_normalized/sz_1E-6/DWT_SEEDN_TO_DEADSTEM_1_192_288.dat.sz.out
  ✓ Compression and decompression successful (ratio: 17.98x)

[41/176] Processing: DWT_SEEDN_TO_LEAF_1_192_288.dat
compression time = 0.011936
compressed data file: ../../CESM-LAND-MODELS/4/log_normalized/DWT_SEEDN_TO_LEAF_1_192_288.dat.sz
Min=0, Max=1, range=1
Max absolute error = 0.0000009970
Max relative error = 0.000001
Max pw relative error = 0.000001
PSNR = 133.550156, NRMSE= 2.1013200617391554483E-07
normError = 0.000049, normErr_norm = 0.000000
acEff=1.000000
compressionRatio=17.989752
decompression time = 0.005835 seconds.
decompressed data file: ../../CESM-LAND-MODELS/4/log_normalized/sz_1E-6/DWT_SEEDN_TO_LEAF_1_192_288.dat.sz.out
  ✓ Compression and decompression successful (ratio: 17.98x)

[42/176] Processing: EFLX_DYNBAL_1_192_288.dat
compression time = 0.011022
compressed data file: ../../CESM-LAND-MODELS/4/log_normalized/EFLX_DYNBAL_1_192_288.dat.sz
Min=0, Max=1, range=1
Max absolute error = 0.0000009970
Max relative error = 0.000001
Max pw relative error = 0.000001
PSNR = 133.550156, NRMSE= 2.1013200617391554483E-07
normError = 0.000049, normErr_norm = 0.000000
acEff=1.000000
compressionRatio=17.989752
decompression time = 0.005652 seconds.
decompressed data file: ../../CESM-LAND-MODELS/4/log_normalized/sz_1E-6/EFLX_DYNBAL_1_192_288.dat.sz.out
  ✓ Compression and decompression successful (ratio: 17.98x)

[43/176] Processing: EFLX_LH_TOT_R_1_192_288.dat
compression time = 0.015423
compressed data file: ../../CESM-LAND-MODELS/4/log_normalized/EFLX_LH_TOT_R_1_192_288.dat.sz
Min=0, Max=1, range=1
Max absolute error = 0.0000009984
Max relative error = 0.000001
Max pw relative error = 0.000064
PSNR = 127.307865, NRMSE= 4.3112850515389291614E-07
normError = 0.000101, normErr_norm = 0.000001
acEff=1.000000
compressionRatio=2.387565
decompression time = 0.007768 seconds.
decompressed data file: ../../CESM-LAND-MODELS/4/log_normalized/sz_1E-6/EFLX_LH_TOT_R_1_192_288.dat.sz.out
  ✓ Compression and decompression successful (ratio: 2.38x)

[44/176] Processing: EFLX_LH_TOT_U_1_192_288.dat
compression time = 0.014261
compressed data file: ../../CESM-LAND-MODELS/4/log_normalized/EFLX_LH_TOT_U_1_192_288.dat.sz
Min=0, Max=1, range=1
Max absolute error = 0.0000009984
Max relative error = 0.000001
Max pw relative error = 0.001144
PSNR = 129.394508, NRMSE= 3.3905848443939010912E-07
normError = 0.000080, normErr_norm = 0.000000
acEff=1.000000
compressionRatio=2.336048
decompression time = 0.007067 seconds.
decompressed data file: ../../CESM-LAND-MODELS/4/log_normalized/sz_1E-6/EFLX_LH_TOT_U_1_192_288.dat.sz.out
  ✓ Compression and decompression successful (ratio: 2.33x)

[45/176] Processing: ELAI_1_192_288.dat
compression time = 0.014967
compressed data file: ../../CESM-LAND-MODELS/4/log_normalized/ELAI_1_192_288.dat.sz
Min=0, Max=1, range=1
Max absolute error = 0.0000009998
Max relative error = 0.000001
Max pw relative error = 40.180961
PSNR = 127.297088, NRMSE= 4.3166379500302887478E-07
normError = 0.000102, normErr_norm = 0.000001
acEff=1.000000
compressionRatio=2.234543
decompression time = 0.007675 seconds.
decompressed data file: ../../CESM-LAND-MODELS/4/log_normalized/sz_1E-6/ELAI_1_192_288.dat.sz.out
  ✓ Compression and decompression successful (ratio: 2.23x)

[46/176] Processing: ER_1_192_288.dat
compression time = 0.010832
compressed data file: ../../CESM-LAND-MODELS/4/log_normalized/ER_1_192_288.dat.sz
Min=0, Max=1, range=1
Max absolute error = 0.0000009997
Max relative error = 0.000001
Max pw relative error = 693.677220
PSNR = 127.848497, NRMSE= 4.0511203261277012211E-07
normError = 0.000095, normErr_norm = 0.000001
acEff=1.000000
compressionRatio=11.499038
decompression time = 0.006888 seconds.
decompressed data file: ../../CESM-LAND-MODELS/4/log_normalized/sz_1E-6/ER_1_192_288.dat.sz.out
  ✓ Compression and decompression successful (ratio: 11.49x)

[47/176] Processing: ERRH2O_1_192_288.dat
compression time = 0.011647
compressed data file: ../../CESM-LAND-MODELS/4/log_normalized/ERRH2O_1_192_288.dat.sz
Min=0, Max=1, range=1
Max absolute error = 0.0000009970
Max relative error = 0.000001
Max pw relative error = 0.000001
PSNR = 133.550156, NRMSE= 2.1013200617391554483E-07
normError = 0.000049, normErr_norm = 0.000000
acEff=1.000000
compressionRatio=17.989752
decompression time = 0.006579 seconds.
decompressed data file: ../../CESM-LAND-MODELS/4/log_normalized/sz_1E-6/ERRH2O_1_192_288.dat.sz.out
  ✓ Compression and decompression successful (ratio: 17.98x)

[48/176] Processing: ERRSEB_1_192_288.dat
compression time = 0.011799
compressed data file: ../../CESM-LAND-MODELS/4/log_normalized/ERRSEB_1_192_288.dat.sz
Min=0, Max=1, range=1
Max absolute error = 0.0000009970
Max relative error = 0.000001
Max pw relative error = 0.000001
PSNR = 133.550156, NRMSE= 2.1013200617391554483E-07
normError = 0.000049, normErr_norm = 0.000000
acEff=1.000000
compressionRatio=17.989752
decompression time = 0.008054 seconds.
decompressed data file: ../../CESM-LAND-MODELS/4/log_normalized/sz_1E-6/ERRSEB_1_192_288.dat.sz.out
  ✓ Compression and decompression successful (ratio: 17.98x)

[49/176] Processing: ERRSOI_1_192_288.dat
compression time = 0.011116
compressed data file: ../../CESM-LAND-MODELS/4/log_normalized/ERRSOI_1_192_288.dat.sz
Min=0, Max=1, range=1
Max absolute error = 0.0000009970
Max relative error = 0.000001
Max pw relative error = 0.000001
PSNR = 133.550156, NRMSE= 2.1013200617391554483E-07
normError = 0.000049, normErr_norm = 0.000000
acEff=1.000000
compressionRatio=17.989752
decompression time = 0.007387 seconds.
decompressed data file: ../../CESM-LAND-MODELS/4/log_normalized/sz_1E-6/ERRSOI_1_192_288.dat.sz.out
  ✓ Compression and decompression successful (ratio: 17.98x)

[50/176] Processing: ERRSOL_1_192_288.dat
compression time = 0.008718
compressed data file: ../../CESM-LAND-MODELS/4/log_normalized/ERRSOL_1_192_288.dat.sz
Min=0, Max=1, range=1
Max absolute error = 0.0000009970
Max relative error = 0.000001
Max pw relative error = 0.000001
PSNR = 133.550156, NRMSE= 2.1013200617391554483E-07
normError = 0.000049, normErr_norm = 0.000000
acEff=1.000000
compressionRatio=17.989752
decompression time = 0.006757 seconds.
decompressed data file: ../../CESM-LAND-MODELS/4/log_normalized/sz_1E-6/ERRSOL_1_192_288.dat.sz.out
  ✓ Compression and decompression successful (ratio: 17.98x)

[51/176] Processing: ESAI_1_192_288.dat
compression time = 0.013557
compressed data file: ../../CESM-LAND-MODELS/4/log_normalized/ESAI_1_192_288.dat.sz
Min=0, Max=1, range=1
Max absolute error = 0.0000009998
Max relative error = 0.000001
Max pw relative error = 59.134515
PSNR = 127.319150, NRMSE= 4.3056874607848520021E-07
normError = 0.000101, normErr_norm = 0.000001
acEff=1.000000
compressionRatio=2.495138
decompression time = 0.007832 seconds.
decompressed data file: ../../CESM-LAND-MODELS/4/log_normalized/sz_1E-6/ESAI_1_192_288.dat.sz.out
  ✓ Compression and decompression successful (ratio: 2.49x)

[52/176] Processing: FCEV_1_192_288.dat
compression time = 0.013334
compressed data file: ../../CESM-LAND-MODELS/4/log_normalized/FCEV_1_192_288.dat.sz
Min=0, Max=1, range=1
Max absolute error = 0.0000009984
Max relative error = 0.000001
Max pw relative error = 0.000449
PSNR = 127.346210, NRMSE= 4.2922943195852819856E-07
normError = 0.000101, normErr_norm = 0.000001
acEff=1.000000
compressionRatio=2.489689
decompression time = 0.008395 seconds.
decompressed data file: ../../CESM-LAND-MODELS/4/log_normalized/sz_1E-6/FCEV_1_192_288.dat.sz.out
  ✓ Compression and decompression successful (ratio: 2.48x)

[53/176] Processing: FCOV_1_192_288.dat
compression time = 0.013375
compressed data file: ../../CESM-LAND-MODELS/4/log_normalized/FCOV_1_192_288.dat.sz
Min=0, Max=1, range=1
Max absolute error = 0.0000009998
Max relative error = 0.000001
Max pw relative error = 123.339618
PSNR = 127.375901, NRMSE= 4.2776470571811255522E-07
normError = 0.000101, normErr_norm = 0.000000
acEff=1.000000
compressionRatio=3.093050
decompression time = 0.006903 seconds.
decompressed data file: ../../CESM-LAND-MODELS/4/log_normalized/sz_1E-6/FCOV_1_192_288.dat.sz.out
  ✓ Compression and decompression successful (ratio: 3.09x)

[54/176] Processing: FCTR_1_192_288.dat
compression time = 0.018848
compressed data file: ../../CESM-LAND-MODELS/4/log_normalized/FCTR_1_192_288.dat.sz
Min=0, Max=1, range=1
Max absolute error = 0.0000009998
Max relative error = 0.000001
Max pw relative error = 666.030175
PSNR = 127.266499, NRMSE= 4.3318663381751548212E-07
normError = 0.000102, normErr_norm = 0.000001
acEff=1.000000
compressionRatio=2.284911
decompression time = 0.008261 seconds.
decompressed data file: ../../CESM-LAND-MODELS/4/log_normalized/sz_1E-6/FCTR_1_192_288.dat.sz.out
  ✓ Compression and decompression successful (ratio: 2.28x)

[55/176] Processing: FGEV_1_192_288.dat
compression time = 0.016520
compressed data file: ../../CESM-LAND-MODELS/4/log_normalized/FGEV_1_192_288.dat.sz
Min=0, Max=1, range=1
Max absolute error = 0.0000009984
Max relative error = 0.000001
Max pw relative error = 0.000103
PSNR = 126.151769, NRMSE= 4.9250605457877611772E-07
normError = 0.000116, normErr_norm = 0.000001
acEff=1.000000
compressionRatio=1.933224
decompression time = 0.008536 seconds.
decompressed data file: ../../CESM-LAND-MODELS/4/log_normalized/sz_1E-6/FGEV_1_192_288.dat.sz.out
  ✓ Compression and decompression successful (ratio: 1.93x)

[56/176] Processing: FGR_1_192_288.dat
compression time = 0.013834
compressed data file: ../../CESM-LAND-MODELS/4/log_normalized/FGR_1_192_288.dat.sz
Min=0, Max=1, range=1
Max absolute error = 0.0000009984
Max relative error = 0.000001
Max pw relative error = 0.000041
PSNR = 126.064302, NRMSE= 4.9749063504181051622E-07
normError = 0.000117, normErr_norm = 0.000001
acEff=1.000000
compressionRatio=2.932736
decompression time = 0.007053 seconds.
decompressed data file: ../../CESM-LAND-MODELS/4/log_normalized/sz_1E-6/FGR_1_192_288.dat.sz.out
  ✓ Compression and decompression successful (ratio: 2.93x)

[57/176] Processing: FGR12_1_192_288.dat
compression time = 0.015089
compressed data file: ../../CESM-LAND-MODELS/4/log_normalized/FGR12_1_192_288.dat.sz
Min=0, Max=1, range=1
Max absolute error = 0.0000009984
Max relative error = 0.000001
Max pw relative error = 0.000043
PSNR = 126.041704, NRMSE= 4.9878660856829432181E-07
normError = 0.000117, normErr_norm = 0.000001
acEff=1.000000
compressionRatio=2.728343
decompression time = 0.007612 seconds.
decompressed data file: ../../CESM-LAND-MODELS/4/log_normalized/sz_1E-6/FGR12_1_192_288.dat.sz.out
  ✓ Compression and decompression successful (ratio: 2.72x)

[58/176] Processing: FGR_R_1_192_288.dat
compression time = 0.012272
compressed data file: ../../CESM-LAND-MODELS/4/log_normalized/FGR_R_1_192_288.dat.sz
Min=0, Max=1, range=1
Max absolute error = 0.0000009984
Max relative error = 0.000001
Max pw relative error = 0.000041
PSNR = 127.314565, NRMSE= 4.3079608622783588432E-07
normError = 0.000101, normErr_norm = 0.000001
acEff=1.000000
compressionRatio=3.149423
decompression time = 0.007734 seconds.
decompressed data file: ../../CESM-LAND-MODELS/4/log_normalized/sz_1E-6/FGR_R_1_192_288.dat.sz.out
  ✓ Compression and decompression successful (ratio: 3.14x)

[59/176] Processing: FGR_U_1_192_288.dat
compression time = 0.014594
compressed data file: ../../CESM-LAND-MODELS/4/log_normalized/FGR_U_1_192_288.dat.sz
Min=0, Max=1, range=1
Max absolute error = 0.0000009984
Max relative error = 0.000001
Max pw relative error = 0.000019
PSNR = 129.489100, NRMSE= 3.3538606936499133615E-07
normError = 0.000079, normErr_norm = 0.000000
acEff=1.000000
compressionRatio=2.866414
decompression time = 0.006926 seconds.
decompressed data file: ../../CESM-LAND-MODELS/4/log_normalized/sz_1E-6/FGR_U_1_192_288.dat.sz.out
  ✓ Compression and decompression successful (ratio: 2.86x)

[60/176] Processing: FIRA_1_192_288.dat
compression time = 0.013553
compressed data file: ../../CESM-LAND-MODELS/4/log_normalized/FIRA_1_192_288.dat.sz
Min=0, Max=1, range=1
Max absolute error = 0.0000009984
Max relative error = 0.000001
Max pw relative error = 0.000060
PSNR = 126.043600, NRMSE= 4.9867777482597659602E-07
normError = 0.000117, normErr_norm = 0.000001
acEff=1.000000
compressionRatio=2.250756
decompression time = 0.007495 seconds.
decompressed data file: ../../CESM-LAND-MODELS/4/log_normalized/sz_1E-6/FIRA_1_192_288.dat.sz.out
  ✓ Compression and decompression successful (ratio: 2.25x)

[61/176] Processing: FIRA_R_1_192_288.dat
compression time = 0.013847
compressed data file: ../../CESM-LAND-MODELS/4/log_normalized/FIRA_R_1_192_288.dat.sz
Min=0, Max=1, range=1
Max absolute error = 0.0000009984
Max relative error = 0.000001
Max pw relative error = 0.000062
PSNR = 127.350251, NRMSE= 4.2902978692565162275E-07
normError = 0.000101, normErr_norm = 0.000000
acEff=1.000000
compressionRatio=2.573942
decompression time = 0.007882 seconds.
decompressed data file: ../../CESM-LAND-MODELS/4/log_normalized/sz_1E-6/FIRA_R_1_192_288.dat.sz.out
  ✓ Compression and decompression successful (ratio: 2.57x)

[62/176] Processing: FIRA_U_1_192_288.dat
compression time = 0.014644
compressed data file: ../../CESM-LAND-MODELS/4/log_normalized/FIRA_U_1_192_288.dat.sz
Min=0, Max=1, range=1
Max absolute error = 0.0000009984
Max relative error = 0.000001
Max pw relative error = 0.000085
PSNR = 129.678241, NRMSE= 3.2816172599416712861E-07
normError = 0.000077, normErr_norm = 0.000000
acEff=1.000000
compressionRatio=2.445481
decompression time = 0.007838 seconds.
decompressed data file: ../../CESM-LAND-MODELS/4/log_normalized/sz_1E-6/FIRA_U_1_192_288.dat.sz.out
  ✓ Compression and decompression successful (ratio: 2.44x)

[63/176] Processing: FIRE_1_192_288.dat
compression time = 0.014702
compressed data file: ../../CESM-LAND-MODELS/4/log_normalized/FIRE_1_192_288.dat.sz
Min=0, Max=1, range=1
Max absolute error = 0.0000009984
Max relative error = 0.000001
Max pw relative error = 0.000910
PSNR = 126.065346, NRMSE= 4.9743083618974463451E-07
normError = 0.000117, normErr_norm = 0.000001
acEff=1.000000
compressionRatio=2.608794
decompression time = 0.008676 seconds.
decompressed data file: ../../CESM-LAND-MODELS/4/log_normalized/sz_1E-6/FIRE_1_192_288.dat.sz.out
  ✓ Compression and decompression successful (ratio: 2.60x)

[64/176] Processing: FIRESEASONL_1_192_288.dat
compression time = 0.015207
compressed data file: ../../CESM-LAND-MODELS/4/log_normalized/FIRESEASONL_1_192_288.dat.sz
Min=0, Max=1, range=1
Max absolute error = 0.0000000000
Max relative error = 0.000000
Max pw relative error = 0.000000
PSNR = inf, NRMSE= 0
normError = 0.000000, normErr_norm = 0.000000
acEff=1.000000
compressionRatio=5.741311
decompression time = 0.000904 seconds.
decompressed data file: ../../CESM-LAND-MODELS/4/log_normalized/sz_1E-6/FIRESEASONL_1_192_288.dat.sz.out
  ✓ Compression and decompression successful (ratio: 5.74x)

[65/176] Processing: FLDS_1_192_288.dat
compression time = 0.014052
compressed data file: ../../CESM-LAND-MODELS/4/log_normalized/FLDS_1_192_288.dat.sz
Min=0, Max=1, range=1
Max absolute error = 0.0000009984
Max relative error = 0.000001
Max pw relative error = 0.001191
PSNR = 126.151231, NRMSE= 4.9253654081317855981E-07
normError = 0.000116, normErr_norm = 0.000001
acEff=1.000000
compressionRatio=2.682904
decompression time = 0.007134 seconds.
decompressed data file: ../../CESM-LAND-MODELS/4/log_normalized/sz_1E-6/FLDS_1_192_288.dat.sz.out
  ✓ Compression and decompression successful (ratio: 2.68x)

[66/176] Processing: FLUXFM2A_1_192_288.dat
compression time = 0.011506
compressed data file: ../../CESM-LAND-MODELS/4/log_normalized/FLUXFM2A_1_192_288.dat.sz
Min=0, Max=1, range=1
Max absolute error = 0.0000009970
Max relative error = 0.000001
Max pw relative error = 0.000001
PSNR = 133.550156, NRMSE= 2.1013200617391554483E-07
normError = 0.000049, normErr_norm = 0.000000
acEff=1.000000
compressionRatio=17.989752
decompression time = 0.005765 seconds.
decompressed data file: ../../CESM-LAND-MODELS/4/log_normalized/sz_1E-6/FLUXFM2A_1_192_288.dat.sz.out
  ✓ Compression and decompression successful (ratio: 17.98x)

[67/176] Processing: FLUXFMLND_1_192_288.dat
compression time = 0.009777
compressed data file: ../../CESM-LAND-MODELS/4/log_normalized/FLUXFMLND_1_192_288.dat.sz
Min=0, Max=1, range=1
Max absolute error = 0.0000009970
Max relative error = 0.000001
Max pw relative error = 0.000001
PSNR = 133.550156, NRMSE= 2.1013200617391554483E-07
normError = 0.000049, normErr_norm = 0.000000
acEff=1.000000
compressionRatio=17.989752
decompression time = 0.006782 seconds.
decompressed data file: ../../CESM-LAND-MODELS/4/log_normalized/sz_1E-6/FLUXFMLND_1_192_288.dat.sz.out
  ✓ Compression and decompression successful (ratio: 17.98x)

[68/176] Processing: FPG_1_192_288.dat
compression time = 0.011377
compressed data file: ../../CESM-LAND-MODELS/4/log_normalized/FPG_1_192_288.dat.sz
Min=0, Max=1, range=1
Max absolute error = 0.0000009998
Max relative error = 0.000001
Max pw relative error = 0.009803
PSNR = 127.361854, NRMSE= 4.2845707306499218608E-07
normError = 0.000101, normErr_norm = 0.000000
acEff=1.000000
compressionRatio=4.399395
decompression time = 0.006917 seconds.
decompressed data file: ../../CESM-LAND-MODELS/4/log_normalized/sz_1E-6/FPG_1_192_288.dat.sz.out
  ✓ Compression and decompression successful (ratio: 4.39x)

[69/176] Processing: FPI_1_192_288.dat
compression time = 0.012207
compressed data file: ../../CESM-LAND-MODELS/4/log_normalized/FPI_1_192_288.dat.sz
Min=0, Max=1, range=1
Max absolute error = 0.0000009998
Max relative error = 0.000001
Max pw relative error = 0.032376
PSNR = 127.309584, NRMSE= 4.3104320393886397036E-07
normError = 0.000101, normErr_norm = 0.000001
acEff=1.000000
compressionRatio=3.049300
decompression time = 0.007073 seconds.
decompressed data file: ../../CESM-LAND-MODELS/4/log_normalized/sz_1E-6/FPI_1_192_288.dat.sz.out
  ✓ Compression and decompression successful (ratio: 3.04x)

[70/176] Processing: FPSN_1_192_288.dat
compression time = 0.011882
compressed data file: ../../CESM-LAND-MODELS/4/log_normalized/FPSN_1_192_288.dat.sz
Min=0, Max=1, range=1
Max absolute error = 0.0000009997
Max relative error = 0.000001
Max pw relative error = 660.209938
PSNR = 127.347347, NRMSE= 4.2917325874832505845E-07
normError = 0.000101, normErr_norm = 0.000001
acEff=1.000000
compressionRatio=2.471799
decompression time = 0.006945 seconds.
decompressed data file: ../../CESM-LAND-MODELS/4/log_normalized/sz_1E-6/FPSN_1_192_288.dat.sz.out
  ✓ Compression and decompression successful (ratio: 2.47x)

[71/176] Processing: FROOTC_1_192_288.dat
compression time = 0.015404
compressed data file: ../../CESM-LAND-MODELS/4/log_normalized/FROOTC_1_192_288.dat.sz
Min=0, Max=1, range=1
Max absolute error = 0.0000000000
Max relative error = 0.000000
Max pw relative error = 0.000000
PSNR = inf, NRMSE= 0
normError = 0.000000, normErr_norm = 0.000000
acEff=1.000000
compressionRatio=5.081069
decompression time = 0.000812 seconds.
decompressed data file: ../../CESM-LAND-MODELS/4/log_normalized/sz_1E-6/FROOTC_1_192_288.dat.sz.out
  ✓ Compression and decompression successful (ratio: 5.08x)

[72/176] Processing: FROOTC_ALLOC_1_192_288.dat
compression time = 0.011617
compressed data file: ../../CESM-LAND-MODELS/4/log_normalized/FROOTC_ALLOC_1_192_288.dat.sz
Min=0, Max=1, range=1
Max absolute error = 0.0000009998
Max relative error = 0.000001
Max pw relative error = 664.144603
PSNR = 128.184856, NRMSE= 3.8972402481843961367E-07
normError = 0.000092, normErr_norm = 0.000000
acEff=1.000000
compressionRatio=13.894340
decompression time = 0.005817 seconds.
decompressed data file: ../../CESM-LAND-MODELS/4/log_normalized/sz_1E-6/FROOTC_ALLOC_1_192_288.dat.sz.out
  ✓ Compression and decompression successful (ratio: 13.89x)

[73/176] Processing: FROOTC_LOSS_1_192_288.dat
compression time = 0.011371
compressed data file: ../../CESM-LAND-MODELS/4/log_normalized/FROOTC_LOSS_1_192_288.dat.sz
Min=0, Max=1, range=1
Max absolute error = 0.0000009997
Max relative error = 0.000001
Max pw relative error = 687.123885
PSNR = 128.720748, NRMSE= 3.6640601321628319238E-07
normError = 0.000086, normErr_norm = 0.000000
acEff=1.000000
compressionRatio=13.386431
decompression time = 0.005712 seconds.
decompressed data file: ../../CESM-LAND-MODELS/4/log_normalized/sz_1E-6/FROOTC_LOSS_1_192_288.dat.sz.out
  ✓ Compression and decompression successful (ratio: 13.38x)

[74/176] Processing: FROOTN_1_192_288.dat
compression time = 0.015633
compressed data file: ../../CESM-LAND-MODELS/4/log_normalized/FROOTN_1_192_288.dat.sz
Min=0, Max=1, range=1
Max absolute error = 0.0000009998
Max relative error = 0.000001
Max pw relative error = 192.912860
PSNR = 127.460657, NRMSE= 4.2361090254942083636E-07
normError = 0.000100, normErr_norm = 0.000001
acEff=1.000000
compressionRatio=2.152768
decompression time = 0.007695 seconds.
decompressed data file: ../../CESM-LAND-MODELS/4/log_normalized/sz_1E-6/FROOTN_1_192_288.dat.sz.out
  ✓ Compression and decompression successful (ratio: 2.15x)

[75/176] Processing: FSA_1_192_288.dat
compression time = 0.012710
compressed data file: ../../CESM-LAND-MODELS/4/log_normalized/FSA_1_192_288.dat.sz
Min=0, Max=1, range=1
Max absolute error = 0.0000009997
Max relative error = 0.000001
Max pw relative error = 10.321080
PSNR = 126.027188, NRMSE= 4.9962089988314032247E-07
normError = 0.000117, normErr_norm = 0.000001
acEff=1.000000
compressionRatio=2.536892
decompression time = 0.007227 seconds.
decompressed data file: ../../CESM-LAND-MODELS/4/log_normalized/sz_1E-6/FSA_1_192_288.dat.sz.out
  ✓ Compression and decompression successful (ratio: 2.53x)

[76/176] Processing: FSA_R_1_192_288.dat
compression time = 0.014130
compressed data file: ../../CESM-LAND-MODELS/4/log_normalized/FSA_R_1_192_288.dat.sz
Min=0, Max=1, range=1
Max absolute error = 0.0000009984
Max relative error = 0.000001
Max pw relative error = 18.294820
PSNR = 127.265327, NRMSE= 4.3324511353729083804E-07
normError = 0.000102, normErr_norm = 0.000001
acEff=1.000000
compressionRatio=2.975903
decompression time = 0.007016 seconds.
decompressed data file: ../../CESM-LAND-MODELS/4/log_normalized/sz_1E-6/FSA_R_1_192_288.dat.sz.out
  ✓ Compression and decompression successful (ratio: 2.97x)

[77/176] Processing: FSAT_1_192_288.dat
compression time = 0.013556
compressed data file: ../../CESM-LAND-MODELS/4/log_normalized/FSAT_1_192_288.dat.sz
Min=0, Max=1, range=1
Max absolute error = 0.0000009998
Max relative error = 0.000001
Max pw relative error = 40.446561
PSNR = 127.286573, NRMSE= 4.32186659011798386E-07
normError = 0.000102, normErr_norm = 0.000001
acEff=1.000000
compressionRatio=3.720254
decompression time = 0.006444 seconds.
decompressed data file: ../../CESM-LAND-MODELS/4/log_normalized/sz_1E-6/FSAT_1_192_288.dat.sz.out
  ✓ Compression and decompression successful (ratio: 3.72x)

[78/176] Processing: FSA_U_1_192_288.dat
compression time = 0.014307
compressed data file: ../../CESM-LAND-MODELS/4/log_normalized/FSA_U_1_192_288.dat.sz
Min=0, Max=1, range=1
Max absolute error = 0.0000009984
Max relative error = 0.000001
Max pw relative error = 0.003858
PSNR = 129.461614, NRMSE= 3.3644903686465787207E-07
normError = 0.000079, normErr_norm = 0.000000
acEff=1.000000
compressionRatio=2.582839
decompression time = 0.006950 seconds.
decompressed data file: ../../CESM-LAND-MODELS/4/log_normalized/sz_1E-6/FSA_U_1_192_288.dat.sz.out
  ✓ Compression and decompression successful (ratio: 2.58x)

[79/176] Processing: FSDS_1_192_288.dat
compression time = 0.013159
compressed data file: ../../CESM-LAND-MODELS/4/log_normalized/FSDS_1_192_288.dat.sz
Min=0, Max=1, range=1
Max absolute error = 0.0000009993
Max relative error = 0.000001
Max pw relative error = 4.404317
PSNR = 126.118175, NRMSE= 4.9441455943009374951E-07
normError = 0.000116, normErr_norm = 0.000001
acEff=1.000000
compressionRatio=2.893374
decompression time = 0.007277 seconds.
decompressed data file: ../../CESM-LAND-MODELS/4/log_normalized/sz_1E-6/FSDS_1_192_288.dat.sz.out
  ✓ Compression and decompression successful (ratio: 2.89x)

[80/176] Processing: FSDSND_1_192_288.dat
compression time = 0.012632
compressed data file: ../../CESM-LAND-MODELS/4/log_normalized/FSDSND_1_192_288.dat.sz
Min=0, Max=1, range=1
Max absolute error = 0.0000009993
Max relative error = 0.000001
Max pw relative error = 3.695417
PSNR = 126.185384, NRMSE= 4.9060366153769127864E-07
normError = 0.000115, normErr_norm = 0.000001
acEff=1.000000
compressionRatio=2.653645
decompression time = 0.007130 seconds.
decompressed data file: ../../CESM-LAND-MODELS/4/log_normalized/sz_1E-6/FSDSND_1_192_288.dat.sz.out
  ✓ Compression and decompression successful (ratio: 2.65x)

[81/176] Processing: FSDSNDLN_1_192_288.dat
compression time = 0.013033
compressed data file: ../../CESM-LAND-MODELS/4/log_normalized/FSDSNDLN_1_192_288.dat.sz
Min=0, Max=1, range=1
Max absolute error = 0.0000009984
Max relative error = 0.000001
Max pw relative error = 619.402861
PSNR = 126.147315, NRMSE= 4.9275864267743966358E-07
normError = 0.000116, normErr_norm = 0.000001
acEff=1.000000
compressionRatio=2.563887
decompression time = 0.008634 seconds.
decompressed data file: ../../CESM-LAND-MODELS/4/log_normalized/sz_1E-6/FSDSNDLN_1_192_288.dat.sz.out
  ✓ Compression and decompression successful (ratio: 2.56x)

[82/176] Processing: FSDSNI_1_192_288.dat
compression time = 0.014755
compressed data file: ../../CESM-LAND-MODELS/4/log_normalized/FSDSNI_1_192_288.dat.sz
Min=0, Max=1, range=1
Max absolute error = 0.0000009993
Max relative error = 0.000001
Max pw relative error = 5.919164
PSNR = 126.050056, NRMSE= 4.9830722761134615485E-07
normError = 0.000117, normErr_norm = 0.000001
acEff=1.000000
compressionRatio=2.538697
decompression time = 0.007942 seconds.
decompressed data file: ../../CESM-LAND-MODELS/4/log_normalized/sz_1E-6/FSDSNI_1_192_288.dat.sz.out
  ✓ Compression and decompression successful (ratio: 2.53x)

[83/176] Processing: FSDSVD_1_192_288.dat
compression time = 0.014469
compressed data file: ../../CESM-LAND-MODELS/4/log_normalized/FSDSVD_1_192_288.dat.sz
Min=0, Max=1, range=1
Max absolute error = 0.0000009998
Max relative error = 0.000001
Max pw relative error = 219.241936
PSNR = 126.033028, NRMSE= 4.9928508378389185268E-07
normError = 0.000117, normErr_norm = 0.000001
acEff=1.000000
compressionRatio=2.722533
decompression time = 0.007410 seconds.
decompressed data file: ../../CESM-LAND-MODELS/4/log_normalized/sz_1E-6/FSDSVD_1_192_288.dat.sz.out
  ✓ Compression and decompression successful (ratio: 2.72x)

[84/176] Processing: FSDSVDLN_1_192_288.dat
compression time = 0.013988
compressed data file: ../../CESM-LAND-MODELS/4/log_normalized/FSDSVDLN_1_192_288.dat.sz
Min=0, Max=1, range=1
Max absolute error = 0.0000009998
Max relative error = 0.000001
Max pw relative error = 72.701377
PSNR = 126.162942, NRMSE= 4.9187288852342116822E-07
normError = 0.000116, normErr_norm = 0.000001
acEff=1.000000
compressionRatio=2.583201
decompression time = 0.008501 seconds.
decompressed data file: ../../CESM-LAND-MODELS/4/log_normalized/sz_1E-6/FSDSVDLN_1_192_288.dat.sz.out
  ✓ Compression and decompression successful (ratio: 2.58x)

[85/176] Processing: FSDSVI_1_192_288.dat
compression time = 0.013598
compressed data file: ../../CESM-LAND-MODELS/4/log_normalized/FSDSVI_1_192_288.dat.sz
Min=0, Max=1, range=1
Max absolute error = 0.0000009993
Max relative error = 0.000001
Max pw relative error = 4.237969
PSNR = 126.073003, NRMSE= 4.9699251055565541809E-07
normError = 0.000117, normErr_norm = 0.000001
acEff=1.000000
compressionRatio=2.817702
decompression time = 0.007332 seconds.
decompressed data file: ../../CESM-LAND-MODELS/4/log_normalized/sz_1E-6/FSDSVI_1_192_288.dat.sz.out
  ✓ Compression and decompression successful (ratio: 2.81x)

[86/176] Processing: FSH_1_192_288.dat
compression time = 0.013174
compressed data file: ../../CESM-LAND-MODELS/4/log_normalized/FSH_1_192_288.dat.sz
Min=0, Max=1, range=1
Max absolute error = 0.0000009984
Max relative error = 0.000001
Max pw relative error = 0.000040
PSNR = 126.003503, NRMSE= 5.0098512261782294811E-07
normError = 0.000118, normErr_norm = 0.000001
acEff=1.000000
compressionRatio=2.541118
decompression time = 0.007434 seconds.
decompressed data file: ../../CESM-LAND-MODELS/4/log_normalized/sz_1E-6/FSH_1_192_288.dat.sz.out
  ✓ Compression and decompression successful (ratio: 2.54x)

[87/176] Processing: FSH_G_1_192_288.dat
compression time = 0.013280
compressed data file: ../../CESM-LAND-MODELS/4/log_normalized/FSH_G_1_192_288.dat.sz
Min=0, Max=1, range=1
Max absolute error = 0.0000009984
Max relative error = 0.000001
Max pw relative error = 0.000166
PSNR = 126.058793, NRMSE= 4.9780628089061463283E-07
normError = 0.000117, normErr_norm = 0.000001
acEff=1.000000
compressionRatio=2.560563
decompression time = 0.007201 seconds.
decompressed data file: ../../CESM-LAND-MODELS/4/log_normalized/sz_1E-6/FSH_G_1_192_288.dat.sz.out
  ✓ Compression and decompression successful (ratio: 2.56x)

[88/176] Processing: FSH_NODYNLNDUSE_1_192_288.dat
compression time = 0.013303
compressed data file: ../../CESM-LAND-MODELS/4/log_normalized/FSH_NODYNLNDUSE_1_192_288.dat.sz
Min=0, Max=1, range=1
Max absolute error = 0.0000009984
Max relative error = 0.000001
Max pw relative error = 0.000040
PSNR = 126.003503, NRMSE= 5.0098512261782294811E-07
normError = 0.000118, normErr_norm = 0.000001
acEff=1.000000
compressionRatio=2.541118
decompression time = 0.007703 seconds.
decompressed data file: ../../CESM-LAND-MODELS/4/log_normalized/sz_1E-6/FSH_NODYNLNDUSE_1_192_288.dat.sz.out
  ✓ Compression and decompression successful (ratio: 2.54x)

[89/176] Processing: FSH_R_1_192_288.dat
compression time = 0.012714
compressed data file: ../../CESM-LAND-MODELS/4/log_normalized/FSH_R_1_192_288.dat.sz
Min=0, Max=1, range=1
Max absolute error = 0.0000009984
Max relative error = 0.000001
Max pw relative error = 0.000044
PSNR = 127.367558, NRMSE= 4.2817577245782694823E-07
normError = 0.000101, normErr_norm = 0.000000
acEff=1.000000
compressionRatio=2.970348
decompression time = 0.007903 seconds.
decompressed data file: ../../CESM-LAND-MODELS/4/log_normalized/sz_1E-6/FSH_R_1_192_288.dat.sz.out
  ✓ Compression and decompression successful (ratio: 2.97x)

[90/176] Processing: FSH_U_1_192_288.dat
compression time = 0.014309
compressed data file: ../../CESM-LAND-MODELS/4/log_normalized/FSH_U_1_192_288.dat.sz
Min=0, Max=1, range=1
Max absolute error = 0.0000009984
Max relative error = 0.000001
Max pw relative error = 0.000033
PSNR = 129.522336, NRMSE= 3.341051768588794867E-07
normError = 0.000079, normErr_norm = 0.000000
acEff=1.000000
compressionRatio=2.509149
decompression time = 0.008254 seconds.
decompressed data file: ../../CESM-LAND-MODELS/4/log_normalized/sz_1E-6/FSH_U_1_192_288.dat.sz.out
  ✓ Compression and decompression successful (ratio: 2.50x)

[91/176] Processing: FSH_V_1_192_288.dat
compression time = 0.013653
compressed data file: ../../CESM-LAND-MODELS/4/log_normalized/FSH_V_1_192_288.dat.sz
Min=0, Max=1, range=1
Max absolute error = 0.0000009984
Max relative error = 0.000001
Max pw relative error = 0.000029
PSNR = 127.281767, NRMSE= 4.3242587325887897047E-07
normError = 0.000102, normErr_norm = 0.000001
acEff=1.000000
compressionRatio=2.904621
decompression time = 0.008072 seconds.
decompressed data file: ../../CESM-LAND-MODELS/4/log_normalized/sz_1E-6/FSH_V_1_192_288.dat.sz.out
  ✓ Compression and decompression successful (ratio: 2.90x)

[92/176] Processing: FSM_1_192_288.dat
compression time = 0.013992
compressed data file: ../../CESM-LAND-MODELS/4/log_normalized/FSM_1_192_288.dat.sz
Min=0, Max=1, range=1
Max absolute error = 0.0000009999
Max relative error = 0.000001
Max pw relative error = 675.783575
PSNR = 126.379491, NRMSE= 4.7976157603588243529E-07
normError = 0.000113, normErr_norm = 0.000001
acEff=1.000000
compressionRatio=2.512256
decompression time = 0.007329 seconds.
decompressed data file: ../../CESM-LAND-MODELS/4/log_normalized/sz_1E-6/FSM_1_192_288.dat.sz.out
  ✓ Compression and decompression successful (ratio: 2.51x)

[93/176] Processing: FSM_R_1_192_288.dat
compression time = 0.013556
compressed data file: ../../CESM-LAND-MODELS/4/log_normalized/FSM_R_1_192_288.dat.sz
Min=0, Max=1, range=1
Max absolute error = 0.0000009998
Max relative error = 0.000001
Max pw relative error = 694.708388
PSNR = 127.848147, NRMSE= 4.0512835021451699549E-07
normError = 0.000095, normErr_norm = 0.000000
acEff=1.000000
compressionRatio=3.435334
decompression time = 0.007147 seconds.
decompressed data file: ../../CESM-LAND-MODELS/4/log_normalized/sz_1E-6/FSM_R_1_192_288.dat.sz.out
  ✓ Compression and decompression successful (ratio: 3.43x)

[94/176] Processing: FSM_U_1_192_288.dat
compression time = 0.012959
compressed data file: ../../CESM-LAND-MODELS/4/log_normalized/FSM_U_1_192_288.dat.sz
Min=0, Max=1, range=1
Max absolute error = 0.0000009993
Max relative error = 0.000001
Max pw relative error = 662.144602
PSNR = 129.641492, NRMSE= 3.2955310264058270767E-07
normError = 0.000077, normErr_norm = 0.000000
acEff=1.000000
compressionRatio=3.734009
decompression time = 0.006461 seconds.
decompressed data file: ../../CESM-LAND-MODELS/4/log_normalized/sz_1E-6/FSM_U_1_192_288.dat.sz.out
  ✓ Compression and decompression successful (ratio: 3.73x)

[95/176] Processing: FSNO_1_192_288.dat
compression time = 0.014336
compressed data file: ../../CESM-LAND-MODELS/4/log_normalized/FSNO_1_192_288.dat.sz
Min=0, Max=1, range=1
Max absolute error = 0.0000009998
Max relative error = 0.000001
Max pw relative error = 664.144603
PSNR = 127.254469, NRMSE= 4.3378702019222937432E-07
normError = 0.000102, normErr_norm = 0.000001
acEff=1.000000
compressionRatio=4.930759
decompression time = 0.006891 seconds.
decompressed data file: ../../CESM-LAND-MODELS/4/log_normalized/sz_1E-6/FSNO_1_192_288.dat.sz.out
  ✓ Compression and decompression successful (ratio: 4.93x)

[96/176] Processing: FSR_1_192_288.dat
compression time = 0.015512
compressed data file: ../../CESM-LAND-MODELS/4/log_normalized/FSR_1_192_288.dat.sz
Min=0, Max=1, range=1
Max absolute error = 0.0000009999
Max relative error = 0.000001
Max pw relative error = 2.039206
PSNR = 125.966778, NRMSE= 5.0310787012993428424E-07
normError = 0.000118, normErr_norm = 0.000001
acEff=1.000000
compressionRatio=2.249657
decompression time = 0.009574 seconds.
decompressed data file: ../../CESM-LAND-MODELS/4/log_normalized/sz_1E-6/FSR_1_192_288.dat.sz.out
  ✓ Compression and decompression successful (ratio: 2.24x)

[97/176] Processing: FSRND_1_192_288.dat
compression time = 0.015211
compressed data file: ../../CESM-LAND-MODELS/4/log_normalized/FSRND_1_192_288.dat.sz
Min=0, Max=1, range=1
Max absolute error = 0.0000009999
Max relative error = 0.000001
Max pw relative error = 14.456131
PSNR = 126.137714, NRMSE= 4.9330362090602879795E-07
normError = 0.000116, normErr_norm = 0.000001
acEff=1.000000
compressionRatio=2.310860
decompression time = 0.007590 seconds.
decompressed data file: ../../CESM-LAND-MODELS/4/log_normalized/sz_1E-6/FSRND_1_192_288.dat.sz.out
  ✓ Compression and decompression successful (ratio: 2.31x)

[98/176] Processing: FSRNDLN_1_192_288.dat
compression time = 0.014509
compressed data file: ../../CESM-LAND-MODELS/4/log_normalized/FSRNDLN_1_192_288.dat.sz
Min=0, Max=1, range=1
Max absolute error = 0.0000009998
Max relative error = 0.000001
Max pw relative error = 3.486230
PSNR = 126.072894, NRMSE= 4.9699875209080933292E-07
normError = 0.000117, normErr_norm = 0.000001
acEff=1.000000
compressionRatio=2.195288
decompression time = 0.007943 seconds.
decompressed data file: ../../CESM-LAND-MODELS/4/log_normalized/sz_1E-6/FSRNDLN_1_192_288.dat.sz.out
  ✓ Compression and decompression successful (ratio: 2.19x)

[99/176] Processing: FSRNI_1_192_288.dat
compression time = 0.014321
compressed data file: ../../CESM-LAND-MODELS/4/log_normalized/FSRNI_1_192_288.dat.sz
Min=0, Max=1, range=1
Max absolute error = 0.0000009995
Max relative error = 0.000001
Max pw relative error = 2.262377
PSNR = 126.059936, NRMSE= 4.9774072622252163863E-07
normError = 0.000117, normErr_norm = 0.000001
acEff=1.000000
compressionRatio=2.320485
decompression time = 0.008244 seconds.
decompressed data file: ../../CESM-LAND-MODELS/4/log_normalized/sz_1E-6/FSRNI_1_192_288.dat.sz.out
  ✓ Compression and decompression successful (ratio: 2.32x)

[100/176] Processing: FSRVD_1_192_288.dat
compression time = 0.013656
compressed data file: ../../CESM-LAND-MODELS/4/log_normalized/FSRVD_1_192_288.dat.sz
Min=0, Max=1, range=1
Max absolute error = 0.0000009994
Max relative error = 0.000001
Max pw relative error = 286.916364
PSNR = 126.083057, NRMSE= 4.9641756193294600452E-07
normError = 0.000117, normErr_norm = 0.000001
acEff=1.000000
compressionRatio=2.183692
decompression time = 0.007630 seconds.
decompressed data file: ../../CESM-LAND-MODELS/4/log_normalized/sz_1E-6/FSRVD_1_192_288.dat.sz.out
  ✓ Compression and decompression successful (ratio: 2.18x)

[101/176] Processing: FSRVDLN_1_192_288.dat
compression time = 0.013988
compressed data file: ../../CESM-LAND-MODELS/4/log_normalized/FSRVDLN_1_192_288.dat.sz
Min=0, Max=1, range=1
Max absolute error = 0.0000009993
Max relative error = 0.000001
Max pw relative error = 125.339629
PSNR = 126.146723, NRMSE= 4.9279221653429578267E-07
normError = 0.000116, normErr_norm = 0.000001
acEff=1.000000
compressionRatio=2.041931
decompression time = 0.008163 seconds.
decompressed data file: ../../CESM-LAND-MODELS/4/log_normalized/sz_1E-6/FSRVDLN_1_192_288.dat.sz.out
  ✓ Compression and decompression successful (ratio: 2.04x)

[102/176] Processing: FSRVI_1_192_288.dat
compression time = 0.014546
compressed data file: ../../CESM-LAND-MODELS/4/log_normalized/FSRVI_1_192_288.dat.sz
Min=0, Max=1, range=1
Max absolute error = 0.0000009997
Max relative error = 0.000001
Max pw relative error = 2.693559
PSNR = 126.069516, NRMSE= 4.971920718395492149E-07
normError = 0.000117, normErr_norm = 0.000001
acEff=1.000000
compressionRatio=2.205730
decompression time = 0.008062 seconds.
decompressed data file: ../../CESM-LAND-MODELS/4/log_normalized/sz_1E-6/FSRVI_1_192_288.dat.sz.out
  ✓ Compression and decompression successful (ratio: 2.20x)

[103/176] Processing: GC_HEAT1_1_192_288.dat
compression time = 0.012907
compressed data file: ../../CESM-LAND-MODELS/4/log_normalized/GC_HEAT1_1_192_288.dat.sz
Min=0, Max=1, range=1
Max absolute error = 0.0000009984
Max relative error = 0.000001
Max pw relative error = 0.000012
PSNR = 125.994400, NRMSE= 5.0151047964628400726E-07
normError = 0.000118, normErr_norm = 0.000001
acEff=1.000000
compressionRatio=2.814010
decompression time = 0.007208 seconds.
decompressed data file: ../../CESM-LAND-MODELS/4/log_normalized/sz_1E-6/GC_HEAT1_1_192_288.dat.sz.out
  ✓ Compression and decompression successful (ratio: 2.81x)

[104/176] Processing: GC_HEAT2_1_192_288.dat
compression time = 0.011858
compressed data file: ../../CESM-LAND-MODELS/4/log_normalized/GC_HEAT2_1_192_288.dat.sz
Min=0, Max=1, range=1
Max absolute error = 0.0000009970
Max relative error = 0.000001
Max pw relative error = 0.000001
PSNR = 133.550156, NRMSE= 2.1013200617391554483E-07
normError = 0.000049, normErr_norm = 0.000000
acEff=1.000000
compressionRatio=17.989752
decompression time = 0.005740 seconds.
decompressed data file: ../../CESM-LAND-MODELS/4/log_normalized/sz_1E-6/GC_HEAT2_1_192_288.dat.sz.out
  ✓ Compression and decompression successful (ratio: 17.98x)

[105/176] Processing: GC_ICE1_1_192_288.dat
compression time = 0.013538
compressed data file: ../../CESM-LAND-MODELS/4/log_normalized/GC_ICE1_1_192_288.dat.sz
Min=0, Max=1, range=1
Max absolute error = 0.0000009998
Max relative error = 0.000001
Max pw relative error = 330.572316
PSNR = 126.832957, NRMSE= 4.5535711610374019114E-07
normError = 0.000107, normErr_norm = 0.000001
acEff=1.000000
compressionRatio=2.592466
decompression time = 0.006846 seconds.
decompressed data file: ../../CESM-LAND-MODELS/4/log_normalized/sz_1E-6/GC_ICE1_1_192_288.dat.sz.out
  ✓ Compression and decompression successful (ratio: 2.59x)

[106/176] Processing: GC_ICE2_1_192_288.dat
compression time = 0.013386
compressed data file: ../../CESM-LAND-MODELS/4/log_normalized/GC_ICE2_1_192_288.dat.sz
Min=0, Max=1, range=1
Max absolute error = 0.0000009970
Max relative error = 0.000001
Max pw relative error = 0.000001
PSNR = 133.550156, NRMSE= 2.1013200617391554483E-07
normError = 0.000049, normErr_norm = 0.000000
acEff=1.000000
compressionRatio=17.989752
decompression time = 0.005985 seconds.
decompressed data file: ../../CESM-LAND-MODELS/4/log_normalized/sz_1E-6/GC_ICE2_1_192_288.dat.sz.out
  ✓ Compression and decompression successful (ratio: 17.98x)

[107/176] Processing: GC_LIQ1_1_192_288.dat
compression time = 0.010198
compressed data file: ../../CESM-LAND-MODELS/4/log_normalized/GC_LIQ1_1_192_288.dat.sz
Min=0, Max=1, range=1
Max absolute error = 0.0000009984
Max relative error = 0.000001
Max pw relative error = 0.000006
PSNR = 126.750905, NRMSE= 4.5967907454439000759E-07
normError = 0.000108, normErr_norm = 0.000001
acEff=1.000000
compressionRatio=5.273191
decompression time = 0.006107 seconds.
decompressed data file: ../../CESM-LAND-MODELS/4/log_normalized/sz_1E-6/GC_LIQ1_1_192_288.dat.sz.out
  ✓ Compression and decompression successful (ratio: 5.27x)

[108/176] Processing: GC_LIQ2_1_192_288.dat
compression time = 0.011956
compressed data file: ../../CESM-LAND-MODELS/4/log_normalized/GC_LIQ2_1_192_288.dat.sz
Min=0, Max=1, range=1
Max absolute error = 0.0000009970
Max relative error = 0.000001
Max pw relative error = 0.000001
PSNR = 133.550156, NRMSE= 2.1013200617391554483E-07
normError = 0.000049, normErr_norm = 0.000000
acEff=1.000000
compressionRatio=17.989752
decompression time = 0.005829 seconds.
decompressed data file: ../../CESM-LAND-MODELS/4/log_normalized/sz_1E-6/GC_LIQ2_1_192_288.dat.sz.out
  ✓ Compression and decompression successful (ratio: 17.98x)

[109/176] Processing: GPP_1_192_288.dat
compression time = 0.011379
compressed data file: ../../CESM-LAND-MODELS/4/log_normalized/GPP_1_192_288.dat.sz
Min=0, Max=1, range=1
Max absolute error = 0.0000009995
Max relative error = 0.000001
Max pw relative error = 694.570519
PSNR = 127.691757, NRMSE= 4.1248876622964956466E-07
normError = 0.000097, normErr_norm = 0.000001
acEff=1.000000
compressionRatio=11.886500
decompression time = 0.005858 seconds.
decompressed data file: ../../CESM-LAND-MODELS/4/log_normalized/sz_1E-6/GPP_1_192_288.dat.sz.out
  ✓ Compression and decompression successful (ratio: 11.88x)

[110/176] Processing: GR_1_192_288.dat
compression time = 0.012781
compressed data file: ../../CESM-LAND-MODELS/4/log_normalized/GR_1_192_288.dat.sz
Min=0, Max=1, range=1
Max absolute error = 0.0000009998
Max relative error = 0.000001
Max pw relative error = 664.144603
PSNR = 128.308848, NRMSE= 3.84200198835839767E-07
normError = 0.000090, normErr_norm = 0.000000
acEff=1.000000
compressionRatio=13.946907
decompression time = 0.006334 seconds.
decompressed data file: ../../CESM-LAND-MODELS/4/log_normalized/sz_1E-6/GR_1_192_288.dat.sz.out
  ✓ Compression and decompression successful (ratio: 13.94x)

[111/176] Processing: GROSS_NMIN_1_192_288.dat
compression time = 0.009790
compressed data file: ../../CESM-LAND-MODELS/4/log_normalized/GROSS_NMIN_1_192_288.dat.sz
Min=0, Max=1, range=1
Max absolute error = 0.0000009955
Max relative error = 0.000001
Max pw relative error = 686.867912
PSNR = 131.422528, NRMSE= 2.6845629038471823373E-07
normError = 0.000063, normErr_norm = 0.000000
acEff=1.000000
compressionRatio=16.170785
decompression time = 0.005490 seconds.
decompressed data file: ../../CESM-LAND-MODELS/4/log_normalized/sz_1E-6/GROSS_NMIN_1_192_288.dat.sz.out
  ✓ Compression and decompression successful (ratio: 16.17x)

[112/176] Processing: H2OCAN_1_192_288.dat
compression time = 0.014349
compressed data file: ../../CESM-LAND-MODELS/4/log_normalized/H2OCAN_1_192_288.dat.sz
Min=0, Max=1, range=1
Max absolute error = 0.0000009998
Max relative error = 0.000001
Max pw relative error = 675.443173
PSNR = 127.372797, NRMSE= 4.2791761715109936959E-07
normError = 0.000101, normErr_norm = 0.000001
acEff=1.000000
compressionRatio=3.859633
decompression time = 0.007490 seconds.
decompressed data file: ../../CESM-LAND-MODELS/4/log_normalized/sz_1E-6/H2OCAN_1_192_288.dat.sz.out
  ✓ Compression and decompression successful (ratio: 3.85x)

[113/176] Processing: H2OSNO_1_192_288.dat
compression time = 0.015558
compressed data file: ../../CESM-LAND-MODELS/4/log_normalized/H2OSNO_1_192_288.dat.sz
Min=0, Max=1, range=1
Max absolute error = 0.0000009998
Max relative error = 0.000001
Max pw relative error = 650.544918
PSNR = 127.071578, NRMSE= 4.4301772556131916392E-07
normError = 0.000104, normErr_norm = 0.000001
acEff=1.000000
compressionRatio=2.617190
decompression time = 0.007273 seconds.
decompressed data file: ../../CESM-LAND-MODELS/4/log_normalized/sz_1E-6/H2OSNO_1_192_288.dat.sz.out
  ✓ Compression and decompression successful (ratio: 2.61x)

[114/176] Processing: H2OSNO_TOP_1_192_288.dat
compression time = 0.016167
compressed data file: ../../CESM-LAND-MODELS/4/log_normalized/H2OSNO_TOP_1_192_288.dat.sz
Min=0, Max=1, range=1
Max absolute error = 0.0000009993
Max relative error = 0.000001
Max pw relative error = 24.836776
PSNR = 126.816631, NRMSE= 4.5621380735594402265E-07
normError = 0.000107, normErr_norm = 0.000001
acEff=1.000000
compressionRatio=2.844957
decompression time = 0.008246 seconds.
decompressed data file: ../../CESM-LAND-MODELS/4/log_normalized/sz_1E-6/H2OSNO_TOP_1_192_288.dat.sz.out
  ✓ Compression and decompression successful (ratio: 2.84x)

[115/176] Processing: HC_1_192_288.dat
compression time = 0.016393
compressed data file: ../../CESM-LAND-MODELS/4/log_normalized/HC_1_192_288.dat.sz
Min=0, Max=1, range=1
Max absolute error = 0.0000009984
Max relative error = 0.000001
Max pw relative error = 0.000033
PSNR = 126.105507, NRMSE= 4.951361574143949954E-07
normError = 0.000116, normErr_norm = 0.000001
acEff=1.000000
compressionRatio=1.814977
decompression time = 0.008300 seconds.
decompressed data file: ../../CESM-LAND-MODELS/4/log_normalized/sz_1E-6/HC_1_192_288.dat.sz.out
  ✓ Compression and decompression successful (ratio: 1.81x)

[116/176] Processing: HCSOI_1_192_288.dat
compression time = 0.013825
compressed data file: ../../CESM-LAND-MODELS/4/log_normalized/HCSOI_1_192_288.dat.sz
Min=0, Max=1, range=1
Max absolute error = 0.0000009984
Max relative error = 0.000001
Max pw relative error = 0.000020
PSNR = 126.050497, NRMSE= 4.9828195845851062852E-07
normError = 0.000117, normErr_norm = 0.000001
acEff=1.000000
compressionRatio=1.942460
decompression time = 0.007488 seconds.
decompressed data file: ../../CESM-LAND-MODELS/4/log_normalized/sz_1E-6/HCSOI_1_192_288.dat.sz.out
  ✓ Compression and decompression successful (ratio: 1.94x)

[117/176] Processing: HEAT_FROM_AC_1_192_288.dat
compression time = 0.011946
compressed data file: ../../CESM-LAND-MODELS/4/log_normalized/HEAT_FROM_AC_1_192_288.dat.sz
Min=0, Max=1, range=1
Max absolute error = 0.0000009970
Max relative error = 0.000001
Max pw relative error = 5.562951
PSNR = 130.421459, NRMSE= 3.0124998349978402708E-07
normError = 0.000071, normErr_norm = 0.000000
acEff=1.000000
compressionRatio=15.089644
decompression time = 0.006898 seconds.
decompressed data file: ../../CESM-LAND-MODELS/4/log_normalized/sz_1E-6/HEAT_FROM_AC_1_192_288.dat.sz.out
  ✓ Compression and decompression successful (ratio: 15.08x)

[118/176] Processing: HR_1_192_288.dat
compression time = 0.011589
compressed data file: ../../CESM-LAND-MODELS/4/log_normalized/HR_1_192_288.dat.sz
Min=0, Max=1, range=1
Max absolute error = 0.0000009997
Max relative error = 0.000001
Max pw relative error = 664.144603
PSNR = 128.393101, NRMSE= 3.8049150908078069411E-07
normError = 0.000089, normErr_norm = 0.000000
acEff=1.000000
compressionRatio=12.353887
decompression time = 0.005627 seconds.
decompressed data file: ../../CESM-LAND-MODELS/4/log_normalized/sz_1E-6/HR_1_192_288.dat.sz.out
  ✓ Compression and decompression successful (ratio: 12.35x)

[119/176] Processing: HTOP_1_192_288.dat
compression time = 0.015053
compressed data file: ../../CESM-LAND-MODELS/4/log_normalized/HTOP_1_192_288.dat.sz
Min=0, Max=1, range=1
Max absolute error = 0.0000009998
Max relative error = 0.000001
Max pw relative error = 488.915063
PSNR = 127.266691, NRMSE= 4.3317707078290628392E-07
normError = 0.000102, normErr_norm = 0.000001
acEff=1.000000
compressionRatio=1.992810
decompression time = 0.008816 seconds.
decompressed data file: ../../CESM-LAND-MODELS/4/log_normalized/sz_1E-6/HTOP_1_192_288.dat.sz.out
  ✓ Compression and decompression successful (ratio: 1.99x)

[120/176] Processing: LAISHA_1_192_288.dat
compression time = 0.013702
compressed data file: ../../CESM-LAND-MODELS/4/log_normalized/LAISHA_1_192_288.dat.sz
Min=0, Max=1, range=1
Max absolute error = 0.0000009998
Max relative error = 0.000001
Max pw relative error = 474.235238
PSNR = 127.357333, NRMSE= 4.2868011312802064976E-07
normError = 0.000101, normErr_norm = 0.000001
acEff=1.000000
compressionRatio=2.216139
decompression time = 0.007501 seconds.
decompressed data file: ../../CESM-LAND-MODELS/4/log_normalized/sz_1E-6/LAISHA_1_192_288.dat.sz.out
  ✓ Compression and decompression successful (ratio: 2.21x)

[121/176] Processing: LAISUN_1_192_288.dat
compression time = 0.016043
compressed data file: ../../CESM-LAND-MODELS/4/log_normalized/LAISUN_1_192_288.dat.sz
Min=0, Max=1, range=1
Max absolute error = 0.0000009996
Max relative error = 0.000001
Max pw relative error = 374.018808
PSNR = 127.332149, NRMSE= 4.299248716650976969E-07
normError = 0.000101, normErr_norm = 0.000001
acEff=1.000000
compressionRatio=3.756649
decompression time = 0.008043 seconds.
decompressed data file: ../../CESM-LAND-MODELS/4/log_normalized/sz_1E-6/LAISUN_1_192_288.dat.sz.out
  ✓ Compression and decompression successful (ratio: 3.75x)

[122/176] Processing: landfrac_192_288.dat
compression time = 0.013798
compressed data file: ../../CESM-LAND-MODELS/4/log_normalized/landfrac_192_288.dat.sz
Min=0, Max=1, range=1
Max absolute error = 0.0000009998
Max relative error = 0.000001
Max pw relative error = 22.356868
PSNR = 126.836680, NRMSE= 4.5516199561012290555E-07
normError = 0.000107, normErr_norm = 0.000001
acEff=1.000000
compressionRatio=3.710830
decompression time = 0.006936 seconds.
decompressed data file: ../../CESM-LAND-MODELS/4/log_normalized/sz_1E-6/landfrac_192_288.dat.sz.out
  ✓ Compression and decompression successful (ratio: 3.71x)

[123/176] Processing: latixy_192_288.dat
compression time = 0.010389
compressed data file: ../../CESM-LAND-MODELS/4/log_normalized/latixy_192_288.dat.sz
Min=0, Max=1, range=1
Max absolute error = 0.0000009984
Max relative error = 0.000001
Max pw relative error = 0.000073
PSNR = 126.870331, NRMSE= 4.5340204246194743636E-07
normError = 0.000107, normErr_norm = 0.000001
acEff=1.000000
compressionRatio=12.378085
decompression time = 0.006107 seconds.
decompressed data file: ../../CESM-LAND-MODELS/4/log_normalized/sz_1E-6/latixy_192_288.dat.sz.out
  ✓ Compression and decompression successful (ratio: 12.37x)

[124/176] Processing: latixyatm_192_288.dat
compression time = 0.011755
compressed data file: ../../CESM-LAND-MODELS/4/log_normalized/latixyatm_192_288.dat.sz
Min=0, Max=1, range=1
Max absolute error = 0.0000009537
Max relative error = 0.000001
Max pw relative error = 0.000003
PSNR = 125.774955, NRMSE= 5.1434232622369653643E-07
normError = 0.000121, normErr_norm = 0.000001
acEff=1.000000
compressionRatio=7.380673
decompression time = 0.006012 seconds.
decompressed data file: ../../CESM-LAND-MODELS/4/log_normalized/sz_1E-6/latixyatm_192_288.dat.sz.out
  ✓ Compression and decompression successful (ratio: 7.38x)

[125/176] Processing: LEAFC_1_192_288.dat
compression time = 0.012493
compressed data file: ../../CESM-LAND-MODELS/4/log_normalized/LEAFC_1_192_288.dat.sz
Min=0, Max=1, range=1
Max absolute error = 0.0000000000
Max relative error = 0.000000
Max pw relative error = 0.000000
PSNR = inf, NRMSE= 0
normError = 0.000000, normErr_norm = 0.000000
acEff=1.000000
compressionRatio=5.069423
decompression time = 0.000760 seconds.
decompressed data file: ../../CESM-LAND-MODELS/4/log_normalized/sz_1E-6/LEAFC_1_192_288.dat.sz.out
  ✓ Compression and decompression successful (ratio: 5.06x)

[126/176] Processing: LEAFC_ALLOC_1_192_288.dat
compression time = 0.011600
compressed data file: ../../CESM-LAND-MODELS/4/log_normalized/LEAFC_ALLOC_1_192_288.dat.sz
Min=0, Max=1, range=1
Max absolute error = 0.0000009983
Max relative error = 0.000001
Max pw relative error = 687.458279
PSNR = 129.093139, NRMSE= 3.5102903048671081174E-07
normError = 0.000083, normErr_norm = 0.000000
acEff=1.000000
compressionRatio=14.413137
decompression time = 0.006597 seconds.
decompressed data file: ../../CESM-LAND-MODELS/4/log_normalized/sz_1E-6/LEAFC_ALLOC_1_192_288.dat.sz.out
  ✓ Compression and decompression successful (ratio: 14.41x)

[127/176] Processing: LEAFC_LOSS_1_192_288.dat
compression time = 0.011876
compressed data file: ../../CESM-LAND-MODELS/4/log_normalized/LEAFC_LOSS_1_192_288.dat.sz
Min=0, Max=1, range=1
Max absolute error = 0.0000009997
Max relative error = 0.000001
Max pw relative error = 694.677241
PSNR = 128.761432, NRMSE= 3.6469383614357479487E-07
normError = 0.000086, normErr_norm = 0.000000
acEff=1.000000
compressionRatio=13.591250
decompression time = 0.005879 seconds.
decompressed data file: ../../CESM-LAND-MODELS/4/log_normalized/sz_1E-6/LEAFC_LOSS_1_192_288.dat.sz.out
  ✓ Compression and decompression successful (ratio: 13.59x)

[128/176] Processing: LEAFN_1_192_288.dat
compression time = 0.015214
compressed data file: ../../CESM-LAND-MODELS/4/log_normalized/LEAFN_1_192_288.dat.sz
Min=0, Max=1, range=1
Max absolute error = 0.0000009999
Max relative error = 0.000001
Max pw relative error = 37.238740
PSNR = 127.352285, NRMSE= 4.2892931159329459834E-07
normError = 0.000101, normErr_norm = 0.000001
acEff=1.000000
compressionRatio=2.152328
decompression time = 0.008387 seconds.
decompressed data file: ../../CESM-LAND-MODELS/4/log_normalized/sz_1E-6/LEAFN_1_192_288.dat.sz.out
  ✓ Compression and decompression successful (ratio: 2.15x)

[129/176] Processing: LITFALL_1_192_288.dat
compression time = 0.012427
compressed data file: ../../CESM-LAND-MODELS/4/log_normalized/LITFALL_1_192_288.dat.sz
Min=0, Max=1, range=1
Max absolute error = 0.0000009999
Max relative error = 0.000001
Max pw relative error = 687.123885
PSNR = 128.239118, NRMSE= 3.8729698944912515514E-07
normError = 0.000091, normErr_norm = 0.000000
acEff=1.000000
compressionRatio=12.270276
decompression time = 0.006262 seconds.
decompressed data file: ../../CESM-LAND-MODELS/4/log_normalized/sz_1E-6/LITFALL_1_192_288.dat.sz.out
  ✓ Compression and decompression successful (ratio: 12.27x)

[130/176] Processing: LITHR_1_192_288.dat
compression time = 0.011274
compressed data file: ../../CESM-LAND-MODELS/4/log_normalized/LITHR_1_192_288.dat.sz
Min=0, Max=1, range=1
Max absolute error = 0.0000009997
Max relative error = 0.000001
Max pw relative error = 681.144554
PSNR = 128.517928, NRMSE= 3.750624573357387575E-07
normError = 0.000088, normErr_norm = 0.000000
acEff=1.000000
compressionRatio=12.855798
decompression time = 0.005895 seconds.
decompressed data file: ../../CESM-LAND-MODELS/4/log_normalized/sz_1E-6/LITHR_1_192_288.dat.sz.out
  ✓ Compression and decompression successful (ratio: 12.85x)

[131/176] Processing: LITR1C_1_192_288.dat
compression time = 0.015237
compressed data file: ../../CESM-LAND-MODELS/4/log_normalized/LITR1C_1_192_288.dat.sz
Min=0, Max=1, range=1
Max absolute error = 0.0000009999
Max relative error = 0.000001
Max pw relative error = 204.728699
PSNR = 127.254055, NRMSE= 4.3380769088751638695E-07
normError = 0.000102, normErr_norm = 0.000001
acEff=1.000000
compressionRatio=2.065210
decompression time = 0.008157 seconds.
decompressed data file: ../../CESM-LAND-MODELS/4/log_normalized/sz_1E-6/LITR1C_1_192_288.dat.sz.out
  ✓ Compression and decompression successful (ratio: 2.06x)

[132/176] Processing: LITR1C_TO_SOIL1C_1_192_288.dat
compression time = 0.012006
compressed data file: ../../CESM-LAND-MODELS/4/log_normalized/LITR1C_TO_SOIL1C_1_192_288.dat.sz
Min=0, Max=1, range=1
Max absolute error = 0.0000009983
Max relative error = 0.000001
Max pw relative error = 684.105484
PSNR = 129.756445, NRMSE= 3.2522037726839502956E-07
normError = 0.000076, normErr_norm = 0.000000
acEff=1.000000
compressionRatio=14.440426
decompression time = 0.006170 seconds.
decompressed data file: ../../CESM-LAND-MODELS/4/log_normalized/sz_1E-6/LITR1C_TO_SOIL1C_1_192_288.dat.sz.out
  ✓ Compression and decompression successful (ratio: 14.44x)

[133/176] Processing: LITR1N_1_192_288.dat
compression time = 0.014028
compressed data file: ../../CESM-LAND-MODELS/4/log_normalized/LITR1N_1_192_288.dat.sz
Min=0, Max=1, range=1
Max absolute error = 0.0000009999
Max relative error = 0.000001
Max pw relative error = 41.219518
PSNR = 127.338901, NRMSE= 4.2959075593364498754E-07
normError = 0.000101, normErr_norm = 0.000001
acEff=1.000000
compressionRatio=3.429103
decompression time = 0.007283 seconds.
decompressed data file: ../../CESM-LAND-MODELS/4/log_normalized/sz_1E-6/LITR1N_1_192_288.dat.sz.out
  ✓ Compression and decompression successful (ratio: 3.42x)

[134/176] Processing: LITR2C_1_192_288.dat
compression time = 0.016017
compressed data file: ../../CESM-LAND-MODELS/4/log_normalized/LITR2C_1_192_288.dat.sz
Min=0, Max=1, range=1
Max absolute error = 0.0000000000
Max relative error = 0.000000
Max pw relative error = 0.000000
PSNR = inf, NRMSE= 0
normError = 0.000000, normErr_norm = 0.000000
acEff=1.000000
compressionRatio=4.630283
decompression time = 0.000848 seconds.
decompressed data file: ../../CESM-LAND-MODELS/4/log_normalized/sz_1E-6/LITR2C_1_192_288.dat.sz.out
  ✓ Compression and decompression successful (ratio: 4.63x)

[135/176] Processing: LITR2C_TO_SOIL2C_1_192_288.dat
compression time = 0.011182
compressed data file: ../../CESM-LAND-MODELS/4/log_normalized/LITR2C_TO_SOIL2C_1_192_288.dat.sz
Min=0, Max=1, range=1
Max absolute error = 0.0000009997
Max relative error = 0.000001
Max pw relative error = 693.123849
PSNR = 128.777940, NRMSE= 3.6400136547143932671E-07
normError = 0.000086, normErr_norm = 0.000000
acEff=1.000000
compressionRatio=13.394538
decompression time = 0.006416 seconds.
decompressed data file: ../../CESM-LAND-MODELS/4/log_normalized/sz_1E-6/LITR2C_TO_SOIL2C_1_192_288.dat.sz.out
  ✓ Compression and decompression successful (ratio: 13.39x)

[136/176] Processing: LITR2N_1_192_288.dat
compression time = 0.014625
compressed data file: ../../CESM-LAND-MODELS/4/log_normalized/LITR2N_1_192_288.dat.sz
Min=0, Max=1, range=1
Max absolute error = 0.0000009999
Max relative error = 0.000001
Max pw relative error = 496.358456
PSNR = 127.344388, NRMSE= 4.2931950843322992744E-07
normError = 0.000101, normErr_norm = 0.000001
acEff=1.000000
compressionRatio=2.339037
decompression time = 0.007170 seconds.
decompressed data file: ../../CESM-LAND-MODELS/4/log_normalized/sz_1E-6/LITR2N_1_192_288.dat.sz.out
  ✓ Compression and decompression successful (ratio: 2.33x)

[137/176] Processing: LITR3C_1_192_288.dat
compression time = 0.015618
compressed data file: ../../CESM-LAND-MODELS/4/log_normalized/LITR3C_1_192_288.dat.sz
Min=0, Max=1, range=1
Max absolute error = 0.0000000000
Max relative error = 0.000000
Max pw relative error = 0.000000
PSNR = inf, NRMSE= 0
normError = 0.000000, normErr_norm = 0.000000
acEff=1.000000
compressionRatio=4.688883
decompression time = 0.000826 seconds.
decompressed data file: ../../CESM-LAND-MODELS/4/log_normalized/sz_1E-6/LITR3C_1_192_288.dat.sz.out
  ✓ Compression and decompression successful (ratio: 4.68x)

[138/176] Processing: LITR3C_TO_SOIL3C_1_192_288.dat
compression time = 0.011327
compressed data file: ../../CESM-LAND-MODELS/4/log_normalized/LITR3C_TO_SOIL3C_1_192_288.dat.sz
Min=0, Max=1, range=1
Max absolute error = 0.0000009989
Max relative error = 0.000001
Max pw relative error = 687.181515
PSNR = 129.476061, NRMSE= 3.3588988802497957348E-07
normError = 0.000079, normErr_norm = 0.000000
acEff=1.000000
compressionRatio=14.039863
decompression time = 0.006236 seconds.
decompressed data file: ../../CESM-LAND-MODELS/4/log_normalized/sz_1E-6/LITR3C_TO_SOIL3C_1_192_288.dat.sz.out
  ✓ Compression and decompression successful (ratio: 14.03x)

[139/176] Processing: LITR3N_1_192_288.dat
compression time = 0.013869
compressed data file: ../../CESM-LAND-MODELS/4/log_normalized/LITR3N_1_192_288.dat.sz
Min=0, Max=1, range=1
Max absolute error = 0.0000009998
Max relative error = 0.000001
Max pw relative error = 664.144603
PSNR = 127.267962, NRMSE= 4.3311370181578899582E-07
normError = 0.000102, normErr_norm = 0.000001
acEff=1.000000
compressionRatio=2.326808
decompression time = 0.007977 seconds.
decompressed data file: ../../CESM-LAND-MODELS/4/log_normalized/sz_1E-6/LITR3N_1_192_288.dat.sz.out
  ✓ Compression and decompression successful (ratio: 2.32x)

[140/176] Processing: LITTERC_1_192_288.dat
compression time = 0.015268
compressed data file: ../../CESM-LAND-MODELS/4/log_normalized/LITTERC_1_192_288.dat.sz
Min=0, Max=1, range=1
Max absolute error = 0.0000000000
Max relative error = 0.000000
Max pw relative error = 0.000000
PSNR = inf, NRMSE= 0
normError = 0.000000, normErr_norm = 0.000000
acEff=1.000000
compressionRatio=4.703341
decompression time = 0.000859 seconds.
decompressed data file: ../../CESM-LAND-MODELS/4/log_normalized/sz_1E-6/LITTERC_1_192_288.dat.sz.out
  ✓ Compression and decompression successful (ratio: 4.70x)

[141/176] Processing: LITTERC_HR_1_192_288.dat
compression time = 0.011862
compressed data file: ../../CESM-LAND-MODELS/4/log_normalized/LITTERC_HR_1_192_288.dat.sz
Min=0, Max=1, range=1
Max absolute error = 0.0000009997
Max relative error = 0.000001
Max pw relative error = 681.144554
PSNR = 128.517928, NRMSE= 3.750624573357387575E-07
normError = 0.000088, normErr_norm = 0.000000
acEff=1.000000
compressionRatio=12.855798
decompression time = 0.006252 seconds.
decompressed data file: ../../CESM-LAND-MODELS/4/log_normalized/sz_1E-6/LITTERC_HR_1_192_288.dat.sz.out
  ✓ Compression and decompression successful (ratio: 12.85x)

[142/176] Processing: LITTERC_LOSS_1_192_288.dat
compression time = 0.011081
compressed data file: ../../CESM-LAND-MODELS/4/log_normalized/LITTERC_LOSS_1_192_288.dat.sz
Min=0, Max=1, range=1
Max absolute error = 0.0000009998
Max relative error = 0.000001
Max pw relative error = 694.611785
PSNR = 128.304542, NRMSE= 3.8439070598014283093E-07
normError = 0.000090, normErr_norm = 0.000000
acEff=1.000000
compressionRatio=12.113034
decompression time = 0.006252 seconds.
decompressed data file: ../../CESM-LAND-MODELS/4/log_normalized/sz_1E-6/LITTERC_LOSS_1_192_288.dat.sz.out
  ✓ Compression and decompression successful (ratio: 12.11x)

[143/176] Processing: LIVECROOTC_1_192_288.dat
compression time = 0.015488
compressed data file: ../../CESM-LAND-MODELS/4/log_normalized/LIVECROOTC_1_192_288.dat.sz
Min=0, Max=1, range=1
Max absolute error = 0.0000009999
Max relative error = 0.000001
Max pw relative error = 144.062899
PSNR = 127.393628, NRMSE= 4.2689255329110270105E-07
normError = 0.000100, normErr_norm = 0.000001
acEff=1.000000
compressionRatio=2.125870
decompression time = 0.008107 seconds.
decompressed data file: ../../CESM-LAND-MODELS/4/log_normalized/sz_1E-6/LIVECROOTC_1_192_288.dat.sz.out
  ✓ Compression and decompression successful (ratio: 2.12x)

[144/176] Processing: LIVECROOTN_1_192_288.dat
compression time = 0.014718
compressed data file: ../../CESM-LAND-MODELS/4/log_normalized/LIVECROOTN_1_192_288.dat.sz
Min=0, Max=1, range=1
Max absolute error = 0.0000009999
Max relative error = 0.000001
Max pw relative error = 294.841879
PSNR = 127.306813, NRMSE= 4.3118072799636439645E-07
normError = 0.000101, normErr_norm = 0.000001
acEff=1.000000
compressionRatio=3.858017
decompression time = 0.007382 seconds.
decompressed data file: ../../CESM-LAND-MODELS/4/log_normalized/sz_1E-6/LIVECROOTN_1_192_288.dat.sz.out
  ✓ Compression and decompression successful (ratio: 3.85x)

[145/176] Processing: LIVESTEMC_1_192_288.dat
compression time = 0.015296
compressed data file: ../../CESM-LAND-MODELS/4/log_normalized/LIVESTEMC_1_192_288.dat.sz
Min=0, Max=1, range=1
Max absolute error = 0.0000009996
Max relative error = 0.000001
Max pw relative error = 11.361640
PSNR = 127.269843, NRMSE= 4.3301987693269346447E-07
normError = 0.000102, normErr_norm = 0.000001
acEff=1.000000
compressionRatio=1.919867
decompression time = 0.007948 seconds.
decompressed data file: ../../CESM-LAND-MODELS/4/log_normalized/sz_1E-6/LIVESTEMC_1_192_288.dat.sz.out
  ✓ Compression and decompression successful (ratio: 1.91x)

[146/176] Processing: LIVESTEMN_1_192_288.dat
compression time = 0.016563
compressed data file: ../../CESM-LAND-MODELS/4/log_normalized/LIVESTEMN_1_192_288.dat.sz
Min=0, Max=1, range=1
Max absolute error = 0.0000009999
Max relative error = 0.000001
Max pw relative error = 101.471242
PSNR = 127.437426, NRMSE= 4.2474542356206079081E-07
normError = 0.000100, normErr_norm = 0.000001
acEff=1.000000
compressionRatio=3.078328
decompression time = 0.007670 seconds.
decompressed data file: ../../CESM-LAND-MODELS/4/log_normalized/sz_1E-6/LIVESTEMN_1_192_288.dat.sz.out
  ✓ Compression and decompression successful (ratio: 3.07x)

[147/176] Processing: longxy_192_288.dat
compression time = 0.012961
compressed data file: ../../CESM-LAND-MODELS/4/log_normalized/longxy_192_288.dat.sz
Min=0, Max=1, range=1
Max absolute error = 0.0000009984
Max relative error = 0.000001
Max pw relative error = 0.000100
PSNR = 126.143305, NRMSE= 4.9298618543337895549E-07
normError = 0.000116, normErr_norm = 0.000001
acEff=1.000000
compressionRatio=4.269549
decompression time = 0.006397 seconds.
decompressed data file: ../../CESM-LAND-MODELS/4/log_normalized/sz_1E-6/longxy_192_288.dat.sz.out
  ✓ Compression and decompression successful (ratio: 4.26x)

[148/176] Processing: longxyatm_192_288.dat
compression time = 0.012730
compressed data file: ../../CESM-LAND-MODELS/4/log_normalized/longxyatm_192_288.dat.sz
Min=0, Max=1, range=1
Max absolute error = 0.0000009998
Max relative error = 0.000001
Max pw relative error = 0.000003
PSNR = 126.050927, NRMSE= 4.9825728728573769233E-07
normError = 0.000117, normErr_norm = 0.000001
acEff=1.000000
compressionRatio=3.498086
decompression time = 0.007138 seconds.
decompressed data file: ../../CESM-LAND-MODELS/4/log_normalized/sz_1E-6/longxyatm_192_288.dat.sz.out
  ✓ Compression and decompression successful (ratio: 3.49x)

[149/176] Processing: MEAN_FIRE_PROB_1_192_288.dat
compression time = 0.011520
compressed data file: ../../CESM-LAND-MODELS/4/log_normalized/MEAN_FIRE_PROB_1_192_288.dat.sz
Min=0, Max=1, range=1
Max absolute error = 0.0000010000
Max relative error = 0.000001
Max pw relative error = 693.082742
PSNR = 127.378770, NRMSE= 4.2762342691781350898E-07
normError = 0.000101, normErr_norm = 0.000000
acEff=1.000000
compressionRatio=3.265673
decompression time = 0.006755 seconds.
decompressed data file: ../../CESM-LAND-MODELS/4/log_normalized/sz_1E-6/MEAN_FIRE_PROB_1_192_288.dat.sz.out
  ✓ Compression and decompression successful (ratio: 3.26x)

[150/176] Processing: MR_1_192_288.dat
compression time = 0.011042
compressed data file: ../../CESM-LAND-MODELS/4/log_normalized/MR_1_192_288.dat.sz
Min=0, Max=1, range=1
Max absolute error = 0.0000010000
Max relative error = 0.000001
Max pw relative error = 686.123865
PSNR = 128.076881, NRMSE= 3.9459899172736444251E-07
normError = 0.000093, normErr_norm = 0.000001
acEff=1.000000
compressionRatio=11.932672
decompression time = 0.005945 seconds.
decompressed data file: ../../CESM-LAND-MODELS/4/log_normalized/sz_1E-6/MR_1_192_288.dat.sz.out
  ✓ Compression and decompression successful (ratio: 11.93x)

[151/176] Processing: NBP_1_192_288.dat
compression time = 0.012403
compressed data file: ../../CESM-LAND-MODELS/4/log_normalized/NBP_1_192_288.dat.sz
Min=0, Max=1, range=1
Max absolute error = 0.0000009999
Max relative error = 0.000001
Max pw relative error = 3.074368
PSNR = 127.482347, NRMSE= 4.2255440490372652621E-07
normError = 0.000099, normErr_norm = 0.000001
acEff=1.000000
compressionRatio=11.999349
decompression time = 0.005401 seconds.
decompressed data file: ../../CESM-LAND-MODELS/4/log_normalized/sz_1E-6/NBP_1_192_288.dat.sz.out
  ✓ Compression and decompression successful (ratio: 11.99x)

[152/176] Processing: NDEPLOY_1_192_288.dat
compression time = 0.011020
compressed data file: ../../CESM-LAND-MODELS/4/log_normalized/NDEPLOY_1_192_288.dat.sz
Min=0, Max=1, range=1
Max absolute error = 0.0000009984
Max relative error = 0.000001
Max pw relative error = 694.258102
PSNR = 133.549314, NRMSE= 2.1015236610265869147E-07
normError = 0.000049, normErr_norm = 0.000000
acEff=1.000000
compressionRatio=17.179340
decompression time = 0.005910 seconds.
decompressed data file: ../../CESM-LAND-MODELS/4/log_normalized/sz_1E-6/NDEPLOY_1_192_288.dat.sz.out
  ✓ Compression and decompression successful (ratio: 17.17x)

[153/176] Processing: NDEP_TO_SMINN_1_192_288.dat
compression time = 0.011841
compressed data file: ../../CESM-LAND-MODELS/4/log_normalized/NDEP_TO_SMINN_1_192_288.dat.sz
Min=0, Max=1, range=1
Max absolute error = 0.0000009970
Max relative error = 0.000001
Max pw relative error = 0.000001
PSNR = 133.550156, NRMSE= 2.1013200617391554483E-07
normError = 0.000049, normErr_norm = 0.000000
acEff=1.000000
compressionRatio=17.989752
decompression time = 0.006043 seconds.
decompressed data file: ../../CESM-LAND-MODELS/4/log_normalized/sz_1E-6/NDEP_TO_SMINN_1_192_288.dat.sz.out
  ✓ Compression and decompression successful (ratio: 17.98x)

[154/176] Processing: NEE_1_192_288.dat
compression time = 0.011490
compressed data file: ../../CESM-LAND-MODELS/4/log_normalized/NEE_1_192_288.dat.sz
Min=0, Max=1, range=1
Max absolute error = 0.0000009998
Max relative error = 0.000001
Max pw relative error = 22.683744
PSNR = 128.235252, NRMSE= 3.8746939296257737943E-07
normError = 0.000091, normErr_norm = 0.000000
acEff=1.000000
compressionRatio=12.207296
decompression time = 0.006789 seconds.
decompressed data file: ../../CESM-LAND-MODELS/4/log_normalized/sz_1E-6/NEE_1_192_288.dat.sz.out
  ✓ Compression and decompression successful (ratio: 12.20x)

[155/176] Processing: NEP_1_192_288.dat
compression time = 0.011426
compressed data file: ../../CESM-LAND-MODELS/4/log_normalized/NEP_1_192_288.dat.sz
Min=0, Max=1, range=1
Max absolute error = 0.0000009999
Max relative error = 0.000001
Max pw relative error = 2.928631
PSNR = 127.553217, NRMSE= 4.1912075258683881061E-07
normError = 0.000099, normErr_norm = 0.000001
acEff=1.000000
compressionRatio=11.986993
decompression time = 0.006160 seconds.
decompressed data file: ../../CESM-LAND-MODELS/4/log_normalized/sz_1E-6/NEP_1_192_288.dat.sz.out
  ✓ Compression and decompression successful (ratio: 11.98x)

[156/176] Processing: NET_NMIN_1_192_288.dat
compression time = 0.012915
compressed data file: ../../CESM-LAND-MODELS/4/log_normalized/NET_NMIN_1_192_288.dat.sz
Min=0, Max=1, range=1
Max absolute error = 0.0000009999
Max relative error = 0.000001
Max pw relative error = 684.867871
PSNR = 133.549595, NRMSE= 2.101455767138128544E-07
normError = 0.000049, normErr_norm = 0.000000
acEff=1.000000
compressionRatio=17.103619
decompression time = 0.006412 seconds.
decompressed data file: ../../CESM-LAND-MODELS/4/log_normalized/sz_1E-6/NET_NMIN_1_192_288.dat.sz.out
  ✓ Compression and decompression successful (ratio: 17.10x)

[157/176] Processing: NFIX_TO_SMINN_1_192_288.dat
compression time = 0.013732
compressed data file: ../../CESM-LAND-MODELS/4/log_normalized/NFIX_TO_SMINN_1_192_288.dat.sz
Min=0, Max=1, range=1
Max absolute error = 0.0000009970
Max relative error = 0.000001
Max pw relative error = 0.000001
PSNR = 133.550156, NRMSE= 2.1013200617391554483E-07
normError = 0.000049, normErr_norm = 0.000000
acEff=1.000000
compressionRatio=17.989752
decompression time = 0.006892 seconds.
decompressed data file: ../../CESM-LAND-MODELS/4/log_normalized/sz_1E-6/NFIX_TO_SMINN_1_192_288.dat.sz.out
  ✓ Compression and decompression successful (ratio: 17.98x)

[158/176] Processing: NPP_1_192_288.dat
compression time = 0.014261
compressed data file: ../../CESM-LAND-MODELS/4/log_normalized/NPP_1_192_288.dat.sz
Min=0, Max=1, range=1
Max absolute error = 0.0000010000
Max relative error = 0.000001
Max pw relative error = 620.698065
PSNR = 128.073197, NRMSE= 3.9476636601776781992E-07
normError = 0.000093, normErr_norm = 0.000001
acEff=1.000000
compressionRatio=12.153635
decompression time = 0.006084 seconds.
decompressed data file: ../../CESM-LAND-MODELS/4/log_normalized/sz_1E-6/NPP_1_192_288.dat.sz.out
  ✓ Compression and decompression successful (ratio: 12.15x)

[159/176] Processing: OCDEP_1_192_288.dat
compression time = 0.010551
compressed data file: ../../CESM-LAND-MODELS/4/log_normalized/OCDEP_1_192_288.dat.sz
Min=0, Max=1, range=1
Max absolute error = 0.0000009970
Max relative error = 0.000001
Max pw relative error = 0.000001
PSNR = 133.550156, NRMSE= 2.1013200617391554483E-07
normError = 0.000049, normErr_norm = 0.000000
acEff=1.000000
compressionRatio=17.989752
decompression time = 0.006677 seconds.
decompressed data file: ../../CESM-LAND-MODELS/4/log_normalized/sz_1E-6/OCDEP_1_192_288.dat.sz.out
  ✓ Compression and decompression successful (ratio: 17.98x)

[160/176] Processing: PBOT_1_192_288.dat
compression time = 0.012695
compressed data file: ../../CESM-LAND-MODELS/4/log_normalized/PBOT_1_192_288.dat.sz
Min=0, Max=1, range=1
Max absolute error = 0.0000009984
Max relative error = 0.000001
Max pw relative error = 0.000015
PSNR = 126.056309, NRMSE= 4.9794866170751692831E-07
normError = 0.000117, normErr_norm = 0.000001
acEff=1.000000
compressionRatio=2.686163
decompression time = 0.007725 seconds.
decompressed data file: ../../CESM-LAND-MODELS/4/log_normalized/sz_1E-6/PBOT_1_192_288.dat.sz.out
  ✓ Compression and decompression successful (ratio: 2.68x)

[161/176] Processing: PCO2_1_192_288.dat
compression time = 0.013612
compressed data file: ../../CESM-LAND-MODELS/4/log_normalized/PCO2_1_192_288.dat.sz
Min=0, Max=1, range=1
Max absolute error = 0.0000009984
Max relative error = 0.000001
Max pw relative error = 0.000452
PSNR = 126.081358, NRMSE= 4.9651466086279396086E-07
normError = 0.000117, normErr_norm = 0.000001
acEff=1.000000
compressionRatio=2.703201
decompression time = 0.007550 seconds.
decompressed data file: ../../CESM-LAND-MODELS/4/log_normalized/sz_1E-6/PCO2_1_192_288.dat.sz.out
  ✓ Compression and decompression successful (ratio: 2.70x)

[162/176] Processing: PFT_CTRUNC_1_192_288.dat
compression time = 0.011367
compressed data file: ../../CESM-LAND-MODELS/4/log_normalized/PFT_CTRUNC_1_192_288.dat.sz
Min=0, Max=1, range=1
Max absolute error = 0.0000010000
Max relative error = 0.000001
Max pw relative error = 689.083372
PSNR = 128.059968, NRMSE= 3.9536806908538691239E-07
normError = 0.000093, normErr_norm = 0.000001
acEff=1.000000
compressionRatio=11.824860
decompression time = 0.005567 seconds.
decompressed data file: ../../CESM-LAND-MODELS/4/log_normalized/sz_1E-6/PFT_CTRUNC_1_192_288.dat.sz.out
  ✓ Compression and decompression successful (ratio: 11.82x)

[163/176] Processing: PFT_FIRE_CLOSS_1_192_288.dat
compression time = 0.012707
compressed data file: ../../CESM-LAND-MODELS/4/log_normalized/PFT_FIRE_CLOSS_1_192_288.dat.sz
Min=0, Max=1, range=1
Max absolute error = 0.0000009970
Max relative error = 0.000001
Max pw relative error = 664.144603
PSNR = 130.745583, NRMSE= 2.902156535779474889E-07
normError = 0.000068, normErr_norm = 0.000000
acEff=1.000000
compressionRatio=16.755094
decompression time = 0.004908 seconds.
decompressed data file: ../../CESM-LAND-MODELS/4/log_normalized/sz_1E-6/PFT_FIRE_CLOSS_1_192_288.dat.sz.out
  ✓ Compression and decompression successful (ratio: 16.75x)

[164/176] Processing: PFT_FIRE_NLOSS_1_192_288.dat
compression time = 0.012320
compressed data file: ../../CESM-LAND-MODELS/4/log_normalized/PFT_FIRE_NLOSS_1_192_288.dat.sz
Min=0, Max=1, range=1
Max absolute error = 0.0000009970
Max relative error = 0.000001
Max pw relative error = 1.000000
PSNR = 133.550155, NRMSE= 2.1013202237108724411E-07
normError = 0.000049, normErr_norm = 0.000000
acEff=1.000000
compressionRatio=17.937231
decompression time = 0.005986 seconds.
decompressed data file: ../../CESM-LAND-MODELS/4/log_normalized/sz_1E-6/PFT_FIRE_NLOSS_1_192_288.dat.sz.out
  ✓ Compression and decompression successful (ratio: 17.93x)

[165/176] Processing: PFT_NTRUNC_1_192_288.dat
compression time = 0.013383
compressed data file: ../../CESM-LAND-MODELS/4/log_normalized/PFT_NTRUNC_1_192_288.dat.sz
Min=0, Max=1, range=1
Max absolute error = 0.0000009993
Max relative error = 0.000001
Max pw relative error = 691.807617
PSNR = 128.526603, NRMSE= 3.7468804491714655006E-07
normError = 0.000088, normErr_norm = 0.000000
acEff=1.000000
compressionRatio=12.280495
decompression time = 0.006357 seconds.
decompressed data file: ../../CESM-LAND-MODELS/4/log_normalized/sz_1E-6/PFT_NTRUNC_1_192_288.dat.sz.out
  ✓ Compression and decompression successful (ratio: 12.28x)

[166/176] Processing: PLANT_NDEMAND_1_192_288.dat
compression time = 0.011543
compressed data file: ../../CESM-LAND-MODELS/4/log_normalized/PLANT_NDEMAND_1_192_288.dat.sz
Min=0, Max=1, range=1
Max absolute error = 0.0000009984
Max relative error = 0.000001
Max pw relative error = 694.258102
PSNR = 129.613962, NRMSE= 3.3059926027584456239E-07
normError = 0.000078, normErr_norm = 0.000000
acEff=1.000000
compressionRatio=15.587315
decompression time = 0.005894 seconds.
decompressed data file: ../../CESM-LAND-MODELS/4/log_normalized/sz_1E-6/PLANT_NDEMAND_1_192_288.dat.sz.out
  ✓ Compression and decompression successful (ratio: 15.58x)

[167/176] Processing: POTENTIAL_IMMOB_1_192_288.dat
compression time = 0.010301
compressed data file: ../../CESM-LAND-MODELS/4/log_normalized/POTENTIAL_IMMOB_1_192_288.dat.sz
Min=0, Max=1, range=1
Max absolute error = 0.0000009983
Max relative error = 0.000001
Max pw relative error = 684.868029
PSNR = 131.693893, NRMSE= 2.6019884738103630259E-07
normError = 0.000061, normErr_norm = 0.000000
acEff=1.000000
compressionRatio=15.811280
decompression time = 0.005751 seconds.
decompressed data file: ../../CESM-LAND-MODELS/4/log_normalized/sz_1E-6/POTENTIAL_IMMOB_1_192_288.dat.sz.out
  ✓ Compression and decompression successful (ratio: 15.81x)

[168/176] Processing: PROD100C_1_192_288.dat
compression time = 0.011679
compressed data file: ../../CESM-LAND-MODELS/4/log_normalized/PROD100C_1_192_288.dat.sz
Min=0, Max=1, range=1
Max absolute error = 0.0000009970
Max relative error = 0.000001
Max pw relative error = 0.000001
PSNR = 133.550156, NRMSE= 2.1013200617391554483E-07
normError = 0.000049, normErr_norm = 0.000000
acEff=1.000000
compressionRatio=17.989752
decompression time = 0.006148 seconds.
decompressed data file: ../../CESM-LAND-MODELS/4/log_normalized/sz_1E-6/PROD100C_1_192_288.dat.sz.out
  ✓ Compression and decompression successful (ratio: 17.98x)

[169/176] Processing: PROD100C_LOSS_1_192_288.dat
compression time = 0.011038
compressed data file: ../../CESM-LAND-MODELS/4/log_normalized/PROD100C_LOSS_1_192_288.dat.sz
Min=0, Max=1, range=1
Max absolute error = 0.0000009970
Max relative error = 0.000001
Max pw relative error = 0.000001
PSNR = 133.550156, NRMSE= 2.1013200617391554483E-07
normError = 0.000049, normErr_norm = 0.000000
acEff=1.000000
compressionRatio=17.989752
decompression time = 0.005932 seconds.
decompressed data file: ../../CESM-LAND-MODELS/4/log_normalized/sz_1E-6/PROD100C_LOSS_1_192_288.dat.sz.out
  ✓ Compression and decompression successful (ratio: 17.98x)

[170/176] Processing: PROD100N_1_192_288.dat
compression time = 0.012213
compressed data file: ../../CESM-LAND-MODELS/4/log_normalized/PROD100N_1_192_288.dat.sz
Min=0, Max=1, range=1
Max absolute error = 0.0000009970
Max relative error = 0.000001
Max pw relative error = 0.000001
PSNR = 133.550156, NRMSE= 2.1013200617391554483E-07
normError = 0.000049, normErr_norm = 0.000000
acEff=1.000000
compressionRatio=17.989752
decompression time = 0.007734 seconds.
decompressed data file: ../../CESM-LAND-MODELS/4/log_normalized/sz_1E-6/PROD100N_1_192_288.dat.sz.out
  ✓ Compression and decompression successful (ratio: 17.98x)

[171/176] Processing: PROD100N_LOSS_1_192_288.dat
compression time = 0.011038
compressed data file: ../../CESM-LAND-MODELS/4/log_normalized/PROD100N_LOSS_1_192_288.dat.sz
Min=0, Max=1, range=1
Max absolute error = 0.0000009970
Max relative error = 0.000001
Max pw relative error = 0.000001
PSNR = 133.550156, NRMSE= 2.1013200617391554483E-07
normError = 0.000049, normErr_norm = 0.000000
acEff=1.000000
compressionRatio=17.989752
decompression time = 0.006401 seconds.
decompressed data file: ../../CESM-LAND-MODELS/4/log_normalized/sz_1E-6/PROD100N_LOSS_1_192_288.dat.sz.out
  ✓ Compression and decompression successful (ratio: 17.98x)

[172/176] Processing: PROD10C_1_192_288.dat
compression time = 0.011146
compressed data file: ../../CESM-LAND-MODELS/4/log_normalized/PROD10C_1_192_288.dat.sz
Min=0, Max=1, range=1
Max absolute error = 0.0000009970
Max relative error = 0.000001
Max pw relative error = 0.000001
PSNR = 133.550156, NRMSE= 2.1013200617391554483E-07
normError = 0.000049, normErr_norm = 0.000000
acEff=1.000000
compressionRatio=17.989752
decompression time = 0.005892 seconds.
decompressed data file: ../../CESM-LAND-MODELS/4/log_normalized/sz_1E-6/PROD10C_1_192_288.dat.sz.out
  ✓ Compression and decompression successful (ratio: 17.98x)

[173/176] Processing: PROD10C_LOSS_1_192_288.dat
compression time = 0.011798
compressed data file: ../../CESM-LAND-MODELS/4/log_normalized/PROD10C_LOSS_1_192_288.dat.sz
Min=0, Max=1, range=1
Max absolute error = 0.0000009970
Max relative error = 0.000001
Max pw relative error = 0.000001
PSNR = 133.550156, NRMSE= 2.1013200617391554483E-07
normError = 0.000049, normErr_norm = 0.000000
acEff=1.000000
compressionRatio=17.989752
decompression time = 0.006064 seconds.
decompressed data file: ../../CESM-LAND-MODELS/4/log_normalized/sz_1E-6/PROD10C_LOSS_1_192_288.dat.sz.out
  ✓ Compression and decompression successful (ratio: 17.98x)

[174/176] Processing: PROD10N_1_192_288.dat
compression time = 0.012023
compressed data file: ../../CESM-LAND-MODELS/4/log_normalized/PROD10N_1_192_288.dat.sz
Min=0, Max=1, range=1
Max absolute error = 0.0000009970
Max relative error = 0.000001
Max pw relative error = 0.000001
PSNR = 133.550156, NRMSE= 2.1013200617391554483E-07
normError = 0.000049, normErr_norm = 0.000000
acEff=1.000000
compressionRatio=17.989752
decompression time = 0.006350 seconds.
decompressed data file: ../../CESM-LAND-MODELS/4/log_normalized/sz_1E-6/PROD10N_1_192_288.dat.sz.out
  ✓ Compression and decompression successful (ratio: 17.98x)

[175/176] Processing: topo_192_288.dat
compression time = 0.011503
compressed data file: ../../CESM-LAND-MODELS/4/log_normalized/topo_192_288.dat.sz
Min=0, Max=1, range=1
Max absolute error = 0.0000009970
Max relative error = 0.000001
Max pw relative error = 0.000001
PSNR = 133.550156, NRMSE= 2.1013200617391554483E-07
normError = 0.000049, normErr_norm = 0.000000
acEff=1.000000
compressionRatio=17.989752
decompression time = 0.005535 seconds.
decompressed data file: ../../CESM-LAND-MODELS/4/log_normalized/sz_1E-6/topo_192_288.dat.sz.out
  ✓ Compression and decompression successful (ratio: 17.98x)

[176/176] Processing: topodnsc_192_288.dat
compression time = 0.011783
compressed data file: ../../CESM-LAND-MODELS/4/log_normalized/topodnsc_192_288.dat.sz
Min=0, Max=1, range=1
Max absolute error = 0.0000009970
Max relative error = 0.000001
Max pw relative error = 0.000001
PSNR = 133.550156, NRMSE= 2.1013200617391554483E-07
normError = 0.000049, normErr_norm = 0.000000
acEff=1.000000
compressionRatio=17.989752
decompression time = 0.006022 seconds.
decompressed data file: ../../CESM-LAND-MODELS/4/log_normalized/sz_1E-6/topodnsc_192_288.dat.sz.out
  ✓ Compression and decompression successful (ratio: 17.98x)

=== Summary ===
Total files processed: 176
Total files skipped: 0
Total files failed: 0

