Input directory: ../../CESM-LAND-MODELS/4/log_normalized
Output directory: ../../CESM-LAND-MODELS/4/log_normalized/sz_1E-7
Dimensions: 192x288
Error bound: 1E-7
SZ config: sz.config

Found 176 .dat file(s) to process

[1/176] Processing: ACTUAL_IMMOB_1_192_288.dat
compression time = 0.013009
compressed data file: ../../CESM-LAND-MODELS/4/log_normalized/ACTUAL_IMMOB_1_192_288.dat.sz
Min=0, Max=1, range=1
Max absolute error = 0.0000000918
Max relative error = 0.000000
Max pw relative error = 55.665186
PSNR = 167.519440, NRMSE= 4.207537753328483212E-09
normError = 0.000001, normErr_norm = 0.000000
acEff=1.000000
compressionRatio=31.462873
decompression time = 0.006077 seconds.
decompressed data file: ../../CESM-LAND-MODELS/4/log_normalized/sz_1E-7/ACTUAL_IMMOB_1_192_288.dat.sz.out
  ✓ Compression and decompression successful (ratio: 31.46x)

[2/176] Processing: AGNPP_1_192_288.dat
compression time = 0.012231
compressed data file: ../../CESM-LAND-MODELS/4/log_normalized/AGNPP_1_192_288.dat.sz
Min=0, Max=1, range=1
Max absolute error = 0.0000000999
Max relative error = 0.000000
Max pw relative error = 67.625024
PSNR = 153.464205, NRMSE= 2.1222168740755220765E-08
normError = 0.000005, normErr_norm = 0.000000
acEff=1.000000
compressionRatio=21.686832
decompression time = 0.006119 seconds.
decompressed data file: ../../CESM-LAND-MODELS/4/log_normalized/sz_1E-7/AGNPP_1_192_288.dat.sz.out
  ✓ Compression and decompression successful (ratio: 21.68x)

[3/176] Processing: ANN_FAREA_BURNED_1_192_288.dat
compression time = 0.013430
compressed data file: ../../CESM-LAND-MODELS/4/log_normalized/ANN_FAREA_BURNED_1_192_288.dat.sz
Min=0, Max=1, range=1
Max absolute error = 0.0000001000
Max relative error = 0.000000
Max pw relative error = 68.619827
PSNR = 151.087721, NRMSE= 2.7900625159194210066E-08
normError = 0.000007, normErr_norm = 0.000000
acEff=1.000000
compressionRatio=3.795196
decompression time = 0.006483 seconds.
decompressed data file: ../../CESM-LAND-MODELS/4/log_normalized/sz_1E-7/ANN_FAREA_BURNED_1_192_288.dat.sz.out
  ✓ Compression and decompression successful (ratio: 3.79x)

[4/176] Processing: AR_1_192_288.dat
compression time = 0.012146
compressed data file: ../../CESM-LAND-MODELS/4/log_normalized/AR_1_192_288.dat.sz
Min=0, Max=1, range=1
Max absolute error = 0.0000000999
Max relative error = 0.000000
Max pw relative error = 69.446494
PSNR = 151.352022, NRMSE= 2.7064432004203694233E-08
normError = 0.000006, normErr_norm = 0.000000
acEff=1.000000
compressionRatio=15.429648
decompression time = 0.005401 seconds.
decompressed data file: ../../CESM-LAND-MODELS/4/log_normalized/sz_1E-7/AR_1_192_288.dat.sz.out
  ✓ Compression and decompression successful (ratio: 15.42x)

[5/176] Processing: area_192_288.dat
compression time = 0.011062
compressed data file: ../../CESM-LAND-MODELS/4/log_normalized/area_192_288.dat.sz
Min=0, Max=1, range=1
Max absolute error = 0.0000000969
Max relative error = 0.000000
Max pw relative error = 0.000001
PSNR = 151.135498, NRMSE= 2.7747578322339641284E-08
normError = 0.000007, normErr_norm = 0.000000
acEff=1.000000
compressionRatio=22.398380
decompression time = 0.006561 seconds.
decompressed data file: ../../CESM-LAND-MODELS/4/log_normalized/sz_1E-7/area_192_288.dat.sz.out
  ✓ Compression and decompression successful (ratio: 22.39x)

[6/176] Processing: areaatm_192_288.dat
compression time = 0.013920
compressed data file: ../../CESM-LAND-MODELS/4/log_normalized/areaatm_192_288.dat.sz
Min=0, Max=1, range=1
Max absolute error = 0.0000000999
Max relative error = 0.000000
Max pw relative error = 0.000000
PSNR = 148.467171, NRMSE= 3.772605834893989628E-08
normError = 0.000009, normErr_norm = 0.000000
acEff=1.000000
compressionRatio=20.116780
decompression time = 0.005902 seconds.
decompressed data file: ../../CESM-LAND-MODELS/4/log_normalized/sz_1E-7/areaatm_192_288.dat.sz.out
  ✓ Compression and decompression successful (ratio: 20.11x)

[7/176] Processing: areaupsc_192_288.dat
compression time = 0.012551
compressed data file: ../../CESM-LAND-MODELS/4/log_normalized/areaupsc_192_288.dat.sz
Min=0, Max=1, range=1
Max absolute error = 0.0000000969
Max relative error = 0.000000
Max pw relative error = 0.000001
PSNR = 151.135498, NRMSE= 2.7747578322339641284E-08
normError = 0.000007, normErr_norm = 0.000000
acEff=1.000000
compressionRatio=22.398380
decompression time = 0.006552 seconds.
decompressed data file: ../../CESM-LAND-MODELS/4/log_normalized/sz_1E-7/areaupsc_192_288.dat.sz.out
  ✓ Compression and decompression successful (ratio: 22.39x)

[8/176] Processing: BCDEP_1_192_288.dat
compression time = 0.011340
compressed data file: ../../CESM-LAND-MODELS/4/log_normalized/BCDEP_1_192_288.dat.sz
Min=0, Max=1, range=1
Max absolute error = 0.0000000889
Max relative error = 0.000000
Max pw relative error = 0.000000
PSNR = 172.362081, NRMSE= 2.409328097445515108E-09
normError = 0.000001, normErr_norm = 0.000000
acEff=1.000000
compressionRatio=37.945445
decompression time = 0.005762 seconds.
decompressed data file: ../../CESM-LAND-MODELS/4/log_normalized/sz_1E-7/BCDEP_1_192_288.dat.sz.out
  ✓ Compression and decompression successful (ratio: 37.94x)

[9/176] Processing: BGNPP_1_192_288.dat
compression time = 0.010185
compressed data file: ../../CESM-LAND-MODELS/4/log_normalized/BGNPP_1_192_288.dat.sz
Min=0, Max=1, range=1
Max absolute error = 0.0000000999
Max relative error = 0.000000
Max pw relative error = 69.339822
PSNR = 154.024826, NRMSE= 1.9895675103060325682E-08
normError = 0.000005, normErr_norm = 0.000000
acEff=1.000000
compressionRatio=22.216151
decompression time = 0.005287 seconds.
decompressed data file: ../../CESM-LAND-MODELS/4/log_normalized/sz_1E-7/BGNPP_1_192_288.dat.sz.out
  ✓ Compression and decompression successful (ratio: 22.21x)

[10/176] Processing: BTRAN_1_192_288.dat
compression time = 0.014675
compressed data file: ../../CESM-LAND-MODELS/4/log_normalized/BTRAN_1_192_288.dat.sz
Min=0, Max=1, range=1
Max absolute error = 0.0000000000
Max relative error = 0.000000
Max pw relative error = 0.000000
PSNR = inf, NRMSE= 0
normError = 0.000000, normErr_norm = 0.000000
acEff=1.000000
compressionRatio=4.905607
decompression time = 0.000856 seconds.
decompressed data file: ../../CESM-LAND-MODELS/4/log_normalized/sz_1E-7/BTRAN_1_192_288.dat.sz.out
  ✓ Compression and decompression successful (ratio: 4.90x)

[11/176] Processing: BUILDHEAT_1_192_288.dat
compression time = 0.012456
compressed data file: ../../CESM-LAND-MODELS/4/log_normalized/BUILDHEAT_1_192_288.dat.sz
Min=0, Max=1, range=1
Max absolute error = 0.0000000969
Max relative error = 0.000000
Max pw relative error = 0.000002
PSNR = 152.295350, NRMSE= 2.4279094852614274398E-08
normError = 0.000006, normErr_norm = 0.000000
acEff=1.000000
compressionRatio=5.586160
decompression time = 0.006740 seconds.
decompressed data file: ../../CESM-LAND-MODELS/4/log_normalized/sz_1E-7/BUILDHEAT_1_192_288.dat.sz.out
  ✓ Compression and decompression successful (ratio: 5.58x)

[12/176] Processing: COL_CTRUNC_1_192_288.dat
compression time = 0.009672
compressed data file: ../../CESM-LAND-MODELS/4/log_normalized/COL_CTRUNC_1_192_288.dat.sz
Min=0, Max=1, range=1
Max absolute error = 0.0000001000
Max relative error = 0.000000
Max pw relative error = 68.697754
PSNR = 151.915320, NRMSE= 2.536494961109112184E-08
normError = 0.000006, normErr_norm = 0.000000
acEff=1.000000
compressionRatio=12.940034
decompression time = 0.005403 seconds.
decompressed data file: ../../CESM-LAND-MODELS/4/log_normalized/sz_1E-7/COL_CTRUNC_1_192_288.dat.sz.out
  ✓ Compression and decompression successful (ratio: 12.94x)

[13/176] Processing: COL_FIRE_CLOSS_1_192_288.dat
compression time = 0.012228
compressed data file: ../../CESM-LAND-MODELS/4/log_normalized/COL_FIRE_CLOSS_1_192_288.dat.sz
Min=0, Max=1, range=1
Max absolute error = 0.0000000995
Max relative error = 0.000000
Max pw relative error = 58.071900
PSNR = 161.361120, NRMSE= 8.5495650347156494129E-09
normError = 0.000002, normErr_norm = 0.000000
acEff=1.000000
compressionRatio=33.846060
decompression time = 0.005757 seconds.
decompressed data file: ../../CESM-LAND-MODELS/4/log_normalized/sz_1E-7/COL_FIRE_CLOSS_1_192_288.dat.sz.out
  ✓ Compression and decompression successful (ratio: 33.84x)

[14/176] Processing: COL_FIRE_NLOSS_1_192_288.dat
compression time = 0.010524
compressed data file: ../../CESM-LAND-MODELS/4/log_normalized/COL_FIRE_NLOSS_1_192_288.dat.sz
Min=0, Max=1, range=1
Max absolute error = 0.0000000889
Max relative error = 0.000000
Max pw relative error = 1.000000
PSNR = 172.355790, NRMSE= 2.4110738764839901671E-09
normError = 0.000001, normErr_norm = 0.000000
acEff=1.000000
compressionRatio=37.706103
decompression time = 0.005276 seconds.
decompressed data file: ../../CESM-LAND-MODELS/4/log_normalized/sz_1E-7/COL_FIRE_NLOSS_1_192_288.dat.sz.out
  ✓ Compression and decompression successful (ratio: 37.70x)

[15/176] Processing: COL_NTRUNC_1_192_288.dat
compression time = 0.010337
compressed data file: ../../CESM-LAND-MODELS/4/log_normalized/COL_NTRUNC_1_192_288.dat.sz
Min=0, Max=1, range=1
Max absolute error = 0.0000001000
Max relative error = 0.000000
Max pw relative error = 69.467033
PSNR = 154.426061, NRMSE= 1.8997521672271486935E-08
normError = 0.000004, normErr_norm = 0.000000
acEff=1.000000
compressionRatio=12.067434
decompression time = 0.005921 seconds.
decompressed data file: ../../CESM-LAND-MODELS/4/log_normalized/sz_1E-7/COL_NTRUNC_1_192_288.dat.sz.out
  ✓ Compression and decompression successful (ratio: 12.06x)

[16/176] Processing: CPOOL_1_192_288.dat
compression time = 0.011410
compressed data file: ../../CESM-LAND-MODELS/4/log_normalized/CPOOL_1_192_288.dat.sz
Min=0, Max=1, range=1
Max absolute error = 0.0000000889
Max relative error = 0.000000
Max pw relative error = 0.000000
PSNR = 172.362081, NRMSE= 2.409328097445515108E-09
normError = 0.000001, normErr_norm = 0.000000
acEff=1.000000
compressionRatio=37.945445
decompression time = 0.005843 seconds.
decompressed data file: ../../CESM-LAND-MODELS/4/log_normalized/sz_1E-7/CPOOL_1_192_288.dat.sz.out
  ✓ Compression and decompression successful (ratio: 37.94x)

[17/176] Processing: CWDC_1_192_288.dat
compression time = 0.014152
compressed data file: ../../CESM-LAND-MODELS/4/log_normalized/CWDC_1_192_288.dat.sz
Min=0, Max=1, range=1
Max absolute error = 0.0000000000
Max relative error = 0.000000
Max pw relative error = 0.000000
PSNR = inf, NRMSE= 0
normError = 0.000000, normErr_norm = 0.000000
acEff=1.000000
compressionRatio=5.199680
decompression time = 0.000875 seconds.
decompressed data file: ../../CESM-LAND-MODELS/4/log_normalized/sz_1E-7/CWDC_1_192_288.dat.sz.out
  ✓ Compression and decompression successful (ratio: 5.19x)

[18/176] Processing: CWDC_HR_1_192_288.dat
compression time = 0.011792
compressed data file: ../../CESM-LAND-MODELS/4/log_normalized/CWDC_HR_1_192_288.dat.sz
Min=0, Max=1, range=1
Max absolute error = 0.0000000889
Max relative error = 0.000000
Max pw relative error = 0.000000
PSNR = 172.362081, NRMSE= 2.409328097445515108E-09
normError = 0.000001, normErr_norm = 0.000000
acEff=1.000000
compressionRatio=37.945445
decompression time = 0.006076 seconds.
decompressed data file: ../../CESM-LAND-MODELS/4/log_normalized/sz_1E-7/CWDC_HR_1_192_288.dat.sz.out
  ✓ Compression and decompression successful (ratio: 37.94x)

[19/176] Processing: CWDC_LOSS_1_192_288.dat
compression time = 0.011156
compressed data file: ../../CESM-LAND-MODELS/4/log_normalized/CWDC_LOSS_1_192_288.dat.sz
Min=0, Max=1, range=1
Max absolute error = 0.0000000999
Max relative error = 0.000000
Max pw relative error = 69.446514
PSNR = 153.543936, NRMSE= 2.1028254460446226366E-08
normError = 0.000005, normErr_norm = 0.000000
acEff=1.000000
compressionRatio=22.542193
decompression time = 0.005949 seconds.
decompressed data file: ../../CESM-LAND-MODELS/4/log_normalized/sz_1E-7/CWDC_LOSS_1_192_288.dat.sz.out
  ✓ Compression and decompression successful (ratio: 22.54x)

[20/176] Processing: CWDN_1_192_288.dat
compression time = 0.014829
compressed data file: ../../CESM-LAND-MODELS/4/log_normalized/CWDN_1_192_288.dat.sz
Min=0, Max=1, range=1
Max absolute error = 0.0000000000
Max relative error = 0.000000
Max pw relative error = 0.000000
PSNR = inf, NRMSE= 0
normError = 0.000000, normErr_norm = 0.000000
acEff=1.000000
compressionRatio=4.969310
decompression time = 0.000802 seconds.
decompressed data file: ../../CESM-LAND-MODELS/4/log_normalized/sz_1E-7/CWDN_1_192_288.dat.sz.out
  ✓ Compression and decompression successful (ratio: 4.96x)

[21/176] Processing: DEADCROOTC_1_192_288.dat
compression time = 0.014694
compressed data file: ../../CESM-LAND-MODELS/4/log_normalized/DEADCROOTC_1_192_288.dat.sz
Min=0, Max=1, range=1
Max absolute error = 0.0000000000
Max relative error = 0.000000
Max pw relative error = 0.000000
PSNR = inf, NRMSE= 0
normError = 0.000000, normErr_norm = 0.000000
acEff=1.000000
compressionRatio=5.227577
decompression time = 0.000997 seconds.
decompressed data file: ../../CESM-LAND-MODELS/4/log_normalized/sz_1E-7/DEADCROOTC_1_192_288.dat.sz.out
  ✓ Compression and decompression successful (ratio: 5.22x)

[22/176] Processing: DEADCROOTN_1_192_288.dat
compression time = 0.016104
compressed data file: ../../CESM-LAND-MODELS/4/log_normalized/DEADCROOTN_1_192_288.dat.sz
Min=0, Max=1, range=1
Max absolute error = 0.0000000000
Max relative error = 0.000000
Max pw relative error = 0.000000
PSNR = inf, NRMSE= 0
normError = 0.000000, normErr_norm = 0.000000
acEff=1.000000
compressionRatio=4.964068
decompression time = 0.000797 seconds.
decompressed data file: ../../CESM-LAND-MODELS/4/log_normalized/sz_1E-7/DEADCROOTN_1_192_288.dat.sz.out
  ✓ Compression and decompression successful (ratio: 4.96x)

[23/176] Processing: DEADSTEMC_1_192_288.dat
compression time = 0.018719
compressed data file: ../../CESM-LAND-MODELS/4/log_normalized/DEADSTEMC_1_192_288.dat.sz
Min=0, Max=1, range=1
Max absolute error = 0.0000000994
Max relative error = 0.000000
Max pw relative error = 21.723270
PSNR = 153.529800, NRMSE= 2.1062503926948975679E-08
normError = 0.000005, normErr_norm = 0.000000
acEff=1.000000
compressionRatio=1.997363
decompression time = 0.007691 seconds.
decompressed data file: ../../CESM-LAND-MODELS/4/log_normalized/sz_1E-7/DEADSTEMC_1_192_288.dat.sz.out
  ✓ Compression and decompression successful (ratio: 1.99x)

[24/176] Processing: DEADSTEMN_1_192_288.dat
compression time = 0.015927
compressed data file: ../../CESM-LAND-MODELS/4/log_normalized/DEADSTEMN_1_192_288.dat.sz
Min=0, Max=1, range=1
Max absolute error = 0.0000000000
Max relative error = 0.000000
Max pw relative error = 0.000000
PSNR = inf, NRMSE= 0
normError = 0.000000, normErr_norm = 0.000000
acEff=1.000000
compressionRatio=5.000543
decompression time = 0.000816 seconds.
decompressed data file: ../../CESM-LAND-MODELS/4/log_normalized/sz_1E-7/DEADSTEMN_1_192_288.dat.sz.out
  ✓ Compression and decompression successful (ratio: 5.00x)

[25/176] Processing: DENIT_1_192_288.dat
compression time = 0.011422
compressed data file: ../../CESM-LAND-MODELS/4/log_normalized/DENIT_1_192_288.dat.sz
Min=0, Max=1, range=1
Max absolute error = 0.0000000918
Max relative error = 0.000000
Max pw relative error = 31.923005
PSNR = 172.265683, NRMSE= 2.4362161935649849427E-09
normError = 0.000001, normErr_norm = 0.000000
acEff=1.000000
compressionRatio=36.295372
decompression time = 0.006320 seconds.
decompressed data file: ../../CESM-LAND-MODELS/4/log_normalized/sz_1E-7/DENIT_1_192_288.dat.sz.out
  ✓ Compression and decompression successful (ratio: 36.29x)

[26/176] Processing: DISPVEGC_1_192_288.dat
compression time = 0.015363
compressed data file: ../../CESM-LAND-MODELS/4/log_normalized/DISPVEGC_1_192_288.dat.sz
Min=0, Max=1, range=1
Max absolute error = 0.0000000000
Max relative error = 0.000000
Max pw relative error = 0.000000
PSNR = inf, NRMSE= 0
normError = 0.000000, normErr_norm = 0.000000
acEff=1.000000
compressionRatio=4.811590
decompression time = 0.000815 seconds.
decompressed data file: ../../CESM-LAND-MODELS/4/log_normalized/sz_1E-7/DISPVEGC_1_192_288.dat.sz.out
  ✓ Compression and decompression successful (ratio: 4.81x)

[27/176] Processing: DISPVEGN_1_192_288.dat
compression time = 0.016517
compressed data file: ../../CESM-LAND-MODELS/4/log_normalized/DISPVEGN_1_192_288.dat.sz
Min=0, Max=1, range=1
Max absolute error = 0.0000000000
Max relative error = 0.000000
Max pw relative error = 0.000000
PSNR = inf, NRMSE= 0
normError = 0.000000, normErr_norm = 0.000000
acEff=1.000000
compressionRatio=4.637856
decompression time = 0.000862 seconds.
decompressed data file: ../../CESM-LAND-MODELS/4/log_normalized/sz_1E-7/DISPVEGN_1_192_288.dat.sz.out
  ✓ Compression and decompression successful (ratio: 4.63x)

[28/176] Processing: DSTDEP_1_192_288.dat
compression time = 0.011609
compressed data file: ../../CESM-LAND-MODELS/4/log_normalized/DSTDEP_1_192_288.dat.sz
Min=0, Max=1, range=1
Max absolute error = 0.0000000889
Max relative error = 0.000000
Max pw relative error = 0.000000
PSNR = 172.362081, NRMSE= 2.409328097445515108E-09
normError = 0.000001, normErr_norm = 0.000000
acEff=1.000000
compressionRatio=37.945445
decompression time = 0.005907 seconds.
decompressed data file: ../../CESM-LAND-MODELS/4/log_normalized/sz_1E-7/DSTDEP_1_192_288.dat.sz.out
  ✓ Compression and decompression successful (ratio: 37.94x)

[29/176] Processing: DSTFLXT_1_192_288.dat
compression time = 0.011192
compressed data file: ../../CESM-LAND-MODELS/4/log_normalized/DSTFLXT_1_192_288.dat.sz
Min=0, Max=1, range=1
Max absolute error = 0.0000000889
Max relative error = 0.000000
Max pw relative error = 2.999999
PSNR = 172.016957, NRMSE= 2.5069873227354224873E-09
normError = 0.000001, normErr_norm = 0.000000
acEff=1.000000
compressionRatio=37.217567
decompression time = 0.005693 seconds.
decompressed data file: ../../CESM-LAND-MODELS/4/log_normalized/sz_1E-7/DSTFLXT_1_192_288.dat.sz.out
  ✓ Compression and decompression successful (ratio: 37.21x)

[30/176] Processing: DWT_CLOSS_1_192_288.dat
compression time = 0.011331
compressed data file: ../../CESM-LAND-MODELS/4/log_normalized/DWT_CLOSS_1_192_288.dat.sz
Min=0, Max=1, range=1
Max absolute error = 0.0000000889
Max relative error = 0.000000
Max pw relative error = 0.000000
PSNR = 172.362081, NRMSE= 2.409328097445515108E-09
normError = 0.000001, normErr_norm = 0.000000
acEff=1.000000
compressionRatio=37.945445
decompression time = 0.005911 seconds.
decompressed data file: ../../CESM-LAND-MODELS/4/log_normalized/sz_1E-7/DWT_CLOSS_1_192_288.dat.sz.out
  ✓ Compression and decompression successful (ratio: 37.94x)

[31/176] Processing: DWT_CONV_CFLUX_1_192_288.dat
compression time = 0.011160
compressed data file: ../../CESM-LAND-MODELS/4/log_normalized/DWT_CONV_CFLUX_1_192_288.dat.sz
Min=0, Max=1, range=1
Max absolute error = 0.0000000889
Max relative error = 0.000000
Max pw relative error = 0.000000
PSNR = 172.362081, NRMSE= 2.409328097445515108E-09
normError = 0.000001, normErr_norm = 0.000000
acEff=1.000000
compressionRatio=37.945445
decompression time = 0.005905 seconds.
decompressed data file: ../../CESM-LAND-MODELS/4/log_normalized/sz_1E-7/DWT_CONV_CFLUX_1_192_288.dat.sz.out
  ✓ Compression and decompression successful (ratio: 37.94x)

[32/176] Processing: DWT_CONV_NFLUX_1_192_288.dat
compression time = 0.011463
compressed data file: ../../CESM-LAND-MODELS/4/log_normalized/DWT_CONV_NFLUX_1_192_288.dat.sz
Min=0, Max=1, range=1
Max absolute error = 0.0000000889
Max relative error = 0.000000
Max pw relative error = 0.000000
PSNR = 172.362081, NRMSE= 2.409328097445515108E-09
normError = 0.000001, normErr_norm = 0.000000
acEff=1.000000
compressionRatio=37.945445
decompression time = 0.006709 seconds.
decompressed data file: ../../CESM-LAND-MODELS/4/log_normalized/sz_1E-7/DWT_CONV_NFLUX_1_192_288.dat.sz.out
  ✓ Compression and decompression successful (ratio: 37.94x)

[33/176] Processing: DWT_NLOSS_1_192_288.dat
compression time = 0.011600
compressed data file: ../../CESM-LAND-MODELS/4/log_normalized/DWT_NLOSS_1_192_288.dat.sz
Min=0, Max=1, range=1
Max absolute error = 0.0000000889
Max relative error = 0.000000
Max pw relative error = 0.000000
PSNR = 172.362081, NRMSE= 2.409328097445515108E-09
normError = 0.000001, normErr_norm = 0.000000
acEff=1.000000
compressionRatio=37.945445
decompression time = 0.005747 seconds.
decompressed data file: ../../CESM-LAND-MODELS/4/log_normalized/sz_1E-7/DWT_NLOSS_1_192_288.dat.sz.out
  ✓ Compression and decompression successful (ratio: 37.94x)

[34/176] Processing: DWT_PROD100C_GAIN_1_192_288.dat
compression time = 0.011437
compressed data file: ../../CESM-LAND-MODELS/4/log_normalized/DWT_PROD100C_GAIN_1_192_288.dat.sz
Min=0, Max=1, range=1
Max absolute error = 0.0000000889
Max relative error = 0.000000
Max pw relative error = 0.000000
PSNR = 172.362081, NRMSE= 2.409328097445515108E-09
normError = 0.000001, normErr_norm = 0.000000
acEff=1.000000
compressionRatio=37.945445
decompression time = 0.006103 seconds.
decompressed data file: ../../CESM-LAND-MODELS/4/log_normalized/sz_1E-7/DWT_PROD100C_GAIN_1_192_288.dat.sz.out
  ✓ Compression and decompression successful (ratio: 37.94x)

[35/176] Processing: DWT_PROD100N_GAIN_1_192_288.dat
compression time = 0.010222
compressed data file: ../../CESM-LAND-MODELS/4/log_normalized/DWT_PROD100N_GAIN_1_192_288.dat.sz
Min=0, Max=1, range=1
Max absolute error = 0.0000000889
Max relative error = 0.000000
Max pw relative error = 0.000000
PSNR = 172.362081, NRMSE= 2.409328097445515108E-09
normError = 0.000001, normErr_norm = 0.000000
acEff=1.000000
compressionRatio=37.945445
decompression time = 0.005503 seconds.
decompressed data file: ../../CESM-LAND-MODELS/4/log_normalized/sz_1E-7/DWT_PROD100N_GAIN_1_192_288.dat.sz.out
  ✓ Compression and decompression successful (ratio: 37.94x)

[36/176] Processing: DWT_PROD10C_GAIN_1_192_288.dat
compression time = 0.011595
compressed data file: ../../CESM-LAND-MODELS/4/log_normalized/DWT_PROD10C_GAIN_1_192_288.dat.sz
Min=0, Max=1, range=1
Max absolute error = 0.0000000889
Max relative error = 0.000000
Max pw relative error = 0.000000
PSNR = 172.362081, NRMSE= 2.409328097445515108E-09
normError = 0.000001, normErr_norm = 0.000000
acEff=1.000000
compressionRatio=37.945445
decompression time = 0.005663 seconds.
decompressed data file: ../../CESM-LAND-MODELS/4/log_normalized/sz_1E-7/DWT_PROD10C_GAIN_1_192_288.dat.sz.out
  ✓ Compression and decompression successful (ratio: 37.94x)

[37/176] Processing: DWT_PROD10N_GAIN_1_192_288.dat
compression time = 0.010969
compressed data file: ../../CESM-LAND-MODELS/4/log_normalized/DWT_PROD10N_GAIN_1_192_288.dat.sz
Min=0, Max=1, range=1
Max absolute error = 0.0000000889
Max relative error = 0.000000
Max pw relative error = 0.000000
PSNR = 172.362081, NRMSE= 2.409328097445515108E-09
normError = 0.000001, normErr_norm = 0.000000
acEff=1.000000
compressionRatio=37.945445
decompression time = 0.005774 seconds.
decompressed data file: ../../CESM-LAND-MODELS/4/log_normalized/sz_1E-7/DWT_PROD10N_GAIN_1_192_288.dat.sz.out
  ✓ Compression and decompression successful (ratio: 37.94x)

[38/176] Processing: DWT_SEEDC_TO_DEADSTEM_1_192_288.dat
compression time = 0.009047
compressed data file: ../../CESM-LAND-MODELS/4/log_normalized/DWT_SEEDC_TO_DEADSTEM_1_192_288.dat.sz
Min=0, Max=1, range=1
Max absolute error = 0.0000000889
Max relative error = 0.000000
Max pw relative error = 0.000000
PSNR = 172.362081, NRMSE= 2.409328097445515108E-09
normError = 0.000001, normErr_norm = 0.000000
acEff=1.000000
compressionRatio=37.945445
decompression time = 0.005631 seconds.
decompressed data file: ../../CESM-LAND-MODELS/4/log_normalized/sz_1E-7/DWT_SEEDC_TO_DEADSTEM_1_192_288.dat.sz.out
  ✓ Compression and decompression successful (ratio: 37.94x)

[39/176] Processing: DWT_SEEDC_TO_LEAF_1_192_288.dat
compression time = 0.010976
compressed data file: ../../CESM-LAND-MODELS/4/log_normalized/DWT_SEEDC_TO_LEAF_1_192_288.dat.sz
Min=0, Max=1, range=1
Max absolute error = 0.0000000889
Max relative error = 0.000000
Max pw relative error = 0.000000
PSNR = 172.362081, NRMSE= 2.409328097445515108E-09
normError = 0.000001, normErr_norm = 0.000000
acEff=1.000000
compressionRatio=37.945445
decompression time = 0.005608 seconds.
decompressed data file: ../../CESM-LAND-MODELS/4/log_normalized/sz_1E-7/DWT_SEEDC_TO_LEAF_1_192_288.dat.sz.out
  ✓ Compression and decompression successful (ratio: 37.94x)

[40/176] Processing: DWT_SEEDN_TO_DEADSTEM_1_192_288.dat
compression time = 0.011286
compressed data file: ../../CESM-LAND-MODELS/4/log_normalized/DWT_SEEDN_TO_DEADSTEM_1_192_288.dat.sz
Min=0, Max=1, range=1
Max absolute error = 0.0000000889
Max relative error = 0.000000
Max pw relative error = 0.000000
PSNR = 172.362081, NRMSE= 2.409328097445515108E-09
normError = 0.000001, normErr_norm = 0.000000
acEff=1.000000
compressionRatio=37.945445
decompression time = 0.005893 seconds.
decompressed data file: ../../CESM-LAND-MODELS/4/log_normalized/sz_1E-7/DWT_SEEDN_TO_DEADSTEM_1_192_288.dat.sz.out
  ✓ Compression and decompression successful (ratio: 37.94x)

[41/176] Processing: DWT_SEEDN_TO_LEAF_1_192_288.dat
compression time = 0.010052
compressed data file: ../../CESM-LAND-MODELS/4/log_normalized/DWT_SEEDN_TO_LEAF_1_192_288.dat.sz
Min=0, Max=1, range=1
Max absolute error = 0.0000000889
Max relative error = 0.000000
Max pw relative error = 0.000000
PSNR = 172.362081, NRMSE= 2.409328097445515108E-09
normError = 0.000001, normErr_norm = 0.000000
acEff=1.000000
compressionRatio=37.945445
decompression time = 0.005683 seconds.
decompressed data file: ../../CESM-LAND-MODELS/4/log_normalized/sz_1E-7/DWT_SEEDN_TO_LEAF_1_192_288.dat.sz.out
  ✓ Compression and decompression successful (ratio: 37.94x)

[42/176] Processing: EFLX_DYNBAL_1_192_288.dat
compression time = 0.013416
compressed data file: ../../CESM-LAND-MODELS/4/log_normalized/EFLX_DYNBAL_1_192_288.dat.sz
Min=0, Max=1, range=1
Max absolute error = 0.0000000889
Max relative error = 0.000000
Max pw relative error = 0.000000
PSNR = 172.362081, NRMSE= 2.409328097445515108E-09
normError = 0.000001, normErr_norm = 0.000000
acEff=1.000000
compressionRatio=37.945445
decompression time = 0.006484 seconds.
decompressed data file: ../../CESM-LAND-MODELS/4/log_normalized/sz_1E-7/EFLX_DYNBAL_1_192_288.dat.sz.out
  ✓ Compression and decompression successful (ratio: 37.94x)

[43/176] Processing: EFLX_LH_TOT_R_1_192_288.dat
compression time = 0.018874
compressed data file: ../../CESM-LAND-MODELS/4/log_normalized/EFLX_LH_TOT_R_1_192_288.dat.sz
Min=0, Max=1, range=1
Max absolute error = 0.0000000000
Max relative error = 0.000000
Max pw relative error = 0.000000
PSNR = inf, NRMSE= 0
normError = 0.000000, normErr_norm = 0.000000
acEff=1.000000
compressionRatio=4.197279
decompression time = 0.000825 seconds.
decompressed data file: ../../CESM-LAND-MODELS/4/log_normalized/sz_1E-7/EFLX_LH_TOT_R_1_192_288.dat.sz.out
  ✓ Compression and decompression successful (ratio: 4.19x)

[44/176] Processing: EFLX_LH_TOT_U_1_192_288.dat
compression time = 0.013547
compressed data file: ../../CESM-LAND-MODELS/4/log_normalized/EFLX_LH_TOT_U_1_192_288.dat.sz
Min=0, Max=1, range=1
Max absolute error = 0.0000000997
Max relative error = 0.000000
Max pw relative error = 0.000136
PSNR = 157.623806, NRMSE= 1.3146486189927320961E-08
normError = 0.000003, normErr_norm = 0.000000
acEff=1.000000
compressionRatio=3.968636
decompression time = 0.006958 seconds.
decompressed data file: ../../CESM-LAND-MODELS/4/log_normalized/sz_1E-7/EFLX_LH_TOT_U_1_192_288.dat.sz.out
  ✓ Compression and decompression successful (ratio: 3.96x)

[45/176] Processing: ELAI_1_192_288.dat
compression time = 0.016419
compressed data file: ../../CESM-LAND-MODELS/4/log_normalized/ELAI_1_192_288.dat.sz
Min=0, Max=1, range=1
Max absolute error = 0.0000000000
Max relative error = 0.000000
Max pw relative error = 0.000000
PSNR = inf, NRMSE= 0
normError = 0.000000, normErr_norm = 0.000000
acEff=1.000000
compressionRatio=4.943874
decompression time = 0.000883 seconds.
decompressed data file: ../../CESM-LAND-MODELS/4/log_normalized/sz_1E-7/ELAI_1_192_288.dat.sz.out
  ✓ Compression and decompression successful (ratio: 4.94x)

[46/176] Processing: ER_1_192_288.dat
compression time = 0.012305
compressed data file: ../../CESM-LAND-MODELS/4/log_normalized/ER_1_192_288.dat.sz
Min=0, Max=1, range=1
Max absolute error = 0.0000001000
Max relative error = 0.000000
Max pw relative error = 69.469864
PSNR = 151.099419, NRMSE= 2.7863073970252077014E-08
normError = 0.000007, normErr_norm = 0.000000
acEff=1.000000
compressionRatio=14.182098
decompression time = 0.006150 seconds.
decompressed data file: ../../CESM-LAND-MODELS/4/log_normalized/sz_1E-7/ER_1_192_288.dat.sz.out
  ✓ Compression and decompression successful (ratio: 14.18x)

[47/176] Processing: ERRH2O_1_192_288.dat
compression time = 0.013239
compressed data file: ../../CESM-LAND-MODELS/4/log_normalized/ERRH2O_1_192_288.dat.sz
Min=0, Max=1, range=1
Max absolute error = 0.0000000889
Max relative error = 0.000000
Max pw relative error = 0.000000
PSNR = 172.362081, NRMSE= 2.409328097445515108E-09
normError = 0.000001, normErr_norm = 0.000000
acEff=1.000000
compressionRatio=37.945445
decompression time = 0.006594 seconds.
decompressed data file: ../../CESM-LAND-MODELS/4/log_normalized/sz_1E-7/ERRH2O_1_192_288.dat.sz.out
  ✓ Compression and decompression successful (ratio: 37.94x)

[48/176] Processing: ERRSEB_1_192_288.dat
compression time = 0.010997
compressed data file: ../../CESM-LAND-MODELS/4/log_normalized/ERRSEB_1_192_288.dat.sz
Min=0, Max=1, range=1
Max absolute error = 0.0000000889
Max relative error = 0.000000
Max pw relative error = 0.000000
PSNR = 172.362081, NRMSE= 2.409328097445515108E-09
normError = 0.000001, normErr_norm = 0.000000
acEff=1.000000
compressionRatio=37.945445
decompression time = 0.005565 seconds.
decompressed data file: ../../CESM-LAND-MODELS/4/log_normalized/sz_1E-7/ERRSEB_1_192_288.dat.sz.out
  ✓ Compression and decompression successful (ratio: 37.94x)

[49/176] Processing: ERRSOI_1_192_288.dat
compression time = 0.013087
compressed data file: ../../CESM-LAND-MODELS/4/log_normalized/ERRSOI_1_192_288.dat.sz
Min=0, Max=1, range=1
Max absolute error = 0.0000000889
Max relative error = 0.000000
Max pw relative error = 0.000000
PSNR = 172.362081, NRMSE= 2.409328097445515108E-09
normError = 0.000001, normErr_norm = 0.000000
acEff=1.000000
compressionRatio=37.945445
decompression time = 0.004943 seconds.
decompressed data file: ../../CESM-LAND-MODELS/4/log_normalized/sz_1E-7/ERRSOI_1_192_288.dat.sz.out
  ✓ Compression and decompression successful (ratio: 37.94x)

[50/176] Processing: ERRSOL_1_192_288.dat
compression time = 0.010789
compressed data file: ../../CESM-LAND-MODELS/4/log_normalized/ERRSOL_1_192_288.dat.sz
Min=0, Max=1, range=1
Max absolute error = 0.0000000889
Max relative error = 0.000000
Max pw relative error = 0.000000
PSNR = 172.362081, NRMSE= 2.409328097445515108E-09
normError = 0.000001, normErr_norm = 0.000000
acEff=1.000000
compressionRatio=37.945445
decompression time = 0.005096 seconds.
decompressed data file: ../../CESM-LAND-MODELS/4/log_normalized/sz_1E-7/ERRSOL_1_192_288.dat.sz.out
  ✓ Compression and decompression successful (ratio: 37.94x)

[51/176] Processing: ESAI_1_192_288.dat
compression time = 0.014901
compressed data file: ../../CESM-LAND-MODELS/4/log_normalized/ESAI_1_192_288.dat.sz
Min=0, Max=1, range=1
Max absolute error = 0.0000000000
Max relative error = 0.000000
Max pw relative error = 0.000000
PSNR = inf, NRMSE= 0
normError = 0.000000, normErr_norm = 0.000000
acEff=1.000000
compressionRatio=4.433789
decompression time = 0.000742 seconds.
decompressed data file: ../../CESM-LAND-MODELS/4/log_normalized/sz_1E-7/ESAI_1_192_288.dat.sz.out
  ✓ Compression and decompression successful (ratio: 4.43x)

[52/176] Processing: FCEV_1_192_288.dat
compression time = 0.017054
compressed data file: ../../CESM-LAND-MODELS/4/log_normalized/FCEV_1_192_288.dat.sz
Min=0, Max=1, range=1
Max absolute error = 0.0000000000
Max relative error = 0.000000
Max pw relative error = 0.000000
PSNR = inf, NRMSE= 0
normError = 0.000000, normErr_norm = 0.000000
acEff=1.000000
compressionRatio=4.728781
decompression time = 0.000728 seconds.
decompressed data file: ../../CESM-LAND-MODELS/4/log_normalized/sz_1E-7/FCEV_1_192_288.dat.sz.out
  ✓ Compression and decompression successful (ratio: 4.72x)

[53/176] Processing: FCOV_1_192_288.dat
compression time = 0.014393
compressed data file: ../../CESM-LAND-MODELS/4/log_normalized/FCOV_1_192_288.dat.sz
Min=0, Max=1, range=1
Max absolute error = 0.0000000000
Max relative error = 0.000000
Max pw relative error = 0.000000
PSNR = inf, NRMSE= 0
normError = 0.000000, normErr_norm = 0.000000
acEff=1.000000
compressionRatio=4.032378
decompression time = 0.000735 seconds.
decompressed data file: ../../CESM-LAND-MODELS/4/log_normalized/sz_1E-7/FCOV_1_192_288.dat.sz.out
  ✓ Compression and decompression successful (ratio: 4.03x)

[54/176] Processing: FCTR_1_192_288.dat
compression time = 0.014227
compressed data file: ../../CESM-LAND-MODELS/4/log_normalized/FCTR_1_192_288.dat.sz
Min=0, Max=1, range=1
Max absolute error = 0.0000000000
Max relative error = 0.000000
Max pw relative error = 0.000000
PSNR = inf, NRMSE= 0
normError = 0.000000, normErr_norm = 0.000000
acEff=1.000000
compressionRatio=4.871036
decompression time = 0.000925 seconds.
decompressed data file: ../../CESM-LAND-MODELS/4/log_normalized/sz_1E-7/FCTR_1_192_288.dat.sz.out
  ✓ Compression and decompression successful (ratio: 4.87x)

[55/176] Processing: FGEV_1_192_288.dat
compression time = 0.018774
compressed data file: ../../CESM-LAND-MODELS/4/log_normalized/FGEV_1_192_288.dat.sz
Min=0, Max=1, range=1
Max absolute error = 0.0000000000
Max relative error = 0.000000
Max pw relative error = 0.000000
PSNR = inf, NRMSE= 0
normError = 0.000000, normErr_norm = 0.000000
acEff=1.000000
compressionRatio=2.902144
decompression time = 0.000811 seconds.
decompressed data file: ../../CESM-LAND-MODELS/4/log_normalized/sz_1E-7/FGEV_1_192_288.dat.sz.out
  ✓ Compression and decompression successful (ratio: 2.90x)

[56/176] Processing: FGR_1_192_288.dat
compression time = 0.014759
compressed data file: ../../CESM-LAND-MODELS/4/log_normalized/FGR_1_192_288.dat.sz
Min=0, Max=1, range=1
Max absolute error = 0.0000000000
Max relative error = 0.000000
Max pw relative error = 0.000000
PSNR = inf, NRMSE= 0
normError = 0.000000, normErr_norm = 0.000000
acEff=1.000000
compressionRatio=3.173098
decompression time = 0.000878 seconds.
decompressed data file: ../../CESM-LAND-MODELS/4/log_normalized/sz_1E-7/FGR_1_192_288.dat.sz.out
  ✓ Compression and decompression successful (ratio: 3.17x)

[57/176] Processing: FGR12_1_192_288.dat
compression time = 0.014363
compressed data file: ../../CESM-LAND-MODELS/4/log_normalized/FGR12_1_192_288.dat.sz
Min=0, Max=1, range=1
Max absolute error = 0.0000000000
Max relative error = 0.000000
Max pw relative error = 0.000000
PSNR = inf, NRMSE= 0
normError = 0.000000, normErr_norm = 0.000000
acEff=1.000000
compressionRatio=3.135183
decompression time = 0.000811 seconds.
decompressed data file: ../../CESM-LAND-MODELS/4/log_normalized/sz_1E-7/FGR12_1_192_288.dat.sz.out
  ✓ Compression and decompression successful (ratio: 3.13x)

[58/176] Processing: FGR_R_1_192_288.dat
compression time = 0.015373
compressed data file: ../../CESM-LAND-MODELS/4/log_normalized/FGR_R_1_192_288.dat.sz
Min=0, Max=1, range=1
Max absolute error = 0.0000000000
Max relative error = 0.000000
Max pw relative error = 0.000000
PSNR = inf, NRMSE= 0
normError = 0.000000, normErr_norm = 0.000000
acEff=1.000000
compressionRatio=4.444480
decompression time = 0.000880 seconds.
decompressed data file: ../../CESM-LAND-MODELS/4/log_normalized/sz_1E-7/FGR_R_1_192_288.dat.sz.out
  ✓ Compression and decompression successful (ratio: 4.44x)

[59/176] Processing: FGR_U_1_192_288.dat
compression time = 0.012780
compressed data file: ../../CESM-LAND-MODELS/4/log_normalized/FGR_U_1_192_288.dat.sz
Min=0, Max=1, range=1
Max absolute error = 0.0000000969
Max relative error = 0.000000
Max pw relative error = 0.000002
PSNR = 157.057014, NRMSE= 1.4032960911737669502E-08
normError = 0.000003, normErr_norm = 0.000000
acEff=1.000000
compressionRatio=4.859692
decompression time = 0.006336 seconds.
decompressed data file: ../../CESM-LAND-MODELS/4/log_normalized/sz_1E-7/FGR_U_1_192_288.dat.sz.out
  ✓ Compression and decompression successful (ratio: 4.85x)

[60/176] Processing: FIRA_1_192_288.dat
compression time = 0.017224
compressed data file: ../../CESM-LAND-MODELS/4/log_normalized/FIRA_1_192_288.dat.sz
Min=0, Max=1, range=1
Max absolute error = 0.0000000000
Max relative error = 0.000000
Max pw relative error = 0.000000
PSNR = inf, NRMSE= 0
normError = 0.000000, normErr_norm = 0.000000
acEff=1.000000
compressionRatio=3.018135
decompression time = 0.000778 seconds.
decompressed data file: ../../CESM-LAND-MODELS/4/log_normalized/sz_1E-7/FIRA_1_192_288.dat.sz.out
  ✓ Compression and decompression successful (ratio: 3.01x)

[61/176] Processing: FIRA_R_1_192_288.dat
compression time = 0.018017
compressed data file: ../../CESM-LAND-MODELS/4/log_normalized/FIRA_R_1_192_288.dat.sz
Min=0, Max=1, range=1
Max absolute error = 0.0000000000
Max relative error = 0.000000
Max pw relative error = 0.000000
PSNR = inf, NRMSE= 0
normError = 0.000000, normErr_norm = 0.000000
acEff=1.000000
compressionRatio=4.289338
decompression time = 0.000798 seconds.
decompressed data file: ../../CESM-LAND-MODELS/4/log_normalized/sz_1E-7/FIRA_R_1_192_288.dat.sz.out
  ✓ Compression and decompression successful (ratio: 4.28x)

[62/176] Processing: FIRA_U_1_192_288.dat
compression time = 0.013466
compressed data file: ../../CESM-LAND-MODELS/4/log_normalized/FIRA_U_1_192_288.dat.sz
Min=0, Max=1, range=1
Max absolute error = 0.0000000987
Max relative error = 0.000000
Max pw relative error = 0.000008
PSNR = 157.267154, NRMSE= 1.3697531251406784349E-08
normError = 0.000003, normErr_norm = 0.000000
acEff=1.000000
compressionRatio=3.898477
decompression time = 0.006917 seconds.
decompressed data file: ../../CESM-LAND-MODELS/4/log_normalized/sz_1E-7/FIRA_U_1_192_288.dat.sz.out
  ✓ Compression and decompression successful (ratio: 3.89x)

[63/176] Processing: FIRE_1_192_288.dat
compression time = 0.016260
compressed data file: ../../CESM-LAND-MODELS/4/log_normalized/FIRE_1_192_288.dat.sz
Min=0, Max=1, range=1
Max absolute error = 0.0000000000
Max relative error = 0.000000
Max pw relative error = 0.000000
PSNR = inf, NRMSE= 0
normError = 0.000000, normErr_norm = 0.000000
acEff=1.000000
compressionRatio=3.034865
decompression time = 0.000818 seconds.
decompressed data file: ../../CESM-LAND-MODELS/4/log_normalized/sz_1E-7/FIRE_1_192_288.dat.sz.out
  ✓ Compression and decompression successful (ratio: 3.03x)

[64/176] Processing: FIRESEASONL_1_192_288.dat
compression time = 0.015175
compressed data file: ../../CESM-LAND-MODELS/4/log_normalized/FIRESEASONL_1_192_288.dat.sz
Min=0, Max=1, range=1
Max absolute error = 0.0000000999
Max relative error = 0.000000
Max pw relative error = 58.312789
PSNR = 153.386832, NRMSE= 2.1412058176919118603E-08
normError = 0.000005, normErr_norm = 0.000000
acEff=1.000000
compressionRatio=2.076397
decompression time = 0.006500 seconds.
decompressed data file: ../../CESM-LAND-MODELS/4/log_normalized/sz_1E-7/FIRESEASONL_1_192_288.dat.sz.out
  ✓ Compression and decompression successful (ratio: 2.07x)

[65/176] Processing: FLDS_1_192_288.dat
compression time = 0.013582
compressed data file: ../../CESM-LAND-MODELS/4/log_normalized/FLDS_1_192_288.dat.sz
Min=0, Max=1, range=1
Max absolute error = 0.0000000000
Max relative error = 0.000000
Max pw relative error = 0.000000
PSNR = inf, NRMSE= 0
normError = 0.000000, normErr_norm = 0.000000
acEff=1.000000
compressionRatio=3.046905
decompression time = 0.000876 seconds.
decompressed data file: ../../CESM-LAND-MODELS/4/log_normalized/sz_1E-7/FLDS_1_192_288.dat.sz.out
  ✓ Compression and decompression successful (ratio: 3.04x)

[66/176] Processing: FLUXFM2A_1_192_288.dat
compression time = 0.010242
compressed data file: ../../CESM-LAND-MODELS/4/log_normalized/FLUXFM2A_1_192_288.dat.sz
Min=0, Max=1, range=1
Max absolute error = 0.0000000889
Max relative error = 0.000000
Max pw relative error = 0.000000
PSNR = 172.362081, NRMSE= 2.409328097445515108E-09
normError = 0.000001, normErr_norm = 0.000000
acEff=1.000000
compressionRatio=37.945445
decompression time = 0.005221 seconds.
decompressed data file: ../../CESM-LAND-MODELS/4/log_normalized/sz_1E-7/FLUXFM2A_1_192_288.dat.sz.out
  ✓ Compression and decompression successful (ratio: 37.94x)

[67/176] Processing: FLUXFMLND_1_192_288.dat
compression time = 0.012456
compressed data file: ../../CESM-LAND-MODELS/4/log_normalized/FLUXFMLND_1_192_288.dat.sz
Min=0, Max=1, range=1
Max absolute error = 0.0000000889
Max relative error = 0.000000
Max pw relative error = 0.000000
PSNR = 172.362081, NRMSE= 2.409328097445515108E-09
normError = 0.000001, normErr_norm = 0.000000
acEff=1.000000
compressionRatio=37.945445
decompression time = 0.005175 seconds.
decompressed data file: ../../CESM-LAND-MODELS/4/log_normalized/sz_1E-7/FLUXFMLND_1_192_288.dat.sz.out
  ✓ Compression and decompression successful (ratio: 37.94x)

[68/176] Processing: FPG_1_192_288.dat
compression time = 0.016074
compressed data file: ../../CESM-LAND-MODELS/4/log_normalized/FPG_1_192_288.dat.sz
Min=0, Max=1, range=1
Max absolute error = 0.0000000999
Max relative error = 0.000000
Max pw relative error = 0.000477
PSNR = 152.060868, NRMSE= 2.4943455562909899679E-08
normError = 0.000006, normErr_norm = 0.000000
acEff=1.000000
compressionRatio=2.776113
decompression time = 0.007800 seconds.
decompressed data file: ../../CESM-LAND-MODELS/4/log_normalized/sz_1E-7/FPG_1_192_288.dat.sz.out
  ✓ Compression and decompression successful (ratio: 2.77x)

[69/176] Processing: FPI_1_192_288.dat
compression time = 0.017683
compressed data file: ../../CESM-LAND-MODELS/4/log_normalized/FPI_1_192_288.dat.sz
Min=0, Max=1, range=1
Max absolute error = 0.0000000999
Max relative error = 0.000000
Max pw relative error = 0.003415
PSNR = 150.506631, NRMSE= 2.9831045495668065574E-08
normError = 0.000007, normErr_norm = 0.000000
acEff=1.000000
compressionRatio=1.991590
decompression time = 0.008051 seconds.
decompressed data file: ../../CESM-LAND-MODELS/4/log_normalized/sz_1E-7/FPI_1_192_288.dat.sz.out
  ✓ Compression and decompression successful (ratio: 1.99x)

[70/176] Processing: FPSN_1_192_288.dat
compression time = 0.016212
compressed data file: ../../CESM-LAND-MODELS/4/log_normalized/FPSN_1_192_288.dat.sz
Min=0, Max=1, range=1
Max absolute error = 0.0000000000
Max relative error = 0.000000
Max pw relative error = 0.000000
PSNR = inf, NRMSE= 0
normError = 0.000000, normErr_norm = 0.000000
acEff=1.000000
compressionRatio=5.038360
decompression time = 0.000768 seconds.
decompressed data file: ../../CESM-LAND-MODELS/4/log_normalized/sz_1E-7/FPSN_1_192_288.dat.sz.out
  ✓ Compression and decompression successful (ratio: 5.03x)

[71/176] Processing: FROOTC_1_192_288.dat
compression time = 0.018388
compressed data file: ../../CESM-LAND-MODELS/4/log_normalized/FROOTC_1_192_288.dat.sz
Min=0, Max=1, range=1
Max absolute error = 0.0000000000
Max relative error = 0.000000
Max pw relative error = 0.000000
PSNR = inf, NRMSE= 0
normError = 0.000000, normErr_norm = 0.000000
acEff=1.000000
compressionRatio=5.081069
decompression time = 0.000830 seconds.
decompressed data file: ../../CESM-LAND-MODELS/4/log_normalized/sz_1E-7/FROOTC_1_192_288.dat.sz.out
  ✓ Compression and decompression successful (ratio: 5.08x)

[72/176] Processing: FROOTC_ALLOC_1_192_288.dat
compression time = 0.011346
compressed data file: ../../CESM-LAND-MODELS/4/log_normalized/FROOTC_ALLOC_1_192_288.dat.sz
Min=0, Max=1, range=1
Max absolute error = 0.0000000999
Max relative error = 0.000000
Max pw relative error = 66.446502
PSNR = 154.091914, NRMSE= 1.9742598060374028001E-08
normError = 0.000005, normErr_norm = 0.000000
acEff=1.000000
compressionRatio=22.609016
decompression time = 0.005499 seconds.
decompressed data file: ../../CESM-LAND-MODELS/4/log_normalized/sz_1E-7/FROOTC_ALLOC_1_192_288.dat.sz.out
  ✓ Compression and decompression successful (ratio: 22.60x)

[73/176] Processing: FROOTC_LOSS_1_192_288.dat
compression time = 0.014581
compressed data file: ../../CESM-LAND-MODELS/4/log_normalized/FROOTC_LOSS_1_192_288.dat.sz
Min=0, Max=1, range=1
Max absolute error = 0.0000001000
Max relative error = 0.000000
Max pw relative error = 68.624976
PSNR = 152.214435, NRMSE= 2.4506329592878871973E-08
normError = 0.000006, normErr_norm = 0.000000
acEff=1.000000
compressionRatio=19.107118
decompression time = 0.006376 seconds.
decompressed data file: ../../CESM-LAND-MODELS/4/log_normalized/sz_1E-7/FROOTC_LOSS_1_192_288.dat.sz.out
  ✓ Compression and decompression successful (ratio: 19.10x)

[74/176] Processing: FROOTN_1_192_288.dat
compression time = 0.015484
compressed data file: ../../CESM-LAND-MODELS/4/log_normalized/FROOTN_1_192_288.dat.sz
Min=0, Max=1, range=1
Max absolute error = 0.0000000000
Max relative error = 0.000000
Max pw relative error = 0.000000
PSNR = inf, NRMSE= 0
normError = 0.000000, normErr_norm = 0.000000
acEff=1.000000
compressionRatio=4.962621
decompression time = 0.000763 seconds.
decompressed data file: ../../CESM-LAND-MODELS/4/log_normalized/sz_1E-7/FROOTN_1_192_288.dat.sz.out
  ✓ Compression and decompression successful (ratio: 4.96x)

[75/176] Processing: FSA_1_192_288.dat
compression time = 0.017319
compressed data file: ../../CESM-LAND-MODELS/4/log_normalized/FSA_1_192_288.dat.sz
Min=0, Max=1, range=1
Max absolute error = 0.0000000000
Max relative error = 0.000000
Max pw relative error = 0.000000
PSNR = inf, NRMSE= 0
normError = 0.000000, normErr_norm = 0.000000
acEff=1.000000
compressionRatio=3.259849
decompression time = 0.000793 seconds.
decompressed data file: ../../CESM-LAND-MODELS/4/log_normalized/sz_1E-7/FSA_1_192_288.dat.sz.out
  ✓ Compression and decompression successful (ratio: 3.25x)

[76/176] Processing: FSA_R_1_192_288.dat
compression time = 0.015848
compressed data file: ../../CESM-LAND-MODELS/4/log_normalized/FSA_R_1_192_288.dat.sz
Min=0, Max=1, range=1
Max absolute error = 0.0000000000
Max relative error = 0.000000
Max pw relative error = 0.000000
PSNR = inf, NRMSE= 0
normError = 0.000000, normErr_norm = 0.000000
acEff=1.000000
compressionRatio=4.698844
decompression time = 0.000788 seconds.
decompressed data file: ../../CESM-LAND-MODELS/4/log_normalized/sz_1E-7/FSA_R_1_192_288.dat.sz.out
  ✓ Compression and decompression successful (ratio: 4.69x)

[77/176] Processing: FSAT_1_192_288.dat
compression time = 0.013745
compressed data file: ../../CESM-LAND-MODELS/4/log_normalized/FSAT_1_192_288.dat.sz
Min=0, Max=1, range=1
Max absolute error = 0.0000001000
Max relative error = 0.000000
Max pw relative error = 5.678665
PSNR = 150.434317, NRMSE= 3.008043864749812645E-08
normError = 0.000007, normErr_norm = 0.000000
acEff=1.000000
compressionRatio=2.317592
decompression time = 0.007151 seconds.
decompressed data file: ../../CESM-LAND-MODELS/4/log_normalized/sz_1E-7/FSAT_1_192_288.dat.sz.out
  ✓ Compression and decompression successful (ratio: 2.31x)

[78/176] Processing: FSA_U_1_192_288.dat
compression time = 0.013428
compressed data file: ../../CESM-LAND-MODELS/4/log_normalized/FSA_U_1_192_288.dat.sz
Min=0, Max=1, range=1
Max absolute error = 0.0000000999
Max relative error = 0.000000
Max pw relative error = 0.000771
PSNR = 157.022081, NRMSE= 1.4089511644215821886E-08
normError = 0.000003, normErr_norm = 0.000000
acEff=1.000000
compressionRatio=3.981280
decompression time = 0.005574 seconds.
decompressed data file: ../../CESM-LAND-MODELS/4/log_normalized/sz_1E-7/FSA_U_1_192_288.dat.sz.out
  ✓ Compression and decompression successful (ratio: 3.98x)

[79/176] Processing: FSDS_1_192_288.dat
compression time = 0.014002
compressed data file: ../../CESM-LAND-MODELS/4/log_normalized/FSDS_1_192_288.dat.sz
Min=0, Max=1, range=1
Max absolute error = 0.0000000000
Max relative error = 0.000000
Max pw relative error = 0.000000
PSNR = inf, NRMSE= 0
normError = 0.000000, normErr_norm = 0.000000
acEff=1.000000
compressionRatio=3.338778
decompression time = 0.000752 seconds.
decompressed data file: ../../CESM-LAND-MODELS/4/log_normalized/sz_1E-7/FSDS_1_192_288.dat.sz.out
  ✓ Compression and decompression successful (ratio: 3.33x)

[80/176] Processing: FSDSND_1_192_288.dat
compression time = 0.020578
compressed data file: ../../CESM-LAND-MODELS/4/log_normalized/FSDSND_1_192_288.dat.sz
Min=0, Max=1, range=1
Max absolute error = 0.0000000000
Max relative error = 0.000000
Max pw relative error = 0.000000
PSNR = inf, NRMSE= 0
normError = 0.000000, normErr_norm = 0.000000
acEff=1.000000
compressionRatio=3.260281
decompression time = 0.001055 seconds.
decompressed data file: ../../CESM-LAND-MODELS/4/log_normalized/sz_1E-7/FSDSND_1_192_288.dat.sz.out
  ✓ Compression and decompression successful (ratio: 3.26x)

[81/176] Processing: FSDSNDLN_1_192_288.dat
compression time = 0.017940
compressed data file: ../../CESM-LAND-MODELS/4/log_normalized/FSDSNDLN_1_192_288.dat.sz
Min=0, Max=1, range=1
Max absolute error = 0.0000000000
Max relative error = 0.000000
Max pw relative error = 0.000000
PSNR = inf, NRMSE= 0
normError = 0.000000, normErr_norm = 0.000000
acEff=1.000000
compressionRatio=3.314859
decompression time = 0.000809 seconds.
decompressed data file: ../../CESM-LAND-MODELS/4/log_normalized/sz_1E-7/FSDSNDLN_1_192_288.dat.sz.out
  ✓ Compression and decompression successful (ratio: 3.31x)

[82/176] Processing: FSDSNI_1_192_288.dat
compression time = 0.015264
compressed data file: ../../CESM-LAND-MODELS/4/log_normalized/FSDSNI_1_192_288.dat.sz
Min=0, Max=1, range=1
Max absolute error = 0.0000000000
Max relative error = 0.000000
Max pw relative error = 0.000000
PSNR = inf, NRMSE= 0
normError = 0.000000, normErr_norm = 0.000000
acEff=1.000000
compressionRatio=3.237613
decompression time = 0.000785 seconds.
decompressed data file: ../../CESM-LAND-MODELS/4/log_normalized/sz_1E-7/FSDSNI_1_192_288.dat.sz.out
  ✓ Compression and decompression successful (ratio: 3.23x)

[83/176] Processing: FSDSVD_1_192_288.dat
compression time = 0.014785
compressed data file: ../../CESM-LAND-MODELS/4/log_normalized/FSDSVD_1_192_288.dat.sz
Min=0, Max=1, range=1
Max absolute error = 0.0000000000
Max relative error = 0.000000
Max pw relative error = 0.000000
PSNR = inf, NRMSE= 0
normError = 0.000000, normErr_norm = 0.000000
acEff=1.000000
compressionRatio=3.261291
decompression time = 0.000819 seconds.
decompressed data file: ../../CESM-LAND-MODELS/4/log_normalized/sz_1E-7/FSDSVD_1_192_288.dat.sz.out
  ✓ Compression and decompression successful (ratio: 3.26x)

[84/176] Processing: FSDSVDLN_1_192_288.dat
compression time = 0.017751
compressed data file: ../../CESM-LAND-MODELS/4/log_normalized/FSDSVDLN_1_192_288.dat.sz
Min=0, Max=1, range=1
Max absolute error = 0.0000000000
Max relative error = 0.000000
Max pw relative error = 0.000000
PSNR = inf, NRMSE= 0
normError = 0.000000, normErr_norm = 0.000000
acEff=1.000000
compressionRatio=3.283805
decompression time = 0.000799 seconds.
decompressed data file: ../../CESM-LAND-MODELS/4/log_normalized/sz_1E-7/FSDSVDLN_1_192_288.dat.sz.out
  ✓ Compression and decompression successful (ratio: 3.28x)

[85/176] Processing: FSDSVI_1_192_288.dat
compression time = 0.016035
compressed data file: ../../CESM-LAND-MODELS/4/log_normalized/FSDSVI_1_192_288.dat.sz
Min=0, Max=1, range=1
Max absolute error = 0.0000000000
Max relative error = 0.000000
Max pw relative error = 0.000000
PSNR = inf, NRMSE= 0
normError = 0.000000, normErr_norm = 0.000000
acEff=1.000000
compressionRatio=3.252754
decompression time = 0.000739 seconds.
decompressed data file: ../../CESM-LAND-MODELS/4/log_normalized/sz_1E-7/FSDSVI_1_192_288.dat.sz.out
  ✓ Compression and decompression successful (ratio: 3.25x)

[86/176] Processing: FSH_1_192_288.dat
compression time = 0.017381
compressed data file: ../../CESM-LAND-MODELS/4/log_normalized/FSH_1_192_288.dat.sz
Min=0, Max=1, range=1
Max absolute error = 0.0000000000
Max relative error = 0.000000
Max pw relative error = 0.000000
PSNR = inf, NRMSE= 0
normError = 0.000000, normErr_norm = 0.000000
acEff=1.000000
compressionRatio=3.069144
decompression time = 0.000746 seconds.
decompressed data file: ../../CESM-LAND-MODELS/4/log_normalized/sz_1E-7/FSH_1_192_288.dat.sz.out
  ✓ Compression and decompression successful (ratio: 3.06x)

[87/176] Processing: FSH_G_1_192_288.dat
compression time = 0.016253
compressed data file: ../../CESM-LAND-MODELS/4/log_normalized/FSH_G_1_192_288.dat.sz
Min=0, Max=1, range=1
Max absolute error = 0.0000000000
Max relative error = 0.000000
Max pw relative error = 0.000000
PSNR = inf, NRMSE= 0
normError = 0.000000, normErr_norm = 0.000000
acEff=1.000000
compressionRatio=3.106473
decompression time = 0.000867 seconds.
decompressed data file: ../../CESM-LAND-MODELS/4/log_normalized/sz_1E-7/FSH_G_1_192_288.dat.sz.out
  ✓ Compression and decompression successful (ratio: 3.10x)

[88/176] Processing: FSH_NODYNLNDUSE_1_192_288.dat
compression time = 0.016692
compressed data file: ../../CESM-LAND-MODELS/4/log_normalized/FSH_NODYNLNDUSE_1_192_288.dat.sz
Min=0, Max=1, range=1
Max absolute error = 0.0000000000
Max relative error = 0.000000
Max pw relative error = 0.000000
PSNR = inf, NRMSE= 0
normError = 0.000000, normErr_norm = 0.000000
acEff=1.000000
compressionRatio=3.069144
decompression time = 0.000811 seconds.
decompressed data file: ../../CESM-LAND-MODELS/4/log_normalized/sz_1E-7/FSH_NODYNLNDUSE_1_192_288.dat.sz.out
  ✓ Compression and decompression successful (ratio: 3.06x)

[89/176] Processing: FSH_R_1_192_288.dat
compression time = 0.015274
compressed data file: ../../CESM-LAND-MODELS/4/log_normalized/FSH_R_1_192_288.dat.sz
Min=0, Max=1, range=1
Max absolute error = 0.0000000000
Max relative error = 0.000000
Max pw relative error = 0.000000
PSNR = inf, NRMSE= 0
normError = 0.000000, normErr_norm = 0.000000
acEff=1.000000
compressionRatio=4.389268
decompression time = 0.000760 seconds.
decompressed data file: ../../CESM-LAND-MODELS/4/log_normalized/sz_1E-7/FSH_R_1_192_288.dat.sz.out
  ✓ Compression and decompression successful (ratio: 4.38x)

[90/176] Processing: FSH_U_1_192_288.dat
compression time = 0.013471
compressed data file: ../../CESM-LAND-MODELS/4/log_normalized/FSH_U_1_192_288.dat.sz
Min=0, Max=1, range=1
Max absolute error = 0.0000000969
Max relative error = 0.000000
Max pw relative error = 0.000003
PSNR = 157.284375, NRMSE= 1.3670401430163483382E-08
normError = 0.000003, normErr_norm = 0.000000
acEff=1.000000
compressionRatio=3.905223
decompression time = 0.006915 seconds.
decompressed data file: ../../CESM-LAND-MODELS/4/log_normalized/sz_1E-7/FSH_U_1_192_288.dat.sz.out
  ✓ Compression and decompression successful (ratio: 3.90x)

[91/176] Processing: FSH_V_1_192_288.dat
compression time = 0.015210
compressed data file: ../../CESM-LAND-MODELS/4/log_normalized/FSH_V_1_192_288.dat.sz
Min=0, Max=1, range=1
Max absolute error = 0.0000000000
Max relative error = 0.000000
Max pw relative error = 0.000000
PSNR = inf, NRMSE= 0
normError = 0.000000, normErr_norm = 0.000000
acEff=1.000000
compressionRatio=4.833355
decompression time = 0.000775 seconds.
decompressed data file: ../../CESM-LAND-MODELS/4/log_normalized/sz_1E-7/FSH_V_1_192_288.dat.sz.out
  ✓ Compression and decompression successful (ratio: 4.83x)

[92/176] Processing: FSM_1_192_288.dat
compression time = 0.017445
compressed data file: ../../CESM-LAND-MODELS/4/log_normalized/FSM_1_192_288.dat.sz
Min=0, Max=1, range=1
Max absolute error = 0.0000000999
Max relative error = 0.000000
Max pw relative error = 68.999717
PSNR = 150.157202, NRMSE= 3.1055597948847436654E-08
normError = 0.000007, normErr_norm = 0.000000
acEff=1.000000
compressionRatio=1.990300
decompression time = 0.007734 seconds.
decompressed data file: ../../CESM-LAND-MODELS/4/log_normalized/sz_1E-7/FSM_1_192_288.dat.sz.out
  ✓ Compression and decompression successful (ratio: 1.99x)

[93/176] Processing: FSM_R_1_192_288.dat
compression time = 0.011625
compressed data file: ../../CESM-LAND-MODELS/4/log_normalized/FSM_R_1_192_288.dat.sz
Min=0, Max=1, range=1
Max absolute error = 0.0000001000
Max relative error = 0.000000
Max pw relative error = 68.999717
PSNR = 151.783130, NRMSE= 2.5753928816517344962E-08
normError = 0.000006, normErr_norm = 0.000000
acEff=1.000000
compressionRatio=2.833222
decompression time = 0.006654 seconds.
decompressed data file: ../../CESM-LAND-MODELS/4/log_normalized/sz_1E-7/FSM_R_1_192_288.dat.sz.out
  ✓ Compression and decompression successful (ratio: 2.83x)

[94/176] Processing: FSM_U_1_192_288.dat
compression time = 0.009909
compressed data file: ../../CESM-LAND-MODELS/4/log_normalized/FSM_U_1_192_288.dat.sz
Min=0, Max=1, range=1
Max absolute error = 0.0000000999
Max relative error = 0.000000
Max pw relative error = 59.779973
PSNR = 158.603762, NRMSE= 1.1743887457767593715E-08
normError = 0.000003, normErr_norm = 0.000000
acEff=1.000000
compressionRatio=7.601608
decompression time = 0.005430 seconds.
decompressed data file: ../../CESM-LAND-MODELS/4/log_normalized/sz_1E-7/FSM_U_1_192_288.dat.sz.out
  ✓ Compression and decompression successful (ratio: 7.60x)

[95/176] Processing: FSNO_1_192_288.dat
compression time = 0.013994
compressed data file: ../../CESM-LAND-MODELS/4/log_normalized/FSNO_1_192_288.dat.sz
Min=0, Max=1, range=1
Max absolute error = 0.0000000999
Max relative error = 0.000000
Max pw relative error = 57.955153
PSNR = 151.783971, NRMSE= 2.5751435315681800791E-08
normError = 0.000006, normErr_norm = 0.000000
acEff=1.000000
compressionRatio=3.667695
decompression time = 0.005979 seconds.
decompressed data file: ../../CESM-LAND-MODELS/4/log_normalized/sz_1E-7/FSNO_1_192_288.dat.sz.out
  ✓ Compression and decompression successful (ratio: 3.66x)

[96/176] Processing: FSR_1_192_288.dat
compression time = 0.017166
compressed data file: ../../CESM-LAND-MODELS/4/log_normalized/FSR_1_192_288.dat.sz
Min=0, Max=1, range=1
Max absolute error = 0.0000000000
Max relative error = 0.000000
Max pw relative error = 0.000000
PSNR = inf, NRMSE= 0
normError = 0.000000, normErr_norm = 0.000000
acEff=1.000000
compressionRatio=3.289862
decompression time = 0.000932 seconds.
decompressed data file: ../../CESM-LAND-MODELS/4/log_normalized/sz_1E-7/FSR_1_192_288.dat.sz.out
  ✓ Compression and decompression successful (ratio: 3.28x)

[97/176] Processing: FSRND_1_192_288.dat
compression time = 0.016634
compressed data file: ../../CESM-LAND-MODELS/4/log_normalized/FSRND_1_192_288.dat.sz
Min=0, Max=1, range=1
Max absolute error = 0.0000000000
Max relative error = 0.000000
Max pw relative error = 0.000000
PSNR = inf, NRMSE= 0
normError = 0.000000, normErr_norm = 0.000000
acEff=1.000000
compressionRatio=3.199445
decompression time = 0.000792 seconds.
decompressed data file: ../../CESM-LAND-MODELS/4/log_normalized/sz_1E-7/FSRND_1_192_288.dat.sz.out
  ✓ Compression and decompression successful (ratio: 3.19x)

[98/176] Processing: FSRNDLN_1_192_288.dat
compression time = 0.016861
compressed data file: ../../CESM-LAND-MODELS/4/log_normalized/FSRNDLN_1_192_288.dat.sz
Min=0, Max=1, range=1
Max absolute error = 0.0000000000
Max relative error = 0.000000
Max pw relative error = 0.000000
PSNR = inf, NRMSE= 0
normError = 0.000000, normErr_norm = 0.000000
acEff=1.000000
compressionRatio=3.236997
decompression time = 0.000752 seconds.
decompressed data file: ../../CESM-LAND-MODELS/4/log_normalized/sz_1E-7/FSRNDLN_1_192_288.dat.sz.out
  ✓ Compression and decompression successful (ratio: 3.23x)

[99/176] Processing: FSRNI_1_192_288.dat
compression time = 0.017659
compressed data file: ../../CESM-LAND-MODELS/4/log_normalized/FSRNI_1_192_288.dat.sz
Min=0, Max=1, range=1
Max absolute error = 0.0000000000
Max relative error = 0.000000
Max pw relative error = 0.000000
PSNR = inf, NRMSE= 0
normError = 0.000000, normErr_norm = 0.000000
acEff=1.000000
compressionRatio=3.169688
decompression time = 0.000749 seconds.
decompressed data file: ../../CESM-LAND-MODELS/4/log_normalized/sz_1E-7/FSRNI_1_192_288.dat.sz.out
  ✓ Compression and decompression successful (ratio: 3.16x)

[100/176] Processing: FSRVD_1_192_288.dat
compression time = 0.017316
compressed data file: ../../CESM-LAND-MODELS/4/log_normalized/FSRVD_1_192_288.dat.sz
Min=0, Max=1, range=1
Max absolute error = 0.0000000000
Max relative error = 0.000000
Max pw relative error = 0.000000
PSNR = inf, NRMSE= 0
normError = 0.000000, normErr_norm = 0.000000
acEff=1.000000
compressionRatio=3.155624
decompression time = 0.000838 seconds.
decompressed data file: ../../CESM-LAND-MODELS/4/log_normalized/sz_1E-7/FSRVD_1_192_288.dat.sz.out
  ✓ Compression and decompression successful (ratio: 3.15x)

[101/176] Processing: FSRVDLN_1_192_288.dat
compression time = 0.015508
compressed data file: ../../CESM-LAND-MODELS/4/log_normalized/FSRVDLN_1_192_288.dat.sz
Min=0, Max=1, range=1
Max absolute error = 0.0000000000
Max relative error = 0.000000
Max pw relative error = 0.000000
PSNR = inf, NRMSE= 0
normError = 0.000000, normErr_norm = 0.000000
acEff=1.000000
compressionRatio=3.180079
decompression time = 0.000814 seconds.
decompressed data file: ../../CESM-LAND-MODELS/4/log_normalized/sz_1E-7/FSRVDLN_1_192_288.dat.sz.out
  ✓ Compression and decompression successful (ratio: 3.18x)

[102/176] Processing: FSRVI_1_192_288.dat
compression time = 0.019046
compressed data file: ../../CESM-LAND-MODELS/4/log_normalized/FSRVI_1_192_288.dat.sz
Min=0, Max=1, range=1
Max absolute error = 0.0000000000
Max relative error = 0.000000
Max pw relative error = 0.000000
PSNR = inf, NRMSE= 0
normError = 0.000000, normErr_norm = 0.000000
acEff=1.000000
compressionRatio=3.178662
decompression time = 0.000822 seconds.
decompressed data file: ../../CESM-LAND-MODELS/4/log_normalized/sz_1E-7/FSRVI_1_192_288.dat.sz.out
  ✓ Compression and decompression successful (ratio: 3.17x)

[103/176] Processing: GC_HEAT1_1_192_288.dat
compression time = 0.015354
compressed data file: ../../CESM-LAND-MODELS/4/log_normalized/GC_HEAT1_1_192_288.dat.sz
Min=0, Max=1, range=1
Max absolute error = 0.0000000000
Max relative error = 0.000000
Max pw relative error = 0.000000
PSNR = inf, NRMSE= 0
normError = 0.000000, normErr_norm = 0.000000
acEff=1.000000
compressionRatio=3.282733
decompression time = 0.000863 seconds.
decompressed data file: ../../CESM-LAND-MODELS/4/log_normalized/sz_1E-7/GC_HEAT1_1_192_288.dat.sz.out
  ✓ Compression and decompression successful (ratio: 3.28x)

[104/176] Processing: GC_HEAT2_1_192_288.dat
compression time = 0.010873
compressed data file: ../../CESM-LAND-MODELS/4/log_normalized/GC_HEAT2_1_192_288.dat.sz
Min=0, Max=1, range=1
Max absolute error = 0.0000000889
Max relative error = 0.000000
Max pw relative error = 0.000000
PSNR = 172.362081, NRMSE= 2.409328097445515108E-09
normError = 0.000001, normErr_norm = 0.000000
acEff=1.000000
compressionRatio=37.945445
decompression time = 0.005999 seconds.
decompressed data file: ../../CESM-LAND-MODELS/4/log_normalized/sz_1E-7/GC_HEAT2_1_192_288.dat.sz.out
  ✓ Compression and decompression successful (ratio: 37.94x)

[105/176] Processing: GC_ICE1_1_192_288.dat
compression time = 0.015380
compressed data file: ../../CESM-LAND-MODELS/4/log_normalized/GC_ICE1_1_192_288.dat.sz
Min=0, Max=1, range=1
Max absolute error = 0.0000000999
Max relative error = 0.000000
Max pw relative error = 21.723270
PSNR = 151.469609, NRMSE= 2.6700509249237685473E-08
normError = 0.000006, normErr_norm = 0.000000
acEff=1.000000
compressionRatio=2.367858
decompression time = 0.007117 seconds.
decompressed data file: ../../CESM-LAND-MODELS/4/log_normalized/sz_1E-7/GC_ICE1_1_192_288.dat.sz.out
  ✓ Compression and decompression successful (ratio: 2.36x)

[106/176] Processing: GC_ICE2_1_192_288.dat
compression time = 0.010875
compressed data file: ../../CESM-LAND-MODELS/4/log_normalized/GC_ICE2_1_192_288.dat.sz
Min=0, Max=1, range=1
Max absolute error = 0.0000000889
Max relative error = 0.000000
Max pw relative error = 0.000000
PSNR = 172.362081, NRMSE= 2.409328097445515108E-09
normError = 0.000001, normErr_norm = 0.000000
acEff=1.000000
compressionRatio=37.945445
decompression time = 0.005230 seconds.
decompressed data file: ../../CESM-LAND-MODELS/4/log_normalized/sz_1E-7/GC_ICE2_1_192_288.dat.sz.out
  ✓ Compression and decompression successful (ratio: 37.94x)

[107/176] Processing: GC_LIQ1_1_192_288.dat
compression time = 0.012528
compressed data file: ../../CESM-LAND-MODELS/4/log_normalized/GC_LIQ1_1_192_288.dat.sz
Min=0, Max=1, range=1
Max absolute error = 0.0000000894
Max relative error = 0.000000
Max pw relative error = 0.000001
PSNR = 149.566650, NRMSE= 3.3240495059460026269E-08
normError = 0.000008, normErr_norm = 0.000000
acEff=1.000000
compressionRatio=4.099644
decompression time = 0.006046 seconds.
decompressed data file: ../../CESM-LAND-MODELS/4/log_normalized/sz_1E-7/GC_LIQ1_1_192_288.dat.sz.out
  ✓ Compression and decompression successful (ratio: 4.09x)

[108/176] Processing: GC_LIQ2_1_192_288.dat
compression time = 0.012843
compressed data file: ../../CESM-LAND-MODELS/4/log_normalized/GC_LIQ2_1_192_288.dat.sz
Min=0, Max=1, range=1
Max absolute error = 0.0000000889
Max relative error = 0.000000
Max pw relative error = 0.000000
PSNR = 172.362081, NRMSE= 2.409328097445515108E-09
normError = 0.000001, normErr_norm = 0.000000
acEff=1.000000
compressionRatio=37.945445
decompression time = 0.005090 seconds.
decompressed data file: ../../CESM-LAND-MODELS/4/log_normalized/sz_1E-7/GC_LIQ2_1_192_288.dat.sz.out
  ✓ Compression and decompression successful (ratio: 37.94x)

[109/176] Processing: GPP_1_192_288.dat
compression time = 0.011718
compressed data file: ../../CESM-LAND-MODELS/4/log_normalized/GPP_1_192_288.dat.sz
Min=0, Max=1, range=1
Max absolute error = 0.0000001000
Max relative error = 0.000000
Max pw relative error = 69.161202
PSNR = 151.967107, NRMSE= 2.5214168280718700209E-08
normError = 0.000006, normErr_norm = 0.000000
acEff=1.000000
compressionRatio=15.828252
decompression time = 0.006367 seconds.
decompressed data file: ../../CESM-LAND-MODELS/4/log_normalized/sz_1E-7/GPP_1_192_288.dat.sz.out
  ✓ Compression and decompression successful (ratio: 15.82x)

[110/176] Processing: GR_1_192_288.dat
compression time = 0.011717
compressed data file: ../../CESM-LAND-MODELS/4/log_normalized/GR_1_192_288.dat.sz
Min=0, Max=1, range=1
Max absolute error = 0.0000000999
Max relative error = 0.000000
Max pw relative error = 57.999799
PSNR = 154.799480, NRMSE= 1.8198098429907360412E-08
normError = 0.000004, normErr_norm = 0.000000
acEff=1.000000
compressionRatio=24.810320
decompression time = 0.005709 seconds.
decompressed data file: ../../CESM-LAND-MODELS/4/log_normalized/sz_1E-7/GR_1_192_288.dat.sz.out
  ✓ Compression and decompression successful (ratio: 24.81x)

[111/176] Processing: GROSS_NMIN_1_192_288.dat
compression time = 0.011789
compressed data file: ../../CESM-LAND-MODELS/4/log_normalized/GROSS_NMIN_1_192_288.dat.sz
Min=0, Max=1, range=1
Max absolute error = 0.0000000947
Max relative error = 0.000000
Max pw relative error = 55.665186
PSNR = 163.351796, NRMSE= 6.7984545844215040869E-09
normError = 0.000002, normErr_norm = 0.000000
acEff=1.000000
compressionRatio=31.187817
decompression time = 0.005784 seconds.
decompressed data file: ../../CESM-LAND-MODELS/4/log_normalized/sz_1E-7/GROSS_NMIN_1_192_288.dat.sz.out
  ✓ Compression and decompression successful (ratio: 31.18x)

[112/176] Processing: H2OCAN_1_192_288.dat
compression time = 0.013946
compressed data file: ../../CESM-LAND-MODELS/4/log_normalized/H2OCAN_1_192_288.dat.sz
Min=0, Max=1, range=1
Max absolute error = 0.0000001000
Max relative error = 0.000000
Max pw relative error = 64.683551
PSNR = 150.377732, NRMSE= 3.0277039756043572465E-08
normError = 0.000007, normErr_norm = 0.000000
acEff=1.000000
compressionRatio=2.352996
decompression time = 0.006853 seconds.
decompressed data file: ../../CESM-LAND-MODELS/4/log_normalized/sz_1E-7/H2OCAN_1_192_288.dat.sz.out
  ✓ Compression and decompression successful (ratio: 2.35x)

[113/176] Processing: H2OSNO_1_192_288.dat
compression time = 0.014741
compressed data file: ../../CESM-LAND-MODELS/4/log_normalized/H2OSNO_1_192_288.dat.sz
Min=0, Max=1, range=1
Max absolute error = 0.0000000999
Max relative error = 0.000000
Max pw relative error = 42.446537
PSNR = 151.188766, NRMSE= 2.7577932884418392814E-08
normError = 0.000006, normErr_norm = 0.000000
acEff=1.000000
compressionRatio=2.213677
decompression time = 0.007245 seconds.
decompressed data file: ../../CESM-LAND-MODELS/4/log_normalized/sz_1E-7/H2OSNO_1_192_288.dat.sz.out
  ✓ Compression and decompression successful (ratio: 2.21x)

[114/176] Processing: H2OSNO_TOP_1_192_288.dat
compression time = 0.015496
compressed data file: ../../CESM-LAND-MODELS/4/log_normalized/H2OSNO_TOP_1_192_288.dat.sz
Min=0, Max=1, range=1
Max absolute error = 0.0000000000
Max relative error = 0.000000
Max pw relative error = 0.000000
PSNR = inf, NRMSE= 0
normError = 0.000000, normErr_norm = 0.000000
acEff=1.000000
compressionRatio=4.561718
decompression time = 0.000771 seconds.
decompressed data file: ../../CESM-LAND-MODELS/4/log_normalized/sz_1E-7/H2OSNO_TOP_1_192_288.dat.sz.out
  ✓ Compression and decompression successful (ratio: 4.56x)

[115/176] Processing: HC_1_192_288.dat
compression time = 0.018057
compressed data file: ../../CESM-LAND-MODELS/4/log_normalized/HC_1_192_288.dat.sz
Min=0, Max=1, range=1
Max absolute error = 0.0000000000
Max relative error = 0.000000
Max pw relative error = 0.000000
PSNR = inf, NRMSE= 0
normError = 0.000000, normErr_norm = 0.000000
acEff=1.000000
compressionRatio=3.095994
decompression time = 0.000785 seconds.
decompressed data file: ../../CESM-LAND-MODELS/4/log_normalized/sz_1E-7/HC_1_192_288.dat.sz.out
  ✓ Compression and decompression successful (ratio: 3.09x)

[116/176] Processing: HCSOI_1_192_288.dat
compression time = 0.017052
compressed data file: ../../CESM-LAND-MODELS/4/log_normalized/HCSOI_1_192_288.dat.sz
Min=0, Max=1, range=1
Max absolute error = 0.0000000000
Max relative error = 0.000000
Max pw relative error = 0.000000
PSNR = inf, NRMSE= 0
normError = 0.000000, normErr_norm = 0.000000
acEff=1.000000
compressionRatio=3.095561
decompression time = 0.000762 seconds.
decompressed data file: ../../CESM-LAND-MODELS/4/log_normalized/sz_1E-7/HCSOI_1_192_288.dat.sz.out
  ✓ Compression and decompression successful (ratio: 3.09x)

[117/176] Processing: HEAT_FROM_AC_1_192_288.dat
compression time = 0.011162
compressed data file: ../../CESM-LAND-MODELS/4/log_normalized/HEAT_FROM_AC_1_192_288.dat.sz
Min=0, Max=1, range=1
Max absolute error = 0.0000000994
Max relative error = 0.000000
Max pw relative error = 1.000000
PSNR = 163.366152, NRMSE= 6.7872273163970485736E-09
normError = 0.000002, normErr_norm = 0.000000
acEff=1.000000
compressionRatio=25.382603
decompression time = 0.005923 seconds.
decompressed data file: ../../CESM-LAND-MODELS/4/log_normalized/sz_1E-7/HEAT_FROM_AC_1_192_288.dat.sz.out
  ✓ Compression and decompression successful (ratio: 25.38x)

[118/176] Processing: HR_1_192_288.dat
compression time = 0.011170
compressed data file: ../../CESM-LAND-MODELS/4/log_normalized/HR_1_192_288.dat.sz
Min=0, Max=1, range=1
Max absolute error = 0.0000000999
Max relative error = 0.000000
Max pw relative error = 68.910288
PSNR = 151.427769, NRMSE= 2.6829435394656834826E-08
normError = 0.000006, normErr_norm = 0.000000
acEff=1.000000
compressionRatio=17.048250
decompression time = 0.006075 seconds.
decompressed data file: ../../CESM-LAND-MODELS/4/log_normalized/sz_1E-7/HR_1_192_288.dat.sz.out
  ✓ Compression and decompression successful (ratio: 17.04x)

[119/176] Processing: HTOP_1_192_288.dat
compression time = 0.016109
compressed data file: ../../CESM-LAND-MODELS/4/log_normalized/HTOP_1_192_288.dat.sz
Min=0, Max=1, range=1
Max absolute error = 0.0000000000
Max relative error = 0.000000
Max pw relative error = 0.000000
PSNR = inf, NRMSE= 0
normError = 0.000000, normErr_norm = 0.000000
acEff=1.000000
compressionRatio=4.092817
decompression time = 0.000800 seconds.
decompressed data file: ../../CESM-LAND-MODELS/4/log_normalized/sz_1E-7/HTOP_1_192_288.dat.sz.out
  ✓ Compression and decompression successful (ratio: 4.09x)

[120/176] Processing: LAISHA_1_192_288.dat
compression time = 0.015618
compressed data file: ../../CESM-LAND-MODELS/4/log_normalized/LAISHA_1_192_288.dat.sz
Min=0, Max=1, range=1
Max absolute error = 0.0000000000
Max relative error = 0.000000
Max pw relative error = 0.000000
PSNR = inf, NRMSE= 0
normError = 0.000000, normErr_norm = 0.000000
acEff=1.000000
compressionRatio=4.941113
decompression time = 0.000784 seconds.
decompressed data file: ../../CESM-LAND-MODELS/4/log_normalized/sz_1E-7/LAISHA_1_192_288.dat.sz.out
  ✓ Compression and decompression successful (ratio: 4.94x)

[121/176] Processing: LAISUN_1_192_288.dat
compression time = 0.015796
compressed data file: ../../CESM-LAND-MODELS/4/log_normalized/LAISUN_1_192_288.dat.sz
Min=0, Max=1, range=1
Max absolute error = 0.0000000999
Max relative error = 0.000000
Max pw relative error = 16.724327
PSNR = 150.830905, NRMSE= 2.8737882391699796315E-08
normError = 0.000007, normErr_norm = 0.000000
acEff=1.000000
compressionRatio=2.384142
decompression time = 0.007687 seconds.
decompressed data file: ../../CESM-LAND-MODELS/4/log_normalized/sz_1E-7/LAISUN_1_192_288.dat.sz.out
  ✓ Compression and decompression successful (ratio: 2.38x)

[122/176] Processing: landfrac_192_288.dat
compression time = 0.013620
compressed data file: ../../CESM-LAND-MODELS/4/log_normalized/landfrac_192_288.dat.sz
Min=0, Max=1, range=1
Max absolute error = 0.0000000999
Max relative error = 0.000000
Max pw relative error = 1.777123
PSNR = 151.808430, NRMSE= 2.567902283611116373E-08
normError = 0.000006, normErr_norm = 0.000000
acEff=1.000000
compressionRatio=3.444375
decompression time = 0.006802 seconds.
decompressed data file: ../../CESM-LAND-MODELS/4/log_normalized/sz_1E-7/landfrac_192_288.dat.sz.out
  ✓ Compression and decompression successful (ratio: 3.44x)

[123/176] Processing: latixy_192_288.dat
compression time = 0.013492
compressed data file: ../../CESM-LAND-MODELS/4/log_normalized/latixy_192_288.dat.sz
Min=0, Max=1, range=1
Max absolute error = 0.0000000969
Max relative error = 0.000000
Max pw relative error = 0.000003
PSNR = 152.016935, NRMSE= 2.5069936368250265404E-08
normError = 0.000006, normErr_norm = 0.000000
acEff=1.000000
compressionRatio=22.533007
decompression time = 0.005601 seconds.
decompressed data file: ../../CESM-LAND-MODELS/4/log_normalized/sz_1E-7/latixy_192_288.dat.sz.out
  ✓ Compression and decompression successful (ratio: 22.53x)

[124/176] Processing: latixyatm_192_288.dat
compression time = 0.012811
compressed data file: ../../CESM-LAND-MODELS/4/log_normalized/latixyatm_192_288.dat.sz
Min=0, Max=1, range=1
Max absolute error = 0.0000000894
Max relative error = 0.000000
Max pw relative error = 0.000000
PSNR = 147.805012, NRMSE= 4.0714528630275263291E-08
normError = 0.000010, normErr_norm = 0.000000
acEff=1.000000
compressionRatio=9.109720
decompression time = 0.006551 seconds.
decompressed data file: ../../CESM-LAND-MODELS/4/log_normalized/sz_1E-7/latixyatm_192_288.dat.sz.out
  ✓ Compression and decompression successful (ratio: 9.10x)

[125/176] Processing: LEAFC_1_192_288.dat
compression time = 0.016731
compressed data file: ../../CESM-LAND-MODELS/4/log_normalized/LEAFC_1_192_288.dat.sz
Min=0, Max=1, range=1
Max absolute error = 0.0000000000
Max relative error = 0.000000
Max pw relative error = 0.000000
PSNR = inf, NRMSE= 0
normError = 0.000000, normErr_norm = 0.000000
acEff=1.000000
compressionRatio=5.069191
decompression time = 0.000828 seconds.
decompressed data file: ../../CESM-LAND-MODELS/4/log_normalized/sz_1E-7/LEAFC_1_192_288.dat.sz.out
  ✓ Compression and decompression successful (ratio: 5.06x)

[126/176] Processing: LEAFC_ALLOC_1_192_288.dat
compression time = 0.012075
compressed data file: ../../CESM-LAND-MODELS/4/log_normalized/LEAFC_ALLOC_1_192_288.dat.sz
Min=0, Max=1, range=1
Max absolute error = 0.0000000999
Max relative error = 0.000000
Max pw relative error = 67.446498
PSNR = 154.009588, NRMSE= 1.9930610672809373766E-08
normError = 0.000005, normErr_norm = 0.000000
acEff=1.000000
compressionRatio=24.057429
decompression time = 0.006099 seconds.
decompressed data file: ../../CESM-LAND-MODELS/4/log_normalized/sz_1E-7/LEAFC_ALLOC_1_192_288.dat.sz.out
  ✓ Compression and decompression successful (ratio: 24.05x)

[127/176] Processing: LEAFC_LOSS_1_192_288.dat
compression time = 0.012745
compressed data file: ../../CESM-LAND-MODELS/4/log_normalized/LEAFC_LOSS_1_192_288.dat.sz
Min=0, Max=1, range=1
Max absolute error = 0.0000001000
Max relative error = 0.000000
Max pw relative error = 68.893084
PSNR = 152.391152, NRMSE= 2.4012778513195918235E-08
normError = 0.000006, normErr_norm = 0.000000
acEff=1.000000
compressionRatio=20.381865
decompression time = 0.005752 seconds.
decompressed data file: ../../CESM-LAND-MODELS/4/log_normalized/sz_1E-7/LEAFC_LOSS_1_192_288.dat.sz.out
  ✓ Compression and decompression successful (ratio: 20.38x)

[128/176] Processing: LEAFN_1_192_288.dat
compression time = 0.015490
compressed data file: ../../CESM-LAND-MODELS/4/log_normalized/LEAFN_1_192_288.dat.sz
Min=0, Max=1, range=1
Max absolute error = 0.0000000000
Max relative error = 0.000000
Max pw relative error = 0.000000
PSNR = inf, NRMSE= 0
normError = 0.000000, normErr_norm = 0.000000
acEff=1.000000
compressionRatio=4.926257
decompression time = 0.000832 seconds.
decompressed data file: ../../CESM-LAND-MODELS/4/log_normalized/sz_1E-7/LEAFN_1_192_288.dat.sz.out
  ✓ Compression and decompression successful (ratio: 4.92x)

[129/176] Processing: LITFALL_1_192_288.dat
compression time = 0.010978
compressed data file: ../../CESM-LAND-MODELS/4/log_normalized/LITFALL_1_192_288.dat.sz
Min=0, Max=1, range=1
Max absolute error = 0.0000001000
Max relative error = 0.000000
Max pw relative error = 68.161201
PSNR = 151.474968, NRMSE= 2.6684039530055578047E-08
normError = 0.000006, normErr_norm = 0.000000
acEff=1.000000
compressionRatio=15.772944
decompression time = 0.007035 seconds.
decompressed data file: ../../CESM-LAND-MODELS/4/log_normalized/sz_1E-7/LITFALL_1_192_288.dat.sz.out
  ✓ Compression and decompression successful (ratio: 15.77x)

[130/176] Processing: LITHR_1_192_288.dat
compression time = 0.011726
compressed data file: ../../CESM-LAND-MODELS/4/log_normalized/LITHR_1_192_288.dat.sz
Min=0, Max=1, range=1
Max absolute error = 0.0000001000
Max relative error = 0.000000
Max pw relative error = 68.446494
PSNR = 152.251605, NRMSE= 2.4401681288612394809E-08
normError = 0.000006, normErr_norm = 0.000000
acEff=1.000000
compressionRatio=19.339337
decompression time = 0.006340 seconds.
decompressed data file: ../../CESM-LAND-MODELS/4/log_normalized/sz_1E-7/LITHR_1_192_288.dat.sz.out
  ✓ Compression and decompression successful (ratio: 19.33x)

[131/176] Processing: LITR1C_1_192_288.dat
compression time = 0.016814
compressed data file: ../../CESM-LAND-MODELS/4/log_normalized/LITR1C_1_192_288.dat.sz
Min=0, Max=1, range=1
Max absolute error = 0.0000000000
Max relative error = 0.000000
Max pw relative error = 0.000000
PSNR = inf, NRMSE= 0
normError = 0.000000, normErr_norm = 0.000000
acEff=1.000000
compressionRatio=4.508071
decompression time = 0.000751 seconds.
decompressed data file: ../../CESM-LAND-MODELS/4/log_normalized/sz_1E-7/LITR1C_1_192_288.dat.sz.out
  ✓ Compression and decompression successful (ratio: 4.50x)

[132/176] Processing: LITR1C_TO_SOIL1C_1_192_288.dat
compression time = 0.010954
compressed data file: ../../CESM-LAND-MODELS/4/log_normalized/LITR1C_TO_SOIL1C_1_192_288.dat.sz
Min=0, Max=1, range=1
Max absolute error = 0.0000000999
Max relative error = 0.000000
Max pw relative error = 68.625015
PSNR = 155.184158, NRMSE= 1.7409732674011547746E-08
normError = 0.000004, normErr_norm = 0.000000
acEff=1.000000
compressionRatio=26.315764
decompression time = 0.005433 seconds.
decompressed data file: ../../CESM-LAND-MODELS/4/log_normalized/sz_1E-7/LITR1C_TO_SOIL1C_1_192_288.dat.sz.out
  ✓ Compression and decompression successful (ratio: 26.31x)

[133/176] Processing: LITR1N_1_192_288.dat
compression time = 0.012850
compressed data file: ../../CESM-LAND-MODELS/4/log_normalized/LITR1N_1_192_288.dat.sz
Min=0, Max=1, range=1
Max absolute error = 0.0000001000
Max relative error = 0.000000
Max pw relative error = 4.903342
PSNR = 150.750303, NRMSE= 2.900579863719659537E-08
normError = 0.000007, normErr_norm = 0.000000
acEff=1.000000
compressionRatio=2.516056
decompression time = 0.008404 seconds.
decompressed data file: ../../CESM-LAND-MODELS/4/log_normalized/sz_1E-7/LITR1N_1_192_288.dat.sz.out
  ✓ Compression and decompression successful (ratio: 2.51x)

[134/176] Processing: LITR2C_1_192_288.dat
compression time = 0.015218
compressed data file: ../../CESM-LAND-MODELS/4/log_normalized/LITR2C_1_192_288.dat.sz
Min=0, Max=1, range=1
Max absolute error = 0.0000000000
Max relative error = 0.000000
Max pw relative error = 0.000000
PSNR = inf, NRMSE= 0
normError = 0.000000, normErr_norm = 0.000000
acEff=1.000000
compressionRatio=4.630283
decompression time = 0.000881 seconds.
decompressed data file: ../../CESM-LAND-MODELS/4/log_normalized/sz_1E-7/LITR2C_1_192_288.dat.sz.out
  ✓ Compression and decompression successful (ratio: 4.63x)

[135/176] Processing: LITR2C_TO_SOIL2C_1_192_288.dat
compression time = 0.011377
compressed data file: ../../CESM-LAND-MODELS/4/log_normalized/LITR2C_TO_SOIL2C_1_192_288.dat.sz
Min=0, Max=1, range=1
Max absolute error = 0.0000000999
Max relative error = 0.000000
Max pw relative error = 69.446504
PSNR = 153.285544, NRMSE= 2.1663210149113927581E-08
normError = 0.000005, normErr_norm = 0.000000
acEff=1.000000
compressionRatio=21.688959
decompression time = 0.006045 seconds.
decompressed data file: ../../CESM-LAND-MODELS/4/log_normalized/sz_1E-7/LITR2C_TO_SOIL2C_1_192_288.dat.sz.out
  ✓ Compression and decompression successful (ratio: 21.68x)

[136/176] Processing: LITR2N_1_192_288.dat
compression time = 0.016665
compressed data file: ../../CESM-LAND-MODELS/4/log_normalized/LITR2N_1_192_288.dat.sz
Min=0, Max=1, range=1
Max absolute error = 0.0000000000
Max relative error = 0.000000
Max pw relative error = 0.000000
PSNR = inf, NRMSE= 0
normError = 0.000000, normErr_norm = 0.000000
acEff=1.000000
compressionRatio=4.528747
decompression time = 0.000738 seconds.
decompressed data file: ../../CESM-LAND-MODELS/4/log_normalized/sz_1E-7/LITR2N_1_192_288.dat.sz.out
  ✓ Compression and decompression successful (ratio: 4.52x)

[137/176] Processing: LITR3C_1_192_288.dat
compression time = 0.015776
compressed data file: ../../CESM-LAND-MODELS/4/log_normalized/LITR3C_1_192_288.dat.sz
Min=0, Max=1, range=1
Max absolute error = 0.0000000000
Max relative error = 0.000000
Max pw relative error = 0.000000
PSNR = inf, NRMSE= 0
normError = 0.000000, normErr_norm = 0.000000
acEff=1.000000
compressionRatio=4.688883
decompression time = 0.000810 seconds.
decompressed data file: ../../CESM-LAND-MODELS/4/log_normalized/sz_1E-7/LITR3C_1_192_288.dat.sz.out
  ✓ Compression and decompression successful (ratio: 4.68x)

[138/176] Processing: LITR3C_TO_SOIL3C_1_192_288.dat
compression time = 0.012726
compressed data file: ../../CESM-LAND-MODELS/4/log_normalized/LITR3C_TO_SOIL3C_1_192_288.dat.sz
Min=0, Max=1, range=1
Max absolute error = 0.0000000999
Max relative error = 0.000000
Max pw relative error = 68.625045
PSNR = 154.004313, NRMSE= 1.9942718168148303557E-08
normError = 0.000005, normErr_norm = 0.000000
acEff=1.000000
compressionRatio=24.595130
decompression time = 0.005968 seconds.
decompressed data file: ../../CESM-LAND-MODELS/4/log_normalized/sz_1E-7/LITR3C_TO_SOIL3C_1_192_288.dat.sz.out
  ✓ Compression and decompression successful (ratio: 24.59x)

[139/176] Processing: LITR3N_1_192_288.dat
compression time = 0.015640
compressed data file: ../../CESM-LAND-MODELS/4/log_normalized/LITR3N_1_192_288.dat.sz
Min=0, Max=1, range=1
Max absolute error = 0.0000000000
Max relative error = 0.000000
Max pw relative error = 0.000000
PSNR = inf, NRMSE= 0
normError = 0.000000, normErr_norm = 0.000000
acEff=1.000000
compressionRatio=4.572941
decompression time = 0.000748 seconds.
decompressed data file: ../../CESM-LAND-MODELS/4/log_normalized/sz_1E-7/LITR3N_1_192_288.dat.sz.out
  ✓ Compression and decompression successful (ratio: 4.57x)

[140/176] Processing: LITTERC_1_192_288.dat
compression time = 0.017337
compressed data file: ../../CESM-LAND-MODELS/4/log_normalized/LITTERC_1_192_288.dat.sz
Min=0, Max=1, range=1
Max absolute error = 0.0000000000
Max relative error = 0.000000
Max pw relative error = 0.000000
PSNR = inf, NRMSE= 0
normError = 0.000000, normErr_norm = 0.000000
acEff=1.000000
compressionRatio=4.703341
decompression time = 0.000747 seconds.
decompressed data file: ../../CESM-LAND-MODELS/4/log_normalized/sz_1E-7/LITTERC_1_192_288.dat.sz.out
  ✓ Compression and decompression successful (ratio: 4.70x)

[141/176] Processing: LITTERC_HR_1_192_288.dat
compression time = 0.012053
compressed data file: ../../CESM-LAND-MODELS/4/log_normalized/LITTERC_HR_1_192_288.dat.sz
Min=0, Max=1, range=1
Max absolute error = 0.0000001000
Max relative error = 0.000000
Max pw relative error = 68.446494
PSNR = 152.251605, NRMSE= 2.4401681288612394809E-08
normError = 0.000006, normErr_norm = 0.000000
acEff=1.000000
compressionRatio=19.339337
decompression time = 0.006356 seconds.
decompressed data file: ../../CESM-LAND-MODELS/4/log_normalized/sz_1E-7/LITTERC_HR_1_192_288.dat.sz.out
  ✓ Compression and decompression successful (ratio: 19.33x)

[142/176] Processing: LITTERC_LOSS_1_192_288.dat
compression time = 0.010822
compressed data file: ../../CESM-LAND-MODELS/4/log_normalized/LITTERC_LOSS_1_192_288.dat.sz
Min=0, Max=1, range=1
Max absolute error = 0.0000001000
Max relative error = 0.000000
Max pw relative error = 68.607752
PSNR = 151.295591, NRMSE= 2.7240836049140692081E-08
normError = 0.000006, normErr_norm = 0.000000
acEff=1.000000
compressionRatio=16.397361
decompression time = 0.005816 seconds.
decompressed data file: ../../CESM-LAND-MODELS/4/log_normalized/sz_1E-7/LITTERC_LOSS_1_192_288.dat.sz.out
  ✓ Compression and decompression successful (ratio: 16.39x)

[143/176] Processing: LIVECROOTC_1_192_288.dat
compression time = 0.015280
compressed data file: ../../CESM-LAND-MODELS/4/log_normalized/LIVECROOTC_1_192_288.dat.sz
Min=0, Max=1, range=1
Max absolute error = 0.0000000000
Max relative error = 0.000000
Max pw relative error = 0.000000
PSNR = inf, NRMSE= 0
normError = 0.000000, normErr_norm = 0.000000
acEff=1.000000
compressionRatio=5.015624
decompression time = 0.000755 seconds.
decompressed data file: ../../CESM-LAND-MODELS/4/log_normalized/sz_1E-7/LIVECROOTC_1_192_288.dat.sz.out
  ✓ Compression and decompression successful (ratio: 5.01x)

[144/176] Processing: LIVECROOTN_1_192_288.dat
compression time = 0.013885
compressed data file: ../../CESM-LAND-MODELS/4/log_normalized/LIVECROOTN_1_192_288.dat.sz
Min=0, Max=1, range=1
Max absolute error = 0.0000001000
Max relative error = 0.000000
Max pw relative error = 16.698028
PSNR = 150.909574, NRMSE= 2.847877452371188899E-08
normError = 0.000007, normErr_norm = 0.000000
acEff=1.000000
compressionRatio=2.447213
decompression time = 0.006432 seconds.
decompressed data file: ../../CESM-LAND-MODELS/4/log_normalized/sz_1E-7/LIVECROOTN_1_192_288.dat.sz.out
  ✓ Compression and decompression successful (ratio: 2.44x)

[145/176] Processing: LIVESTEMC_1_192_288.dat
compression time = 0.013661
compressed data file: ../../CESM-LAND-MODELS/4/log_normalized/LIVESTEMC_1_192_288.dat.sz
Min=0, Max=1, range=1
Max absolute error = 0.0000000000
Max relative error = 0.000000
Max pw relative error = 0.000000
PSNR = inf, NRMSE= 0
normError = 0.000000, normErr_norm = 0.000000
acEff=1.000000
compressionRatio=5.048480
decompression time = 0.000754 seconds.
decompressed data file: ../../CESM-LAND-MODELS/4/log_normalized/sz_1E-7/LIVESTEMC_1_192_288.dat.sz.out
  ✓ Compression and decompression successful (ratio: 5.04x)

[146/176] Processing: LIVESTEMN_1_192_288.dat
compression time = 0.018720
compressed data file: ../../CESM-LAND-MODELS/4/log_normalized/LIVESTEMN_1_192_288.dat.sz
Min=0, Max=1, range=1
Max absolute error = 0.0000000000
Max relative error = 0.000000
Max pw relative error = 0.000000
PSNR = inf, NRMSE= 0
normError = 0.000000, normErr_norm = 0.000000
acEff=1.000000
compressionRatio=4.960840
decompression time = 0.000782 seconds.
decompressed data file: ../../CESM-LAND-MODELS/4/log_normalized/sz_1E-7/LIVESTEMN_1_192_288.dat.sz.out
  ✓ Compression and decompression successful (ratio: 4.96x)

[147/176] Processing: longxy_192_288.dat
compression time = 0.012072
compressed data file: ../../CESM-LAND-MODELS/4/log_normalized/longxy_192_288.dat.sz
Min=0, Max=1, range=1
Max absolute error = 0.0000000987
Max relative error = 0.000000
Max pw relative error = 0.000006
PSNR = 148.978018, NRMSE= 3.55712491917603825E-08
normError = 0.000008, normErr_norm = 0.000000
acEff=1.000000
compressionRatio=4.582795
decompression time = 0.006316 seconds.
decompressed data file: ../../CESM-LAND-MODELS/4/log_normalized/sz_1E-7/longxy_192_288.dat.sz.out
  ✓ Compression and decompression successful (ratio: 4.58x)

[148/176] Processing: longxyatm_192_288.dat
compression time = 0.015674
compressed data file: ../../CESM-LAND-MODELS/4/log_normalized/longxyatm_192_288.dat.sz
Min=0, Max=1, range=1
Max absolute error = 0.0000001000
Max relative error = 0.000000
Max pw relative error = 0.000000
PSNR = 147.503735, NRMSE= 4.2151520003611336592E-08
normError = 0.000010, normErr_norm = 0.000000
acEff=1.000000
compressionRatio=4.143730
decompression time = 0.006207 seconds.
decompressed data file: ../../CESM-LAND-MODELS/4/log_normalized/sz_1E-7/longxyatm_192_288.dat.sz.out
  ✓ Compression and decompression successful (ratio: 4.14x)

[149/176] Processing: MEAN_FIRE_PROB_1_192_288.dat
compression time = 0.017850
compressed data file: ../../CESM-LAND-MODELS/4/log_normalized/MEAN_FIRE_PROB_1_192_288.dat.sz
Min=0, Max=1, range=1
Max absolute error = 0.0000001000
Max relative error = 0.000000
Max pw relative error = 63.487005
PSNR = 151.179171, NRMSE= 2.760841214616580906E-08
normError = 0.000006, normErr_norm = 0.000000
acEff=1.000000
compressionRatio=2.009448
decompression time = 0.006627 seconds.
decompressed data file: ../../CESM-LAND-MODELS/4/log_normalized/sz_1E-7/MEAN_FIRE_PROB_1_192_288.dat.sz.out
  ✓ Compression and decompression successful (ratio: 2.00x)

[150/176] Processing: MR_1_192_288.dat
compression time = 0.011692
compressed data file: ../../CESM-LAND-MODELS/4/log_normalized/MR_1_192_288.dat.sz
Min=0, Max=1, range=1
Max absolute error = 0.0000001000
Max relative error = 0.000000
Max pw relative error = 69.446504
PSNR = 151.336935, NRMSE= 2.7111482522007828731E-08
normError = 0.000006, normErr_norm = 0.000000
acEff=1.000000
compressionRatio=15.662371
decompression time = 0.005774 seconds.
decompressed data file: ../../CESM-LAND-MODELS/4/log_normalized/sz_1E-7/MR_1_192_288.dat.sz.out
  ✓ Compression and decompression successful (ratio: 15.66x)

[151/176] Processing: NBP_1_192_288.dat
compression time = 0.010639
compressed data file: ../../CESM-LAND-MODELS/4/log_normalized/NBP_1_192_288.dat.sz
Min=0, Max=1, range=1
Max absolute error = 0.0000001000
Max relative error = 0.000000
Max pw relative error = 0.351532
PSNR = 150.394749, NRMSE= 3.021777903685203981E-08
normError = 0.000007, normErr_norm = 0.000000
acEff=1.000000
compressionRatio=15.841856
decompression time = 0.005497 seconds.
decompressed data file: ../../CESM-LAND-MODELS/4/log_normalized/sz_1E-7/NBP_1_192_288.dat.sz.out
  ✓ Compression and decompression successful (ratio: 15.84x)

[152/176] Processing: NDEPLOY_1_192_288.dat
compression time = 0.010176
compressed data file: ../../CESM-LAND-MODELS/4/log_normalized/NDEPLOY_1_192_288.dat.sz
Min=0, Max=1, range=1
Max absolute error = 0.0000000904
Max relative error = 0.000000
Max pw relative error = 62.846004
PSNR = 170.427853, NRMSE= 3.010283148857729171E-09
normError = 0.000001, normErr_norm = 0.000000
acEff=1.000000
compressionRatio=34.484565
decompression time = 0.005266 seconds.
decompressed data file: ../../CESM-LAND-MODELS/4/log_normalized/sz_1E-7/NDEPLOY_1_192_288.dat.sz.out
  ✓ Compression and decompression successful (ratio: 34.48x)

[153/176] Processing: NDEP_TO_SMINN_1_192_288.dat
compression time = 0.013658
compressed data file: ../../CESM-LAND-MODELS/4/log_normalized/NDEP_TO_SMINN_1_192_288.dat.sz
Min=0, Max=1, range=1
Max absolute error = 0.0000000889
Max relative error = 0.000000
Max pw relative error = 0.000000
PSNR = 172.362081, NRMSE= 2.409328097445515108E-09
normError = 0.000001, normErr_norm = 0.000000
acEff=1.000000
compressionRatio=37.945445
decompression time = 0.005113 seconds.
decompressed data file: ../../CESM-LAND-MODELS/4/log_normalized/sz_1E-7/NDEP_TO_SMINN_1_192_288.dat.sz.out
  ✓ Compression and decompression successful (ratio: 37.94x)

[154/176] Processing: NEE_1_192_288.dat
compression time = 0.010951
compressed data file: ../../CESM-LAND-MODELS/4/log_normalized/NEE_1_192_288.dat.sz
Min=0, Max=1, range=1
Max absolute error = 0.0000001000
Max relative error = 0.000000
Max pw relative error = 2.816379
PSNR = 150.407123, NRMSE= 3.0174760573157390571E-08
normError = 0.000007, normErr_norm = 0.000000
acEff=1.000000
compressionRatio=16.301887
decompression time = 0.005473 seconds.
decompressed data file: ../../CESM-LAND-MODELS/4/log_normalized/sz_1E-7/NEE_1_192_288.dat.sz.out
  ✓ Compression and decompression successful (ratio: 16.30x)

[155/176] Processing: NEP_1_192_288.dat
compression time = 0.012298
compressed data file: ../../CESM-LAND-MODELS/4/log_normalized/NEP_1_192_288.dat.sz
Min=0, Max=1, range=1
Max absolute error = 0.0000001000
Max relative error = 0.000000
Max pw relative error = 0.351532
PSNR = 150.384456, NRMSE= 3.0253609866819072987E-08
normError = 0.000007, normErr_norm = 0.000000
acEff=1.000000
compressionRatio=15.821459
decompression time = 0.005319 seconds.
decompressed data file: ../../CESM-LAND-MODELS/4/log_normalized/sz_1E-7/NEP_1_192_288.dat.sz.out
  ✓ Compression and decompression successful (ratio: 15.82x)

[156/176] Processing: NET_NMIN_1_192_288.dat
compression time = 0.011351
compressed data file: ../../CESM-LAND-MODELS/4/log_normalized/NET_NMIN_1_192_288.dat.sz
Min=0, Max=1, range=1
Max absolute error = 0.0000000933
Max relative error = 0.000000
Max pw relative error = 55.665186
PSNR = 170.885984, NRMSE= 2.8556225889879902919E-09
normError = 0.000001, normErr_norm = 0.000000
acEff=1.000000
compressionRatio=34.044020
decompression time = 0.005959 seconds.
decompressed data file: ../../CESM-LAND-MODELS/4/log_normalized/sz_1E-7/NET_NMIN_1_192_288.dat.sz.out
  ✓ Compression and decompression successful (ratio: 34.04x)

[157/176] Processing: NFIX_TO_SMINN_1_192_288.dat
compression time = 0.011145
compressed data file: ../../CESM-LAND-MODELS/4/log_normalized/NFIX_TO_SMINN_1_192_288.dat.sz
Min=0, Max=1, range=1
Max absolute error = 0.0000000889
Max relative error = 0.000000
Max pw relative error = 0.000000
PSNR = 172.362081, NRMSE= 2.409328097445515108E-09
normError = 0.000001, normErr_norm = 0.000000
acEff=1.000000
compressionRatio=37.945445
decompression time = 0.005534 seconds.
decompressed data file: ../../CESM-LAND-MODELS/4/log_normalized/sz_1E-7/NFIX_TO_SMINN_1_192_288.dat.sz.out
  ✓ Compression and decompression successful (ratio: 37.94x)

[158/176] Processing: NPP_1_192_288.dat
compression time = 0.011891
compressed data file: ../../CESM-LAND-MODELS/4/log_normalized/NPP_1_192_288.dat.sz
Min=0, Max=1, range=1
Max absolute error = 0.0000001000
Max relative error = 0.000000
Max pw relative error = 29.089217
PSNR = 150.900601, NRMSE= 2.8508210626448842541E-08
normError = 0.000007, normErr_norm = 0.000000
acEff=1.000000
compressionRatio=16.848263
decompression time = 0.006017 seconds.
decompressed data file: ../../CESM-LAND-MODELS/4/log_normalized/sz_1E-7/NPP_1_192_288.dat.sz.out
  ✓ Compression and decompression successful (ratio: 16.84x)

[159/176] Processing: OCDEP_1_192_288.dat
compression time = 0.011477
compressed data file: ../../CESM-LAND-MODELS/4/log_normalized/OCDEP_1_192_288.dat.sz
Min=0, Max=1, range=1
Max absolute error = 0.0000000889
Max relative error = 0.000000
Max pw relative error = 0.000000
PSNR = 172.362081, NRMSE= 2.409328097445515108E-09
normError = 0.000001, normErr_norm = 0.000000
acEff=1.000000
compressionRatio=37.945445
decompression time = 0.005936 seconds.
decompressed data file: ../../CESM-LAND-MODELS/4/log_normalized/sz_1E-7/OCDEP_1_192_288.dat.sz.out
  ✓ Compression and decompression successful (ratio: 37.94x)

[160/176] Processing: PBOT_1_192_288.dat
compression time = 0.015667
compressed data file: ../../CESM-LAND-MODELS/4/log_normalized/PBOT_1_192_288.dat.sz
Min=0, Max=1, range=1
Max absolute error = 0.0000000000
Max relative error = 0.000000
Max pw relative error = 0.000000
PSNR = inf, NRMSE= 0
normError = 0.000000, normErr_norm = 0.000000
acEff=1.000000
compressionRatio=3.200463
decompression time = 0.000910 seconds.
decompressed data file: ../../CESM-LAND-MODELS/4/log_normalized/sz_1E-7/PBOT_1_192_288.dat.sz.out
  ✓ Compression and decompression successful (ratio: 3.20x)

[161/176] Processing: PCO2_1_192_288.dat
compression time = 0.015521
compressed data file: ../../CESM-LAND-MODELS/4/log_normalized/PCO2_1_192_288.dat.sz
Min=0, Max=1, range=1
Max absolute error = 0.0000000000
Max relative error = 0.000000
Max pw relative error = 0.000000
PSNR = inf, NRMSE= 0
normError = 0.000000, normErr_norm = 0.000000
acEff=1.000000
compressionRatio=3.150455
decompression time = 0.000835 seconds.
decompressed data file: ../../CESM-LAND-MODELS/4/log_normalized/sz_1E-7/PCO2_1_192_288.dat.sz.out
  ✓ Compression and decompression successful (ratio: 3.15x)

[162/176] Processing: PFT_CTRUNC_1_192_288.dat
compression time = 0.010816
compressed data file: ../../CESM-LAND-MODELS/4/log_normalized/PFT_CTRUNC_1_192_288.dat.sz
Min=0, Max=1, range=1
Max absolute error = 0.0000001000
Max relative error = 0.000000
Max pw relative error = 68.174967
PSNR = 151.470867, NRMSE= 2.6696642993897722644E-08
normError = 0.000006, normErr_norm = 0.000000
acEff=1.000000
compressionRatio=14.116025
decompression time = 0.005599 seconds.
decompressed data file: ../../CESM-LAND-MODELS/4/log_normalized/sz_1E-7/PFT_CTRUNC_1_192_288.dat.sz.out
  ✓ Compression and decompression successful (ratio: 14.11x)

[163/176] Processing: PFT_FIRE_CLOSS_1_192_288.dat
compression time = 0.010944
compressed data file: ../../CESM-LAND-MODELS/4/log_normalized/PFT_FIRE_CLOSS_1_192_288.dat.sz
Min=0, Max=1, range=1
Max absolute error = 0.0000000996
Max relative error = 0.000000
Max pw relative error = 57.178428
PSNR = 162.682595, NRMSE= 7.3429448713912353408E-09
normError = 0.000002, normErr_norm = 0.000000
acEff=1.000000
compressionRatio=34.133333
decompression time = 0.006129 seconds.
decompressed data file: ../../CESM-LAND-MODELS/4/log_normalized/sz_1E-7/PFT_FIRE_CLOSS_1_192_288.dat.sz.out
  ✓ Compression and decompression successful (ratio: 34.13x)

[164/176] Processing: PFT_FIRE_NLOSS_1_192_288.dat
compression time = 0.009853
compressed data file: ../../CESM-LAND-MODELS/4/log_normalized/PFT_FIRE_NLOSS_1_192_288.dat.sz
Min=0, Max=1, range=1
Max absolute error = 0.0000000889
Max relative error = 0.000000
Max pw relative error = 1.000000
PSNR = 172.356991, NRMSE= 2.4107403364463445681E-09
normError = 0.000001, normErr_norm = 0.000000
acEff=1.000000
compressionRatio=37.776943
decompression time = 0.005520 seconds.
decompressed data file: ../../CESM-LAND-MODELS/4/log_normalized/sz_1E-7/PFT_FIRE_NLOSS_1_192_288.dat.sz.out
  ✓ Compression and decompression successful (ratio: 37.77x)

[165/176] Processing: PFT_NTRUNC_1_192_288.dat
compression time = 0.011251
compressed data file: ../../CESM-LAND-MODELS/4/log_normalized/PFT_NTRUNC_1_192_288.dat.sz
Min=0, Max=1, range=1
Max absolute error = 0.0000001000
Max relative error = 0.000000
Max pw relative error = 69.408588
PSNR = 151.943183, NRMSE= 2.5283714143904265182E-08
normError = 0.000006, normErr_norm = 0.000000
acEff=1.000000
compressionRatio=15.242506
decompression time = 0.005046 seconds.
decompressed data file: ../../CESM-LAND-MODELS/4/log_normalized/sz_1E-7/PFT_NTRUNC_1_192_288.dat.sz.out
  ✓ Compression and decompression successful (ratio: 15.24x)

[166/176] Processing: PLANT_NDEMAND_1_192_288.dat
compression time = 0.011389
compressed data file: ../../CESM-LAND-MODELS/4/log_normalized/PLANT_NDEMAND_1_192_288.dat.sz
Min=0, Max=1, range=1
Max absolute error = 0.0000000984
Max relative error = 0.000000
Max pw relative error = 62.846004
PSNR = 160.760807, NRMSE= 9.1613535718846656669E-09
normError = 0.000002, normErr_norm = 0.000000
acEff=1.000000
compressionRatio=31.875486
decompression time = 0.005036 seconds.
decompressed data file: ../../CESM-LAND-MODELS/4/log_normalized/sz_1E-7/PLANT_NDEMAND_1_192_288.dat.sz.out
  ✓ Compression and decompression successful (ratio: 31.87x)

[167/176] Processing: POTENTIAL_IMMOB_1_192_288.dat
compression time = 0.011089
compressed data file: ../../CESM-LAND-MODELS/4/log_normalized/POTENTIAL_IMMOB_1_192_288.dat.sz
Min=0, Max=1, range=1
Max absolute error = 0.0000000999
Max relative error = 0.000000
Max pw relative error = 57.178428
PSNR = 159.820536, NRMSE= 1.0208764823582249344E-08
normError = 0.000002, normErr_norm = 0.000000
acEff=1.000000
compressionRatio=28.845070
decompression time = 0.005095 seconds.
decompressed data file: ../../CESM-LAND-MODELS/4/log_normalized/sz_1E-7/POTENTIAL_IMMOB_1_192_288.dat.sz.out
  ✓ Compression and decompression successful (ratio: 28.84x)

[168/176] Processing: PROD100C_1_192_288.dat
compression time = 0.010841
compressed data file: ../../CESM-LAND-MODELS/4/log_normalized/PROD100C_1_192_288.dat.sz
Min=0, Max=1, range=1
Max absolute error = 0.0000000889
Max relative error = 0.000000
Max pw relative error = 0.000000
PSNR = 172.362081, NRMSE= 2.409328097445515108E-09
normError = 0.000001, normErr_norm = 0.000000
acEff=1.000000
compressionRatio=37.945445
decompression time = 0.006785 seconds.
decompressed data file: ../../CESM-LAND-MODELS/4/log_normalized/sz_1E-7/PROD100C_1_192_288.dat.sz.out
  ✓ Compression and decompression successful (ratio: 37.94x)

[169/176] Processing: PROD100C_LOSS_1_192_288.dat
compression time = 0.011395
compressed data file: ../../CESM-LAND-MODELS/4/log_normalized/PROD100C_LOSS_1_192_288.dat.sz
Min=0, Max=1, range=1
Max absolute error = 0.0000000889
Max relative error = 0.000000
Max pw relative error = 0.000000
PSNR = 172.362081, NRMSE= 2.409328097445515108E-09
normError = 0.000001, normErr_norm = 0.000000
acEff=1.000000
compressionRatio=37.945445
decompression time = 0.005642 seconds.
decompressed data file: ../../CESM-LAND-MODELS/4/log_normalized/sz_1E-7/PROD100C_LOSS_1_192_288.dat.sz.out
  ✓ Compression and decompression successful (ratio: 37.94x)

[170/176] Processing: PROD100N_1_192_288.dat
compression time = 0.011319
compressed data file: ../../CESM-LAND-MODELS/4/log_normalized/PROD100N_1_192_288.dat.sz
Min=0, Max=1, range=1
Max absolute error = 0.0000000889
Max relative error = 0.000000
Max pw relative error = 0.000000
PSNR = 172.362081, NRMSE= 2.409328097445515108E-09
normError = 0.000001, normErr_norm = 0.000000
acEff=1.000000
compressionRatio=37.945445
decompression time = 0.005597 seconds.
decompressed data file: ../../CESM-LAND-MODELS/4/log_normalized/sz_1E-7/PROD100N_1_192_288.dat.sz.out
  ✓ Compression and decompression successful (ratio: 37.94x)

[171/176] Processing: PROD100N_LOSS_1_192_288.dat
compression time = 0.010598
compressed data file: ../../CESM-LAND-MODELS/4/log_normalized/PROD100N_LOSS_1_192_288.dat.sz
Min=0, Max=1, range=1
Max absolute error = 0.0000000889
Max relative error = 0.000000
Max pw relative error = 0.000000
PSNR = 172.362081, NRMSE= 2.409328097445515108E-09
normError = 0.000001, normErr_norm = 0.000000
acEff=1.000000
compressionRatio=37.945445
decompression time = 0.006090 seconds.
decompressed data file: ../../CESM-LAND-MODELS/4/log_normalized/sz_1E-7/PROD100N_LOSS_1_192_288.dat.sz.out
  ✓ Compression and decompression successful (ratio: 37.94x)

[172/176] Processing: PROD10C_1_192_288.dat
compression time = 0.008640
compressed data file: ../../CESM-LAND-MODELS/4/log_normalized/PROD10C_1_192_288.dat.sz
Min=0, Max=1, range=1
Max absolute error = 0.0000000889
Max relative error = 0.000000
Max pw relative error = 0.000000
PSNR = 172.362081, NRMSE= 2.409328097445515108E-09
normError = 0.000001, normErr_norm = 0.000000
acEff=1.000000
compressionRatio=37.945445
decompression time = 0.005221 seconds.
decompressed data file: ../../CESM-LAND-MODELS/4/log_normalized/sz_1E-7/PROD10C_1_192_288.dat.sz.out
  ✓ Compression and decompression successful (ratio: 37.94x)

[173/176] Processing: PROD10C_LOSS_1_192_288.dat
compression time = 0.011630
compressed data file: ../../CESM-LAND-MODELS/4/log_normalized/PROD10C_LOSS_1_192_288.dat.sz
Min=0, Max=1, range=1
Max absolute error = 0.0000000889
Max relative error = 0.000000
Max pw relative error = 0.000000
PSNR = 172.362081, NRMSE= 2.409328097445515108E-09
normError = 0.000001, normErr_norm = 0.000000
acEff=1.000000
compressionRatio=37.945445
decompression time = 0.005163 seconds.
decompressed data file: ../../CESM-LAND-MODELS/4/log_normalized/sz_1E-7/PROD10C_LOSS_1_192_288.dat.sz.out
  ✓ Compression and decompression successful (ratio: 37.94x)

[174/176] Processing: PROD10N_1_192_288.dat
compression time = 0.010959
compressed data file: ../../CESM-LAND-MODELS/4/log_normalized/PROD10N_1_192_288.dat.sz
Min=0, Max=1, range=1
Max absolute error = 0.0000000889
Max relative error = 0.000000
Max pw relative error = 0.000000
PSNR = 172.362081, NRMSE= 2.409328097445515108E-09
normError = 0.000001, normErr_norm = 0.000000
acEff=1.000000
compressionRatio=37.945445
decompression time = 0.004804 seconds.
decompressed data file: ../../CESM-LAND-MODELS/4/log_normalized/sz_1E-7/PROD10N_1_192_288.dat.sz.out
  ✓ Compression and decompression successful (ratio: 37.94x)

[175/176] Processing: topo_192_288.dat
compression time = 0.011153
compressed data file: ../../CESM-LAND-MODELS/4/log_normalized/topo_192_288.dat.sz
Min=0, Max=1, range=1
Max absolute error = 0.0000000889
Max relative error = 0.000000
Max pw relative error = 0.000000
PSNR = 172.362081, NRMSE= 2.409328097445515108E-09
normError = 0.000001, normErr_norm = 0.000000
acEff=1.000000
compressionRatio=37.945445
decompression time = 0.005216 seconds.
decompressed data file: ../../CESM-LAND-MODELS/4/log_normalized/sz_1E-7/topo_192_288.dat.sz.out
  ✓ Compression and decompression successful (ratio: 37.94x)

[176/176] Processing: topodnsc_192_288.dat
compression time = 0.010987
compressed data file: ../../CESM-LAND-MODELS/4/log_normalized/topodnsc_192_288.dat.sz
Min=0, Max=1, range=1
Max absolute error = 0.0000000889
Max relative error = 0.000000
Max pw relative error = 0.000000
PSNR = 172.362081, NRMSE= 2.409328097445515108E-09
normError = 0.000001, normErr_norm = 0.000000
acEff=1.000000
compressionRatio=37.945445
decompression time = 0.004479 seconds.
decompressed data file: ../../CESM-LAND-MODELS/4/log_normalized/sz_1E-7/topodnsc_192_288.dat.sz.out
  ✓ Compression and decompression successful (ratio: 37.94x)

=== Summary ===
Total files processed: 176
Total files skipped: 0
Total files failed: 0

