Input directory: ../../CESM-LAND-MODELS/4/log_normalized
Output directory: ../../CESM-LAND-MODELS/4/log_normalized/sz_1E-9
Dimensions: 192x288
Error bound: 1E-9
SZ config: sz.config

Found 176 .dat file(s) to process

[1/176] Processing: ACTUAL_IMMOB_1_192_288.dat
compression time = 0.011457
compressed data file: ../../CESM-LAND-MODELS/4/log_normalized/ACTUAL_IMMOB_1_192_288.dat.sz
Min=0, Max=1, range=1
Max absolute error = 0.0000000010
Max relative error = 0.000000
Max pw relative error = 0.655710
PSNR = 192.591382, NRMSE= 2.3465558121931116708E-10
normError = 0.000000, normErr_norm = 0.000000
acEff=1.000000
compressionRatio=21.447106
decompression time = 0.005563 seconds.
decompressed data file: ../../CESM-LAND-MODELS/4/log_normalized/sz_1E-9/ACTUAL_IMMOB_1_192_288.dat.sz.out
  ✓ Compression and decompression successful (ratio: 21.44x)

[2/176] Processing: AGNPP_1_192_288.dat
compression time = 0.011820
compressed data file: ../../CESM-LAND-MODELS/4/log_normalized/AGNPP_1_192_288.dat.sz
Min=0, Max=1, range=1
Max absolute error = 0.0000000010
Max relative error = 0.000000
Max pw relative error = 0.682550
PSNR = 194.331414, NRMSE= 1.9205663116233332348E-10
normError = 0.000000, normErr_norm = 0.000000
acEff=1.000000
compressionRatio=11.801515
decompression time = 0.005674 seconds.
decompressed data file: ../../CESM-LAND-MODELS/4/log_normalized/sz_1E-9/AGNPP_1_192_288.dat.sz.out
  ✓ Compression and decompression successful (ratio: 11.80x)

[3/176] Processing: ANN_FAREA_BURNED_1_192_288.dat
compression time = 0.015161
compressed data file: ../../CESM-LAND-MODELS/4/log_normalized/ANN_FAREA_BURNED_1_192_288.dat.sz
Min=0, Max=1, range=1
Max absolute error = 0.0000000010
Max relative error = 0.000000
Max pw relative error = 0.681783
PSNR = 193.706722, NRMSE= 2.0637823755150923092E-10
normError = 0.000000, normErr_norm = 0.000000
acEff=1.000000
compressionRatio=2.337702
decompression time = 0.006248 seconds.
decompressed data file: ../../CESM-LAND-MODELS/4/log_normalized/sz_1E-9/ANN_FAREA_BURNED_1_192_288.dat.sz.out
  ✓ Compression and decompression successful (ratio: 2.33x)

[4/176] Processing: AR_1_192_288.dat
compression time = 0.011490
compressed data file: ../../CESM-LAND-MODELS/4/log_normalized/AR_1_192_288.dat.sz
Min=0, Max=1, range=1
Max absolute error = 0.0000000010
Max relative error = 0.000000
Max pw relative error = 0.694972
PSNR = 191.990553, NRMSE= 2.5146199285727669024E-10
normError = 0.000000, normErr_norm = 0.000000
acEff=1.000000
compressionRatio=7.756760
decompression time = 0.006471 seconds.
decompressed data file: ../../CESM-LAND-MODELS/4/log_normalized/sz_1E-9/AR_1_192_288.dat.sz.out
  ✓ Compression and decompression successful (ratio: 7.75x)

[5/176] Processing: area_192_288.dat
compression time = 0.011283
compressed data file: ../../CESM-LAND-MODELS/4/log_normalized/area_192_288.dat.sz
Min=0, Max=1, range=1
Max absolute error = 0.0000000000
Max relative error = 0.000000
Max pw relative error = 0.000000
PSNR = inf, NRMSE= 0
normError = 0.000000, normErr_norm = 0.000000
acEff=1.000000
compressionRatio=20.768451
decompression time = 0.005612 seconds.
decompressed data file: ../../CESM-LAND-MODELS/4/log_normalized/sz_1E-9/area_192_288.dat.sz.out
  ✓ Compression and decompression successful (ratio: 20.76x)

[6/176] Processing: areaatm_192_288.dat
compression time = 0.010977
compressed data file: ../../CESM-LAND-MODELS/4/log_normalized/areaatm_192_288.dat.sz
Min=0, Max=1, range=1
Max absolute error = 0.0000000006
Max relative error = 0.000000
Max pw relative error = 0.000000
PSNR = 232.205822, NRMSE= 2.4530641313175313525E-12
normError = 0.000000, normErr_norm = 0.000000
acEff=1.000000
compressionRatio=35.136458
decompression time = 0.005177 seconds.
decompressed data file: ../../CESM-LAND-MODELS/4/log_normalized/sz_1E-9/areaatm_192_288.dat.sz.out
  ✓ Compression and decompression successful (ratio: 35.13x)

[7/176] Processing: areaupsc_192_288.dat
compression time = 0.010888
compressed data file: ../../CESM-LAND-MODELS/4/log_normalized/areaupsc_192_288.dat.sz
Min=0, Max=1, range=1
Max absolute error = 0.0000000000
Max relative error = 0.000000
Max pw relative error = 0.000000
PSNR = inf, NRMSE= 0
normError = 0.000000, normErr_norm = 0.000000
acEff=1.000000
compressionRatio=20.768451
decompression time = 0.008021 seconds.
decompressed data file: ../../CESM-LAND-MODELS/4/log_normalized/sz_1E-9/areaupsc_192_288.dat.sz.out
  ✓ Compression and decompression successful (ratio: 20.76x)

[8/176] Processing: BCDEP_1_192_288.dat
compression time = 0.010461
compressed data file: ../../CESM-LAND-MODELS/4/log_normalized/BCDEP_1_192_288.dat.sz
Min=0, Max=1, range=1
Max absolute error = 0.0000000000
Max relative error = 0.000000
Max pw relative error = 0.000000
PSNR = inf, NRMSE= 0
normError = 0.000000, normErr_norm = 0.000000
acEff=1.000000
compressionRatio=57.286713
decompression time = 0.005984 seconds.
decompressed data file: ../../CESM-LAND-MODELS/4/log_normalized/sz_1E-9/BCDEP_1_192_288.dat.sz.out
  ✓ Compression and decompression successful (ratio: 57.28x)

[9/176] Processing: BGNPP_1_192_288.dat
compression time = 0.011006
compressed data file: ../../CESM-LAND-MODELS/4/log_normalized/BGNPP_1_192_288.dat.sz
Min=0, Max=1, range=1
Max absolute error = 0.0000000010
Max relative error = 0.000000
Max pw relative error = 0.688625
PSNR = 194.421005, NRMSE= 1.9008582905368335199E-10
normError = 0.000000, normErr_norm = 0.000000
acEff=1.000000
compressionRatio=11.996095
decompression time = 0.005891 seconds.
decompressed data file: ../../CESM-LAND-MODELS/4/log_normalized/sz_1E-9/BGNPP_1_192_288.dat.sz.out
  ✓ Compression and decompression successful (ratio: 11.99x)

[10/176] Processing: BTRAN_1_192_288.dat
compression time = 0.012987
compressed data file: ../../CESM-LAND-MODELS/4/log_normalized/BTRAN_1_192_288.dat.sz
Min=0, Max=1, range=1
Max absolute error = 0.0000000010
Max relative error = 0.000000
Max pw relative error = 0.043037
PSNR = 197.925846, NRMSE= 1.2697192476716754874E-10
normError = 0.000000, normErr_norm = 0.000000
acEff=1.000000
compressionRatio=2.918919
decompression time = 0.005785 seconds.
decompressed data file: ../../CESM-LAND-MODELS/4/log_normalized/sz_1E-9/BTRAN_1_192_288.dat.sz.out
  ✓ Compression and decompression successful (ratio: 2.91x)

[11/176] Processing: BUILDHEAT_1_192_288.dat
compression time = 0.014332
compressed data file: ../../CESM-LAND-MODELS/4/log_normalized/BUILDHEAT_1_192_288.dat.sz
Min=0, Max=1, range=1
Max absolute error = 0.0000000000
Max relative error = 0.000000
Max pw relative error = 0.000000
PSNR = inf, NRMSE= 0
normError = 0.000000, normErr_norm = 0.000000
acEff=1.000000
compressionRatio=3.991050
decompression time = 0.005885 seconds.
decompressed data file: ../../CESM-LAND-MODELS/4/log_normalized/sz_1E-9/BUILDHEAT_1_192_288.dat.sz.out
  ✓ Compression and decompression successful (ratio: 3.99x)

[12/176] Processing: COL_CTRUNC_1_192_288.dat
compression time = 0.012836
compressed data file: ../../CESM-LAND-MODELS/4/log_normalized/COL_CTRUNC_1_192_288.dat.sz
Min=0, Max=1, range=1
Max absolute error = 0.0000000010
Max relative error = 0.000000
Max pw relative error = 0.682721
PSNR = 191.083182, NRMSE= 2.7915208988425475416E-10
normError = 0.000000, normErr_norm = 0.000000
acEff=1.000000
compressionRatio=5.716826
decompression time = 0.006815 seconds.
decompressed data file: ../../CESM-LAND-MODELS/4/log_normalized/sz_1E-9/COL_CTRUNC_1_192_288.dat.sz.out
  ✓ Compression and decompression successful (ratio: 5.71x)

[13/176] Processing: COL_FIRE_CLOSS_1_192_288.dat
compression time = 0.011383
compressed data file: ../../CESM-LAND-MODELS/4/log_normalized/COL_FIRE_CLOSS_1_192_288.dat.sz
Min=0, Max=1, range=1
Max absolute error = 0.0000000010
Max relative error = 0.000000
Max pw relative error = 0.502754
PSNR = 198.597256, NRMSE= 1.175268724912505563E-10
normError = 0.000000, normErr_norm = 0.000000
acEff=1.000000
compressionRatio=27.085966
decompression time = 0.005695 seconds.
decompressed data file: ../../CESM-LAND-MODELS/4/log_normalized/sz_1E-9/COL_FIRE_CLOSS_1_192_288.dat.sz.out
  ✓ Compression and decompression successful (ratio: 27.08x)

[14/176] Processing: COL_FIRE_NLOSS_1_192_288.dat
compression time = 0.013041
compressed data file: ../../CESM-LAND-MODELS/4/log_normalized/COL_FIRE_NLOSS_1_192_288.dat.sz
Min=0, Max=1, range=1
Max absolute error = 0.0000000009
Max relative error = 0.000000
Max pw relative error = 0.390715
PSNR = 209.129309, NRMSE= 3.4957032812171084779E-11
normError = 0.000000, normErr_norm = 0.000000
acEff=1.000000
compressionRatio=53.130915
decompression time = 0.006480 seconds.
decompressed data file: ../../CESM-LAND-MODELS/4/log_normalized/sz_1E-9/COL_FIRE_NLOSS_1_192_288.dat.sz.out
  ✓ Compression and decompression successful (ratio: 53.13x)

[15/176] Processing: COL_NTRUNC_1_192_288.dat
compression time = 0.012477
compressed data file: ../../CESM-LAND-MODELS/4/log_normalized/COL_NTRUNC_1_192_288.dat.sz
Min=0, Max=1, range=1
Max absolute error = 0.0000000010
Max relative error = 0.000000
Max pw relative error = 0.694984
PSNR = 193.342666, NRMSE= 2.1521209985472932246E-10
normError = 0.000000, normErr_norm = 0.000000
acEff=1.000000
compressionRatio=9.284083
decompression time = 0.005825 seconds.
decompressed data file: ../../CESM-LAND-MODELS/4/log_normalized/sz_1E-9/COL_NTRUNC_1_192_288.dat.sz.out
  ✓ Compression and decompression successful (ratio: 9.28x)

[16/176] Processing: CPOOL_1_192_288.dat
compression time = 0.011083
compressed data file: ../../CESM-LAND-MODELS/4/log_normalized/CPOOL_1_192_288.dat.sz
Min=0, Max=1, range=1
Max absolute error = 0.0000000000
Max relative error = 0.000000
Max pw relative error = 0.000000
PSNR = inf, NRMSE= 0
normError = 0.000000, normErr_norm = 0.000000
acEff=1.000000
compressionRatio=57.286713
decompression time = 0.005963 seconds.
decompressed data file: ../../CESM-LAND-MODELS/4/log_normalized/sz_1E-9/CPOOL_1_192_288.dat.sz.out
  ✓ Compression and decompression successful (ratio: 57.28x)

[17/176] Processing: CWDC_1_192_288.dat
compression time = 0.010734
compressed data file: ../../CESM-LAND-MODELS/4/log_normalized/CWDC_1_192_288.dat.sz
Min=0, Max=1, range=1
Max absolute error = 0.0000000010
Max relative error = 0.000000
Max pw relative error = 0.549388
PSNR = 213.615076, NRMSE= 2.0856728067850983541E-11
normError = 0.000000, normErr_norm = 0.000000
acEff=1.000000
compressionRatio=4.428463
decompression time = 0.005501 seconds.
decompressed data file: ../../CESM-LAND-MODELS/4/log_normalized/sz_1E-9/CWDC_1_192_288.dat.sz.out
  ✓ Compression and decompression successful (ratio: 4.42x)

[18/176] Processing: CWDC_HR_1_192_288.dat
compression time = 0.010316
compressed data file: ../../CESM-LAND-MODELS/4/log_normalized/CWDC_HR_1_192_288.dat.sz
Min=0, Max=1, range=1
Max absolute error = 0.0000000000
Max relative error = 0.000000
Max pw relative error = 0.000000
PSNR = inf, NRMSE= 0
normError = 0.000000, normErr_norm = 0.000000
acEff=1.000000
compressionRatio=57.286713
decompression time = 0.006041 seconds.
decompressed data file: ../../CESM-LAND-MODELS/4/log_normalized/sz_1E-9/CWDC_HR_1_192_288.dat.sz.out
  ✓ Compression and decompression successful (ratio: 57.28x)

[19/176] Processing: CWDC_LOSS_1_192_288.dat
compression time = 0.010290
compressed data file: ../../CESM-LAND-MODELS/4/log_normalized/CWDC_LOSS_1_192_288.dat.sz
Min=0, Max=1, range=1
Max absolute error = 0.0000000010
Max relative error = 0.000000
Max pw relative error = 0.688588
PSNR = 192.561245, NRMSE= 2.3547118341598099401E-10
normError = 0.000000, normErr_norm = 0.000000
acEff=1.000000
compressionRatio=12.587298
decompression time = 0.005765 seconds.
decompressed data file: ../../CESM-LAND-MODELS/4/log_normalized/sz_1E-9/CWDC_LOSS_1_192_288.dat.sz.out
  ✓ Compression and decompression successful (ratio: 12.58x)

[20/176] Processing: CWDN_1_192_288.dat
compression time = 0.012430
compressed data file: ../../CESM-LAND-MODELS/4/log_normalized/CWDN_1_192_288.dat.sz
Min=0, Max=1, range=1
Max absolute error = 0.0000000010
Max relative error = 0.000000
Max pw relative error = 0.390715
PSNR = 202.230371, NRMSE= 7.7353763119475942418E-11
normError = 0.000000, normErr_norm = 0.000000
acEff=1.000000
compressionRatio=3.619381
decompression time = 0.006585 seconds.
decompressed data file: ../../CESM-LAND-MODELS/4/log_normalized/sz_1E-9/CWDN_1_192_288.dat.sz.out
  ✓ Compression and decompression successful (ratio: 3.61x)

[21/176] Processing: DEADCROOTC_1_192_288.dat
compression time = 0.011649
compressed data file: ../../CESM-LAND-MODELS/4/log_normalized/DEADCROOTC_1_192_288.dat.sz
Min=0, Max=1, range=1
Max absolute error = 0.0000000010
Max relative error = 0.000000
Max pw relative error = 0.390715
PSNR = 219.129552, NRMSE= 1.1054074889613989672E-11
normError = 0.000000, normErr_norm = 0.000000
acEff=1.000000
compressionRatio=4.534782
decompression time = 0.006034 seconds.
decompressed data file: ../../CESM-LAND-MODELS/4/log_normalized/sz_1E-9/DEADCROOTC_1_192_288.dat.sz.out
  ✓ Compression and decompression successful (ratio: 4.53x)

[22/176] Processing: DEADCROOTN_1_192_288.dat
compression time = 0.010220
compressed data file: ../../CESM-LAND-MODELS/4/log_normalized/DEADCROOTN_1_192_288.dat.sz
Min=0, Max=1, range=1
Max absolute error = 0.0000000010
Max relative error = 0.000000
Max pw relative error = 0.390715
PSNR = 202.342438, NRMSE= 7.6362141844774779894E-11
normError = 0.000000, normErr_norm = 0.000000
acEff=1.000000
compressionRatio=3.665021
decompression time = 0.005673 seconds.
decompressed data file: ../../CESM-LAND-MODELS/4/log_normalized/sz_1E-9/DEADCROOTN_1_192_288.dat.sz.out
  ✓ Compression and decompression successful (ratio: 3.66x)

[23/176] Processing: DEADSTEMC_1_192_288.dat
compression time = 0.012130
compressed data file: ../../CESM-LAND-MODELS/4/log_normalized/DEADSTEMC_1_192_288.dat.sz
Min=0, Max=1, range=1
Max absolute error = 0.0000000009
Max relative error = 0.000000
Max pw relative error = 0.304642
PSNR = 219.045374, NRMSE= 1.1161723935700065159E-11
normError = 0.000000, normErr_norm = 0.000000
acEff=1.000000
compressionRatio=4.551767
decompression time = 0.007648 seconds.
decompressed data file: ../../CESM-LAND-MODELS/4/log_normalized/sz_1E-9/DEADSTEMC_1_192_288.dat.sz.out
  ✓ Compression and decompression successful (ratio: 4.55x)

[24/176] Processing: DEADSTEMN_1_192_288.dat
compression time = 0.011932
compressed data file: ../../CESM-LAND-MODELS/4/log_normalized/DEADSTEMN_1_192_288.dat.sz
Min=0, Max=1, range=1
Max absolute error = 0.0000000010
Max relative error = 0.000000
Max pw relative error = 0.072857
PSNR = 206.089759, NRMSE= 4.9603469011225546424E-11
normError = 0.000000, normErr_norm = 0.000000
acEff=1.000000
compressionRatio=4.032672
decompression time = 0.006000 seconds.
decompressed data file: ../../CESM-LAND-MODELS/4/log_normalized/sz_1E-9/DEADSTEMN_1_192_288.dat.sz.out
  ✓ Compression and decompression successful (ratio: 4.03x)

[25/176] Processing: DENIT_1_192_288.dat
compression time = 0.010735
compressed data file: ../../CESM-LAND-MODELS/4/log_normalized/DENIT_1_192_288.dat.sz
Min=0, Max=1, range=1
Max absolute error = 0.0000000009
Max relative error = 0.000000
Max pw relative error = 0.609285
PSNR = 198.294195, NRMSE= 1.2169991246577113863E-10
normError = 0.000000, normErr_norm = 0.000000
acEff=1.000000
compressionRatio=41.764350
decompression time = 0.005284 seconds.
decompressed data file: ../../CESM-LAND-MODELS/4/log_normalized/sz_1E-9/DENIT_1_192_288.dat.sz.out
  ✓ Compression and decompression successful (ratio: 41.76x)

[26/176] Processing: DISPVEGC_1_192_288.dat
compression time = 0.011235
compressed data file: ../../CESM-LAND-MODELS/4/log_normalized/DISPVEGC_1_192_288.dat.sz
Min=0, Max=1, range=1
Max absolute error = 0.0000000010
Max relative error = 0.000000
Max pw relative error = 0.072857
PSNR = 218.415557, NRMSE= 1.2001129793227411946E-11
normError = 0.000000, normErr_norm = 0.000000
acEff=1.000000
compressionRatio=4.220344
decompression time = 0.005217 seconds.
decompressed data file: ../../CESM-LAND-MODELS/4/log_normalized/sz_1E-9/DISPVEGC_1_192_288.dat.sz.out
  ✓ Compression and decompression successful (ratio: 4.22x)

[27/176] Processing: DISPVEGN_1_192_288.dat
compression time = 0.013610
compressed data file: ../../CESM-LAND-MODELS/4/log_normalized/DISPVEGN_1_192_288.dat.sz
Min=0, Max=1, range=1
Max absolute error = 0.0000000010
Max relative error = 0.000000
Max pw relative error = 0.112572
PSNR = 208.797161, NRMSE= 3.6319676757787743436E-11
normError = 0.000000, normErr_norm = 0.000000
acEff=1.000000
compressionRatio=3.872269
decompression time = 0.005309 seconds.
decompressed data file: ../../CESM-LAND-MODELS/4/log_normalized/sz_1E-9/DISPVEGN_1_192_288.dat.sz.out
  ✓ Compression and decompression successful (ratio: 3.87x)

[28/176] Processing: DSTDEP_1_192_288.dat
compression time = 0.009576
compressed data file: ../../CESM-LAND-MODELS/4/log_normalized/DSTDEP_1_192_288.dat.sz
Min=0, Max=1, range=1
Max absolute error = 0.0000000000
Max relative error = 0.000000
Max pw relative error = 0.000000
PSNR = inf, NRMSE= 0
normError = 0.000000, normErr_norm = 0.000000
acEff=1.000000
compressionRatio=57.286713
decompression time = 0.005383 seconds.
decompressed data file: ../../CESM-LAND-MODELS/4/log_normalized/sz_1E-9/DSTDEP_1_192_288.dat.sz.out
  ✓ Compression and decompression successful (ratio: 57.28x)

[29/176] Processing: DSTFLXT_1_192_288.dat
compression time = 0.012097
compressed data file: ../../CESM-LAND-MODELS/4/log_normalized/DSTFLXT_1_192_288.dat.sz
Min=0, Max=1, range=1
Max absolute error = 0.0000000009
Max relative error = 0.000000
Max pw relative error = 0.609285
PSNR = 203.156589, NRMSE= 6.9529731209118184272E-11
normError = 0.000000, normErr_norm = 0.000000
acEff=1.000000
compressionRatio=46.970482
decompression time = 0.005168 seconds.
decompressed data file: ../../CESM-LAND-MODELS/4/log_normalized/sz_1E-9/DSTFLXT_1_192_288.dat.sz.out
  ✓ Compression and decompression successful (ratio: 46.97x)

[30/176] Processing: DWT_CLOSS_1_192_288.dat
compression time = 0.010996
compressed data file: ../../CESM-LAND-MODELS/4/log_normalized/DWT_CLOSS_1_192_288.dat.sz
Min=0, Max=1, range=1
Max absolute error = 0.0000000000
Max relative error = 0.000000
Max pw relative error = 0.000000
PSNR = inf, NRMSE= 0
normError = 0.000000, normErr_norm = 0.000000
acEff=1.000000
compressionRatio=57.286713
decompression time = 0.005059 seconds.
decompressed data file: ../../CESM-LAND-MODELS/4/log_normalized/sz_1E-9/DWT_CLOSS_1_192_288.dat.sz.out
  ✓ Compression and decompression successful (ratio: 57.28x)

[31/176] Processing: DWT_CONV_CFLUX_1_192_288.dat
compression time = 0.010706
compressed data file: ../../CESM-LAND-MODELS/4/log_normalized/DWT_CONV_CFLUX_1_192_288.dat.sz
Min=0, Max=1, range=1
Max absolute error = 0.0000000000
Max relative error = 0.000000
Max pw relative error = 0.000000
PSNR = inf, NRMSE= 0
normError = 0.000000, normErr_norm = 0.000000
acEff=1.000000
compressionRatio=57.286713
decompression time = 0.006304 seconds.
decompressed data file: ../../CESM-LAND-MODELS/4/log_normalized/sz_1E-9/DWT_CONV_CFLUX_1_192_288.dat.sz.out
  ✓ Compression and decompression successful (ratio: 57.28x)

[32/176] Processing: DWT_CONV_NFLUX_1_192_288.dat
compression time = 0.009943
compressed data file: ../../CESM-LAND-MODELS/4/log_normalized/DWT_CONV_NFLUX_1_192_288.dat.sz
Min=0, Max=1, range=1
Max absolute error = 0.0000000000
Max relative error = 0.000000
Max pw relative error = 0.000000
PSNR = inf, NRMSE= 0
normError = 0.000000, normErr_norm = 0.000000
acEff=1.000000
compressionRatio=57.286713
decompression time = 0.005240 seconds.
decompressed data file: ../../CESM-LAND-MODELS/4/log_normalized/sz_1E-9/DWT_CONV_NFLUX_1_192_288.dat.sz.out
  ✓ Compression and decompression successful (ratio: 57.28x)

[33/176] Processing: DWT_NLOSS_1_192_288.dat
compression time = 0.011995
compressed data file: ../../CESM-LAND-MODELS/4/log_normalized/DWT_NLOSS_1_192_288.dat.sz
Min=0, Max=1, range=1
Max absolute error = 0.0000000000
Max relative error = 0.000000
Max pw relative error = 0.000000
PSNR = inf, NRMSE= 0
normError = 0.000000, normErr_norm = 0.000000
acEff=1.000000
compressionRatio=57.286713
decompression time = 0.005286 seconds.
decompressed data file: ../../CESM-LAND-MODELS/4/log_normalized/sz_1E-9/DWT_NLOSS_1_192_288.dat.sz.out
  ✓ Compression and decompression successful (ratio: 57.28x)

[34/176] Processing: DWT_PROD100C_GAIN_1_192_288.dat
compression time = 0.010578
compressed data file: ../../CESM-LAND-MODELS/4/log_normalized/DWT_PROD100C_GAIN_1_192_288.dat.sz
Min=0, Max=1, range=1
Max absolute error = 0.0000000000
Max relative error = 0.000000
Max pw relative error = 0.000000
PSNR = inf, NRMSE= 0
normError = 0.000000, normErr_norm = 0.000000
acEff=1.000000
compressionRatio=57.286713
decompression time = 0.005850 seconds.
decompressed data file: ../../CESM-LAND-MODELS/4/log_normalized/sz_1E-9/DWT_PROD100C_GAIN_1_192_288.dat.sz.out
  ✓ Compression and decompression successful (ratio: 57.28x)

[35/176] Processing: DWT_PROD100N_GAIN_1_192_288.dat
compression time = 0.010255
compressed data file: ../../CESM-LAND-MODELS/4/log_normalized/DWT_PROD100N_GAIN_1_192_288.dat.sz
Min=0, Max=1, range=1
Max absolute error = 0.0000000000
Max relative error = 0.000000
Max pw relative error = 0.000000
PSNR = inf, NRMSE= 0
normError = 0.000000, normErr_norm = 0.000000
acEff=1.000000
compressionRatio=57.286713
decompression time = 0.005340 seconds.
decompressed data file: ../../CESM-LAND-MODELS/4/log_normalized/sz_1E-9/DWT_PROD100N_GAIN_1_192_288.dat.sz.out
  ✓ Compression and decompression successful (ratio: 57.28x)

[36/176] Processing: DWT_PROD10C_GAIN_1_192_288.dat
compression time = 0.011036
compressed data file: ../../CESM-LAND-MODELS/4/log_normalized/DWT_PROD10C_GAIN_1_192_288.dat.sz
Min=0, Max=1, range=1
Max absolute error = 0.0000000000
Max relative error = 0.000000
Max pw relative error = 0.000000
PSNR = inf, NRMSE= 0
normError = 0.000000, normErr_norm = 0.000000
acEff=1.000000
compressionRatio=57.286713
decompression time = 0.005645 seconds.
decompressed data file: ../../CESM-LAND-MODELS/4/log_normalized/sz_1E-9/DWT_PROD10C_GAIN_1_192_288.dat.sz.out
  ✓ Compression and decompression successful (ratio: 57.28x)

[37/176] Processing: DWT_PROD10N_GAIN_1_192_288.dat
compression time = 0.010641
compressed data file: ../../CESM-LAND-MODELS/4/log_normalized/DWT_PROD10N_GAIN_1_192_288.dat.sz
Min=0, Max=1, range=1
Max absolute error = 0.0000000000
Max relative error = 0.000000
Max pw relative error = 0.000000
PSNR = inf, NRMSE= 0
normError = 0.000000, normErr_norm = 0.000000
acEff=1.000000
compressionRatio=57.286713
decompression time = 0.005311 seconds.
decompressed data file: ../../CESM-LAND-MODELS/4/log_normalized/sz_1E-9/DWT_PROD10N_GAIN_1_192_288.dat.sz.out
  ✓ Compression and decompression successful (ratio: 57.28x)

[38/176] Processing: DWT_SEEDC_TO_DEADSTEM_1_192_288.dat
compression time = 0.009835
compressed data file: ../../CESM-LAND-MODELS/4/log_normalized/DWT_SEEDC_TO_DEADSTEM_1_192_288.dat.sz
Min=0, Max=1, range=1
Max absolute error = 0.0000000000
Max relative error = 0.000000
Max pw relative error = 0.000000
PSNR = inf, NRMSE= 0
normError = 0.000000, normErr_norm = 0.000000
acEff=1.000000
compressionRatio=57.286713
decompression time = 0.005024 seconds.
decompressed data file: ../../CESM-LAND-MODELS/4/log_normalized/sz_1E-9/DWT_SEEDC_TO_DEADSTEM_1_192_288.dat.sz.out
  ✓ Compression and decompression successful (ratio: 57.28x)

[39/176] Processing: DWT_SEEDC_TO_LEAF_1_192_288.dat
compression time = 0.011324
compressed data file: ../../CESM-LAND-MODELS/4/log_normalized/DWT_SEEDC_TO_LEAF_1_192_288.dat.sz
Min=0, Max=1, range=1
Max absolute error = 0.0000000000
Max relative error = 0.000000
Max pw relative error = 0.000000
PSNR = inf, NRMSE= 0
normError = 0.000000, normErr_norm = 0.000000
acEff=1.000000
compressionRatio=57.286713
decompression time = 0.005296 seconds.
decompressed data file: ../../CESM-LAND-MODELS/4/log_normalized/sz_1E-9/DWT_SEEDC_TO_LEAF_1_192_288.dat.sz.out
  ✓ Compression and decompression successful (ratio: 57.28x)

[40/176] Processing: DWT_SEEDN_TO_DEADSTEM_1_192_288.dat
compression time = 0.010589
compressed data file: ../../CESM-LAND-MODELS/4/log_normalized/DWT_SEEDN_TO_DEADSTEM_1_192_288.dat.sz
Min=0, Max=1, range=1
Max absolute error = 0.0000000000
Max relative error = 0.000000
Max pw relative error = 0.000000
PSNR = inf, NRMSE= 0
normError = 0.000000, normErr_norm = 0.000000
acEff=1.000000
compressionRatio=57.286713
decompression time = 0.005165 seconds.
decompressed data file: ../../CESM-LAND-MODELS/4/log_normalized/sz_1E-9/DWT_SEEDN_TO_DEADSTEM_1_192_288.dat.sz.out
  ✓ Compression and decompression successful (ratio: 57.28x)

[41/176] Processing: DWT_SEEDN_TO_LEAF_1_192_288.dat
compression time = 0.010563
compressed data file: ../../CESM-LAND-MODELS/4/log_normalized/DWT_SEEDN_TO_LEAF_1_192_288.dat.sz
Min=0, Max=1, range=1
Max absolute error = 0.0000000000
Max relative error = 0.000000
Max pw relative error = 0.000000
PSNR = inf, NRMSE= 0
normError = 0.000000, normErr_norm = 0.000000
acEff=1.000000
compressionRatio=57.286713
decompression time = 0.005086 seconds.
decompressed data file: ../../CESM-LAND-MODELS/4/log_normalized/sz_1E-9/DWT_SEEDN_TO_LEAF_1_192_288.dat.sz.out
  ✓ Compression and decompression successful (ratio: 57.28x)

[42/176] Processing: EFLX_DYNBAL_1_192_288.dat
compression time = 0.010697
compressed data file: ../../CESM-LAND-MODELS/4/log_normalized/EFLX_DYNBAL_1_192_288.dat.sz
Min=0, Max=1, range=1
Max absolute error = 0.0000000000
Max relative error = 0.000000
Max pw relative error = 0.000000
PSNR = inf, NRMSE= 0
normError = 0.000000, normErr_norm = 0.000000
acEff=1.000000
compressionRatio=57.286713
decompression time = 0.005350 seconds.
decompressed data file: ../../CESM-LAND-MODELS/4/log_normalized/sz_1E-9/EFLX_DYNBAL_1_192_288.dat.sz.out
  ✓ Compression and decompression successful (ratio: 57.28x)

[43/176] Processing: EFLX_LH_TOT_R_1_192_288.dat
compression time = 0.009848
compressed data file: ../../CESM-LAND-MODELS/4/log_normalized/EFLX_LH_TOT_R_1_192_288.dat.sz
Min=0, Max=1, range=1
Max absolute error = 0.0000000009
Max relative error = 0.000000
Max pw relative error = 0.000000
PSNR = 228.044935, NRMSE= 3.960529676637214698E-12
normError = 0.000000, normErr_norm = 0.000000
acEff=1.000000
compressionRatio=3.179256
decompression time = 0.005561 seconds.
decompressed data file: ../../CESM-LAND-MODELS/4/log_normalized/sz_1E-9/EFLX_LH_TOT_R_1_192_288.dat.sz.out
  ✓ Compression and decompression successful (ratio: 3.17x)

[44/176] Processing: EFLX_LH_TOT_U_1_192_288.dat
compression time = 0.010683
compressed data file: ../../CESM-LAND-MODELS/4/log_normalized/EFLX_LH_TOT_U_1_192_288.dat.sz
Min=0, Max=1, range=1
Max absolute error = 0.0000000009
Max relative error = 0.000000
Max pw relative error = 0.000000
PSNR = 228.044935, NRMSE= 3.960529676637214698E-12
normError = 0.000000, normErr_norm = 0.000000
acEff=1.000000
compressionRatio=9.417295
decompression time = 0.005741 seconds.
decompressed data file: ../../CESM-LAND-MODELS/4/log_normalized/sz_1E-9/EFLX_LH_TOT_U_1_192_288.dat.sz.out
  ✓ Compression and decompression successful (ratio: 9.41x)

[45/176] Processing: ELAI_1_192_288.dat
compression time = 0.012656
compressed data file: ../../CESM-LAND-MODELS/4/log_normalized/ELAI_1_192_288.dat.sz
Min=0, Max=1, range=1
Max absolute error = 0.0000000010
Max relative error = 0.000000
Max pw relative error = 0.004369
PSNR = 205.630630, NRMSE= 5.2296004709691506957E-11
normError = 0.000000, normErr_norm = 0.000000
acEff=1.000000
compressionRatio=3.930064
decompression time = 0.005372 seconds.
decompressed data file: ../../CESM-LAND-MODELS/4/log_normalized/sz_1E-9/ELAI_1_192_288.dat.sz.out
  ✓ Compression and decompression successful (ratio: 3.93x)

[46/176] Processing: ER_1_192_288.dat
compression time = 0.010423
compressed data file: ../../CESM-LAND-MODELS/4/log_normalized/ER_1_192_288.dat.sz
Min=0, Max=1, range=1
Max absolute error = 0.0000000010
Max relative error = 0.000000
Max pw relative error = 0.682602
PSNR = 191.784069, NRMSE= 2.5751145266737687515E-10
normError = 0.000000, normErr_norm = 0.000000
acEff=1.000000
compressionRatio=6.957003
decompression time = 0.005626 seconds.
decompressed data file: ../../CESM-LAND-MODELS/4/log_normalized/sz_1E-9/ER_1_192_288.dat.sz.out
  ✓ Compression and decompression successful (ratio: 6.95x)

[47/176] Processing: ERRH2O_1_192_288.dat
compression time = 0.011008
compressed data file: ../../CESM-LAND-MODELS/4/log_normalized/ERRH2O_1_192_288.dat.sz
Min=0, Max=1, range=1
Max absolute error = 0.0000000000
Max relative error = 0.000000
Max pw relative error = 0.000000
PSNR = inf, NRMSE= 0
normError = 0.000000, normErr_norm = 0.000000
acEff=1.000000
compressionRatio=57.286713
decompression time = 0.005079 seconds.
decompressed data file: ../../CESM-LAND-MODELS/4/log_normalized/sz_1E-9/ERRH2O_1_192_288.dat.sz.out
  ✓ Compression and decompression successful (ratio: 57.28x)

[48/176] Processing: ERRSEB_1_192_288.dat
compression time = 0.011315
compressed data file: ../../CESM-LAND-MODELS/4/log_normalized/ERRSEB_1_192_288.dat.sz
Min=0, Max=1, range=1
Max absolute error = 0.0000000000
Max relative error = 0.000000
Max pw relative error = 0.000000
PSNR = inf, NRMSE= 0
normError = 0.000000, normErr_norm = 0.000000
acEff=1.000000
compressionRatio=57.286713
decompression time = 0.005242 seconds.
decompressed data file: ../../CESM-LAND-MODELS/4/log_normalized/sz_1E-9/ERRSEB_1_192_288.dat.sz.out
  ✓ Compression and decompression successful (ratio: 57.28x)

[49/176] Processing: ERRSOI_1_192_288.dat
compression time = 0.011480
compressed data file: ../../CESM-LAND-MODELS/4/log_normalized/ERRSOI_1_192_288.dat.sz
Min=0, Max=1, range=1
Max absolute error = 0.0000000000
Max relative error = 0.000000
Max pw relative error = 0.000000
PSNR = inf, NRMSE= 0
normError = 0.000000, normErr_norm = 0.000000
acEff=1.000000
compressionRatio=57.286713
decompression time = 0.005420 seconds.
decompressed data file: ../../CESM-LAND-MODELS/4/log_normalized/sz_1E-9/ERRSOI_1_192_288.dat.sz.out
  ✓ Compression and decompression successful (ratio: 57.28x)

[50/176] Processing: ERRSOL_1_192_288.dat
compression time = 0.010571
compressed data file: ../../CESM-LAND-MODELS/4/log_normalized/ERRSOL_1_192_288.dat.sz
Min=0, Max=1, range=1
Max absolute error = 0.0000000000
Max relative error = 0.000000
Max pw relative error = 0.000000
PSNR = inf, NRMSE= 0
normError = 0.000000, normErr_norm = 0.000000
acEff=1.000000
compressionRatio=57.286713
decompression time = 0.006671 seconds.
decompressed data file: ../../CESM-LAND-MODELS/4/log_normalized/sz_1E-9/ERRSOL_1_192_288.dat.sz.out
  ✓ Compression and decompression successful (ratio: 57.28x)

[51/176] Processing: ESAI_1_192_288.dat
compression time = 0.014480
compressed data file: ../../CESM-LAND-MODELS/4/log_normalized/ESAI_1_192_288.dat.sz
Min=0, Max=1, range=1
Max absolute error = 0.0000000010
Max relative error = 0.000000
Max pw relative error = 0.072856
PSNR = 199.862751, NRMSE= 1.0159268705478856803E-10
normError = 0.000000, normErr_norm = 0.000000
acEff=1.000000
compressionRatio=2.985221
decompression time = 0.006062 seconds.
decompressed data file: ../../CESM-LAND-MODELS/4/log_normalized/sz_1E-9/ESAI_1_192_288.dat.sz.out
  ✓ Compression and decompression successful (ratio: 2.98x)

[52/176] Processing: FCEV_1_192_288.dat
compression time = 0.012072
compressed data file: ../../CESM-LAND-MODELS/4/log_normalized/FCEV_1_192_288.dat.sz
Min=0, Max=1, range=1
Max absolute error = 0.0000000009
Max relative error = 0.000000
Max pw relative error = 0.000000
PSNR = 223.273722, NRMSE= 6.8598386248199920832E-12
normError = 0.000000, normErr_norm = 0.000000
acEff=1.000000
compressionRatio=3.084036
decompression time = 0.006357 seconds.
decompressed data file: ../../CESM-LAND-MODELS/4/log_normalized/sz_1E-9/FCEV_1_192_288.dat.sz.out
  ✓ Compression and decompression successful (ratio: 3.08x)

[53/176] Processing: FCOV_1_192_288.dat
compression time = 0.012509
compressed data file: ../../CESM-LAND-MODELS/4/log_normalized/FCOV_1_192_288.dat.sz
Min=0, Max=1, range=1
Max absolute error = 0.0000000010
Max relative error = 0.000000
Max pw relative error = 0.131960
PSNR = 197.366278, NRMSE= 1.3542102410069040098E-10
normError = 0.000000, normErr_norm = 0.000000
acEff=1.000000
compressionRatio=2.410016
decompression time = 0.005886 seconds.
decompressed data file: ../../CESM-LAND-MODELS/4/log_normalized/sz_1E-9/FCOV_1_192_288.dat.sz.out
  ✓ Compression and decompression successful (ratio: 2.41x)

[54/176] Processing: FCTR_1_192_288.dat
compression time = 0.011481
compressed data file: ../../CESM-LAND-MODELS/4/log_normalized/FCTR_1_192_288.dat.sz
Min=0, Max=1, range=1
Max absolute error = 0.0000000010
Max relative error = 0.000000
Max pw relative error = 0.687940
PSNR = 198.374968, NRMSE= 1.205734192728420544E-10
normError = 0.000000, normErr_norm = 0.000000
acEff=1.000000
compressionRatio=3.031787
decompression time = 0.006012 seconds.
decompressed data file: ../../CESM-LAND-MODELS/4/log_normalized/sz_1E-9/FCTR_1_192_288.dat.sz.out
  ✓ Compression and decompression successful (ratio: 3.03x)

[55/176] Processing: FGEV_1_192_288.dat
compression time = 0.013331
compressed data file: ../../CESM-LAND-MODELS/4/log_normalized/FGEV_1_192_288.dat.sz
Min=0, Max=1, range=1
Max absolute error = 0.0000000000
Max relative error = 0.000000
Max pw relative error = 0.000000
PSNR = inf, NRMSE= 0
normError = 0.000000, normErr_norm = 0.000000
acEff=1.000000
compressionRatio=2.324704
decompression time = 0.006645 seconds.
decompressed data file: ../../CESM-LAND-MODELS/4/log_normalized/sz_1E-9/FGEV_1_192_288.dat.sz.out
  ✓ Compression and decompression successful (ratio: 2.32x)

[56/176] Processing: FGR_1_192_288.dat
compression time = 0.014804
compressed data file: ../../CESM-LAND-MODELS/4/log_normalized/FGR_1_192_288.dat.sz
Min=0, Max=1, range=1
Max absolute error = 0.0000000000
Max relative error = 0.000000
Max pw relative error = 0.000000
PSNR = inf, NRMSE= 0
normError = 0.000000, normErr_norm = 0.000000
acEff=1.000000
compressionRatio=3.173098
decompression time = 0.000842 seconds.
decompressed data file: ../../CESM-LAND-MODELS/4/log_normalized/sz_1E-9/FGR_1_192_288.dat.sz.out
  ✓ Compression and decompression successful (ratio: 3.17x)

[57/176] Processing: FGR12_1_192_288.dat
compression time = 0.014566
compressed data file: ../../CESM-LAND-MODELS/4/log_normalized/FGR12_1_192_288.dat.sz
Min=0, Max=1, range=1
Max absolute error = 0.0000000000
Max relative error = 0.000000
Max pw relative error = 0.000000
PSNR = inf, NRMSE= 0
normError = 0.000000, normErr_norm = 0.000000
acEff=1.000000
compressionRatio=1.880065
decompression time = 0.006353 seconds.
decompressed data file: ../../CESM-LAND-MODELS/4/log_normalized/sz_1E-9/FGR12_1_192_288.dat.sz.out
  ✓ Compression and decompression successful (ratio: 1.88x)

[58/176] Processing: FGR_R_1_192_288.dat
compression time = 0.013209
compressed data file: ../../CESM-LAND-MODELS/4/log_normalized/FGR_R_1_192_288.dat.sz
Min=0, Max=1, range=1
Max absolute error = 0.0000000000
Max relative error = 0.000000
Max pw relative error = 0.000000
PSNR = inf, NRMSE= 0
normError = 0.000000, normErr_norm = 0.000000
acEff=1.000000
compressionRatio=2.674955
decompression time = 0.006222 seconds.
decompressed data file: ../../CESM-LAND-MODELS/4/log_normalized/sz_1E-9/FGR_R_1_192_288.dat.sz.out
  ✓ Compression and decompression successful (ratio: 2.67x)

[59/176] Processing: FGR_U_1_192_288.dat
compression time = 0.011849
compressed data file: ../../CESM-LAND-MODELS/4/log_normalized/FGR_U_1_192_288.dat.sz
Min=0, Max=1, range=1
Max absolute error = 0.0000000000
Max relative error = 0.000000
Max pw relative error = 0.000000
PSNR = inf, NRMSE= 0
normError = 0.000000, normErr_norm = 0.000000
acEff=1.000000
compressionRatio=6.256265
decompression time = 0.005993 seconds.
decompressed data file: ../../CESM-LAND-MODELS/4/log_normalized/sz_1E-9/FGR_U_1_192_288.dat.sz.out
  ✓ Compression and decompression successful (ratio: 6.25x)

[60/176] Processing: FIRA_1_192_288.dat
compression time = 0.013654
compressed data file: ../../CESM-LAND-MODELS/4/log_normalized/FIRA_1_192_288.dat.sz
Min=0, Max=1, range=1
Max absolute error = 0.0000000000
Max relative error = 0.000000
Max pw relative error = 0.000000
PSNR = inf, NRMSE= 0
normError = 0.000000, normErr_norm = 0.000000
acEff=1.000000
compressionRatio=2.272726
decompression time = 0.006456 seconds.
decompressed data file: ../../CESM-LAND-MODELS/4/log_normalized/sz_1E-9/FIRA_1_192_288.dat.sz.out
  ✓ Compression and decompression successful (ratio: 2.27x)

[61/176] Processing: FIRA_R_1_192_288.dat
compression time = 0.012684
compressed data file: ../../CESM-LAND-MODELS/4/log_normalized/FIRA_R_1_192_288.dat.sz
Min=0, Max=1, range=1
Max absolute error = 0.0000000000
Max relative error = 0.000000
Max pw relative error = 0.000000
PSNR = inf, NRMSE= 0
normError = 0.000000, normErr_norm = 0.000000
acEff=1.000000
compressionRatio=3.252036
decompression time = 0.006032 seconds.
decompressed data file: ../../CESM-LAND-MODELS/4/log_normalized/sz_1E-9/FIRA_R_1_192_288.dat.sz.out
  ✓ Compression and decompression successful (ratio: 3.25x)

[62/176] Processing: FIRA_U_1_192_288.dat
compression time = 0.011521
compressed data file: ../../CESM-LAND-MODELS/4/log_normalized/FIRA_U_1_192_288.dat.sz
Min=0, Max=1, range=1
Max absolute error = 0.0000000009
Max relative error = 0.000000
Max pw relative error = 0.000000
PSNR = 228.044935, NRMSE= 3.960529676637214698E-12
normError = 0.000000, normErr_norm = 0.000000
acEff=1.000000
compressionRatio=9.205644
decompression time = 0.005800 seconds.
decompressed data file: ../../CESM-LAND-MODELS/4/log_normalized/sz_1E-9/FIRA_U_1_192_288.dat.sz.out
  ✓ Compression and decompression successful (ratio: 9.20x)

[63/176] Processing: FIRE_1_192_288.dat
compression time = 0.013001
compressed data file: ../../CESM-LAND-MODELS/4/log_normalized/FIRE_1_192_288.dat.sz
Min=0, Max=1, range=1
Max absolute error = 0.0000000000
Max relative error = 0.000000
Max pw relative error = 0.000000
PSNR = inf, NRMSE= 0
normError = 0.000000, normErr_norm = 0.000000
acEff=1.000000
compressionRatio=2.049252
decompression time = 0.006159 seconds.
decompressed data file: ../../CESM-LAND-MODELS/4/log_normalized/sz_1E-9/FIRE_1_192_288.dat.sz.out
  ✓ Compression and decompression successful (ratio: 2.04x)

[64/176] Processing: FIRESEASONL_1_192_288.dat
compression time = 0.011587
compressed data file: ../../CESM-LAND-MODELS/4/log_normalized/FIRESEASONL_1_192_288.dat.sz
Min=0, Max=1, range=1
Max absolute error = 0.0000000010
Max relative error = 0.000000
Max pw relative error = 0.390715
PSNR = 210.955437, NRMSE= 2.832879831436364726E-11
normError = 0.000000, normErr_norm = 0.000000
acEff=1.000000
compressionRatio=4.750413
decompression time = 0.005422 seconds.
decompressed data file: ../../CESM-LAND-MODELS/4/log_normalized/sz_1E-9/FIRESEASONL_1_192_288.dat.sz.out
  ✓ Compression and decompression successful (ratio: 4.75x)

[65/176] Processing: FLDS_1_192_288.dat
compression time = 0.013244
compressed data file: ../../CESM-LAND-MODELS/4/log_normalized/FLDS_1_192_288.dat.sz
Min=0, Max=1, range=1
Max absolute error = 0.0000000000
Max relative error = 0.000000
Max pw relative error = 0.000000
PSNR = inf, NRMSE= 0
normError = 0.000000, normErr_norm = 0.000000
acEff=1.000000
compressionRatio=2.028002
decompression time = 0.006456 seconds.
decompressed data file: ../../CESM-LAND-MODELS/4/log_normalized/sz_1E-9/FLDS_1_192_288.dat.sz.out
  ✓ Compression and decompression successful (ratio: 2.02x)

[66/176] Processing: FLUXFM2A_1_192_288.dat
compression time = 0.010664
compressed data file: ../../CESM-LAND-MODELS/4/log_normalized/FLUXFM2A_1_192_288.dat.sz
Min=0, Max=1, range=1
Max absolute error = 0.0000000000
Max relative error = 0.000000
Max pw relative error = 0.000000
PSNR = inf, NRMSE= 0
normError = 0.000000, normErr_norm = 0.000000
acEff=1.000000
compressionRatio=57.286713
decompression time = 0.005220 seconds.
decompressed data file: ../../CESM-LAND-MODELS/4/log_normalized/sz_1E-9/FLUXFM2A_1_192_288.dat.sz.out
  ✓ Compression and decompression successful (ratio: 57.28x)

[67/176] Processing: FLUXFMLND_1_192_288.dat
compression time = 0.010053
compressed data file: ../../CESM-LAND-MODELS/4/log_normalized/FLUXFMLND_1_192_288.dat.sz
Min=0, Max=1, range=1
Max absolute error = 0.0000000000
Max relative error = 0.000000
Max pw relative error = 0.000000
PSNR = inf, NRMSE= 0
normError = 0.000000, normErr_norm = 0.000000
acEff=1.000000
compressionRatio=57.286713
decompression time = 0.005344 seconds.
decompressed data file: ../../CESM-LAND-MODELS/4/log_normalized/sz_1E-9/FLUXFMLND_1_192_288.dat.sz.out
  ✓ Compression and decompression successful (ratio: 57.28x)

[68/176] Processing: FPG_1_192_288.dat
compression time = 0.012446
compressed data file: ../../CESM-LAND-MODELS/4/log_normalized/FPG_1_192_288.dat.sz
Min=0, Max=1, range=1
Max absolute error = 0.0000000009
Max relative error = 0.000000
Max pw relative error = 0.000011
PSNR = 194.171252, NRMSE= 1.9563088223807289995E-10
normError = 0.000000, normErr_norm = 0.000000
acEff=1.000000
compressionRatio=4.181883
decompression time = 0.006355 seconds.
decompressed data file: ../../CESM-LAND-MODELS/4/log_normalized/sz_1E-9/FPG_1_192_288.dat.sz.out
  ✓ Compression and decompression successful (ratio: 4.18x)

[69/176] Processing: FPI_1_192_288.dat
compression time = 0.012048
compressed data file: ../../CESM-LAND-MODELS/4/log_normalized/FPI_1_192_288.dat.sz
Min=0, Max=1, range=1
Max absolute error = 0.0000000010
Max relative error = 0.000000
Max pw relative error = 0.000048
PSNR = 192.775106, NRMSE= 2.297442831404220486E-10
normError = 0.000000, normErr_norm = 0.000000
acEff=1.000000
compressionRatio=3.469390
decompression time = 0.005987 seconds.
decompressed data file: ../../CESM-LAND-MODELS/4/log_normalized/sz_1E-9/FPI_1_192_288.dat.sz.out
  ✓ Compression and decompression successful (ratio: 3.46x)

[70/176] Processing: FPSN_1_192_288.dat
compression time = 0.013210
compressed data file: ../../CESM-LAND-MODELS/4/log_normalized/FPSN_1_192_288.dat.sz
Min=0, Max=1, range=1
Max absolute error = 0.0000000010
Max relative error = 0.000000
Max pw relative error = 0.638413
PSNR = 198.895700, NRMSE= 1.1355728820281587635E-10
normError = 0.000000, normErr_norm = 0.000000
acEff=1.000000
compressionRatio=3.276218
decompression time = 0.006058 seconds.
decompressed data file: ../../CESM-LAND-MODELS/4/log_normalized/sz_1E-9/FPSN_1_192_288.dat.sz.out
  ✓ Compression and decompression successful (ratio: 3.27x)

[71/176] Processing: FROOTC_1_192_288.dat
compression time = 0.010557
compressed data file: ../../CESM-LAND-MODELS/4/log_normalized/FROOTC_1_192_288.dat.sz
Min=0, Max=1, range=1
Max absolute error = 0.0000000010
Max relative error = 0.000000
Max pw relative error = 0.011430
PSNR = 215.743201, NRMSE= 1.6324501533616069804E-11
normError = 0.000000, normErr_norm = 0.000000
acEff=1.000000
compressionRatio=4.309647
decompression time = 0.005396 seconds.
decompressed data file: ../../CESM-LAND-MODELS/4/log_normalized/sz_1E-9/FROOTC_1_192_288.dat.sz.out
  ✓ Compression and decompression successful (ratio: 4.30x)

[72/176] Processing: FROOTC_ALLOC_1_192_288.dat
compression time = 0.009574
compressed data file: ../../CESM-LAND-MODELS/4/log_normalized/FROOTC_ALLOC_1_192_288.dat.sz
Min=0, Max=1, range=1
Max absolute error = 0.0000000010
Max relative error = 0.000000
Max pw relative error = 0.694925
PSNR = 194.413920, NRMSE= 1.9024093740043345426E-10
normError = 0.000000, normErr_norm = 0.000000
acEff=1.000000
compressionRatio=12.371162
decompression time = 0.005951 seconds.
decompressed data file: ../../CESM-LAND-MODELS/4/log_normalized/sz_1E-9/FROOTC_ALLOC_1_192_288.dat.sz.out
  ✓ Compression and decompression successful (ratio: 12.37x)

[73/176] Processing: FROOTC_LOSS_1_192_288.dat
compression time = 0.010969
compressed data file: ../../CESM-LAND-MODELS/4/log_normalized/FROOTC_LOSS_1_192_288.dat.sz
Min=0, Max=1, range=1
Max absolute error = 0.0000000010
Max relative error = 0.000000
Max pw relative error = 0.689717
PSNR = 192.337744, NRMSE= 2.4160882179275616435E-10
normError = 0.000000, normErr_norm = 0.000000
acEff=1.000000
compressionRatio=9.618368
decompression time = 0.005974 seconds.
decompressed data file: ../../CESM-LAND-MODELS/4/log_normalized/sz_1E-9/FROOTC_LOSS_1_192_288.dat.sz.out
  ✓ Compression and decompression successful (ratio: 9.61x)

[74/176] Processing: FROOTN_1_192_288.dat
compression time = 0.011346
compressed data file: ../../CESM-LAND-MODELS/4/log_normalized/FROOTN_1_192_288.dat.sz
Min=0, Max=1, range=1
Max absolute error = 0.0000000010
Max relative error = 0.000000
Max pw relative error = 0.006888
PSNR = 207.727917, NRMSE= 4.1077511510837077363E-11
normError = 0.000000, normErr_norm = 0.000000
acEff=1.000000
compressionRatio=4.011462
decompression time = 0.005553 seconds.
decompressed data file: ../../CESM-LAND-MODELS/4/log_normalized/sz_1E-9/FROOTN_1_192_288.dat.sz.out
  ✓ Compression and decompression successful (ratio: 4.01x)

[75/176] Processing: FSA_1_192_288.dat
compression time = 0.012727
compressed data file: ../../CESM-LAND-MODELS/4/log_normalized/FSA_1_192_288.dat.sz
Min=0, Max=1, range=1
Max absolute error = 0.0000000010
Max relative error = 0.000000
Max pw relative error = 0.002188
PSNR = 204.215673, NRMSE= 6.1548341269171281283E-11
normError = 0.000000, normErr_norm = 0.000000
acEff=1.000000
compressionRatio=2.421466
decompression time = 0.005582 seconds.
decompressed data file: ../../CESM-LAND-MODELS/4/log_normalized/sz_1E-9/FSA_1_192_288.dat.sz.out
  ✓ Compression and decompression successful (ratio: 2.42x)

[76/176] Processing: FSA_R_1_192_288.dat
compression time = 0.014011
compressed data file: ../../CESM-LAND-MODELS/4/log_normalized/FSA_R_1_192_288.dat.sz
Min=0, Max=1, range=1
Max absolute error = 0.0000000010
Max relative error = 0.000000
Max pw relative error = 0.003315
PSNR = 205.606944, NRMSE= 5.2438806194883569052E-11
normError = 0.000000, normErr_norm = 0.000000
acEff=1.000000
compressionRatio=3.301894
decompression time = 0.005059 seconds.
decompressed data file: ../../CESM-LAND-MODELS/4/log_normalized/sz_1E-9/FSA_R_1_192_288.dat.sz.out
  ✓ Compression and decompression successful (ratio: 3.30x)

[77/176] Processing: FSAT_1_192_288.dat
compression time = 0.015394
compressed data file: ../../CESM-LAND-MODELS/4/log_normalized/FSAT_1_192_288.dat.sz
Min=0, Max=1, range=1
Max absolute error = 0.0000000010
Max relative error = 0.000000
Max pw relative error = 0.047396
PSNR = 196.101677, NRMSE= 1.5664485254153531819E-10
normError = 0.000000, normErr_norm = 0.000000
acEff=1.000000
compressionRatio=2.178273
decompression time = 0.005980 seconds.
decompressed data file: ../../CESM-LAND-MODELS/4/log_normalized/sz_1E-9/FSAT_1_192_288.dat.sz.out
  ✓ Compression and decompression successful (ratio: 2.17x)

[78/176] Processing: FSA_U_1_192_288.dat
compression time = 0.011335
compressed data file: ../../CESM-LAND-MODELS/4/log_normalized/FSA_U_1_192_288.dat.sz
Min=0, Max=1, range=1
Max absolute error = 0.0000000009
Max relative error = 0.000000
Max pw relative error = 0.000001
PSNR = 227.509911, NRMSE= 4.2121560074726404101E-12
normError = 0.000000, normErr_norm = 0.000000
acEff=1.000000
compressionRatio=8.510023
decompression time = 0.005266 seconds.
decompressed data file: ../../CESM-LAND-MODELS/4/log_normalized/sz_1E-9/FSA_U_1_192_288.dat.sz.out
  ✓ Compression and decompression successful (ratio: 8.51x)

[79/176] Processing: FSDS_1_192_288.dat
compression time = 0.014957
compressed data file: ../../CESM-LAND-MODELS/4/log_normalized/FSDS_1_192_288.dat.sz
Min=0, Max=1, range=1
Max absolute error = 0.0000000010
Max relative error = 0.000000
Max pw relative error = 0.000658
PSNR = 203.980354, NRMSE= 6.3238606349655942533E-11
normError = 0.000000, normErr_norm = 0.000000
acEff=1.000000
compressionRatio=1.963270
decompression time = 0.005712 seconds.
decompressed data file: ../../CESM-LAND-MODELS/4/log_normalized/sz_1E-9/FSDS_1_192_288.dat.sz.out
  ✓ Compression and decompression successful (ratio: 1.96x)

[80/176] Processing: FSDSND_1_192_288.dat
compression time = 0.013832
compressed data file: ../../CESM-LAND-MODELS/4/log_normalized/FSDSND_1_192_288.dat.sz
Min=0, Max=1, range=1
Max absolute error = 0.0000000010
Max relative error = 0.000000
Max pw relative error = 0.001811
PSNR = 202.982325, NRMSE= 7.0938785546724139746E-11
normError = 0.000000, normErr_norm = 0.000000
acEff=1.000000
compressionRatio=2.263308
decompression time = 0.006702 seconds.
decompressed data file: ../../CESM-LAND-MODELS/4/log_normalized/sz_1E-9/FSDSND_1_192_288.dat.sz.out
  ✓ Compression and decompression successful (ratio: 2.26x)

[81/176] Processing: FSDSNDLN_1_192_288.dat
compression time = 0.013982
compressed data file: ../../CESM-LAND-MODELS/4/log_normalized/FSDSNDLN_1_192_288.dat.sz
Min=0, Max=1, range=1
Max absolute error = 0.0000000010
Max relative error = 0.000000
Max pw relative error = 0.000391
PSNR = 206.453470, NRMSE= 4.7569271421907448495E-11
normError = 0.000000, normErr_norm = 0.000000
acEff=1.000000
compressionRatio=2.396723
decompression time = 0.006063 seconds.
decompressed data file: ../../CESM-LAND-MODELS/4/log_normalized/sz_1E-9/FSDSNDLN_1_192_288.dat.sz.out
  ✓ Compression and decompression successful (ratio: 2.39x)

[82/176] Processing: FSDSNI_1_192_288.dat
compression time = 0.013728
compressed data file: ../../CESM-LAND-MODELS/4/log_normalized/FSDSNI_1_192_288.dat.sz
Min=0, Max=1, range=1
Max absolute error = 0.0000000010
Max relative error = 0.000000
Max pw relative error = 0.001668
PSNR = 201.989704, NRMSE= 7.9527034499996290234E-11
normError = 0.000000, normErr_norm = 0.000000
acEff=1.000000
compressionRatio=2.394336
decompression time = 0.006460 seconds.
decompressed data file: ../../CESM-LAND-MODELS/4/log_normalized/sz_1E-9/FSDSNI_1_192_288.dat.sz.out
  ✓ Compression and decompression successful (ratio: 2.39x)

[83/176] Processing: FSDSVD_1_192_288.dat
compression time = 0.013569
compressed data file: ../../CESM-LAND-MODELS/4/log_normalized/FSDSVD_1_192_288.dat.sz
Min=0, Max=1, range=1
Max absolute error = 0.0000000010
Max relative error = 0.000000
Max pw relative error = 0.091037
PSNR = 201.067284, NRMSE= 8.8437365309718914727E-11
normError = 0.000000, normErr_norm = 0.000000
acEff=1.000000
compressionRatio=2.197512
decompression time = 0.006372 seconds.
decompressed data file: ../../CESM-LAND-MODELS/4/log_normalized/sz_1E-9/FSDSVD_1_192_288.dat.sz.out
  ✓ Compression and decompression successful (ratio: 2.19x)

[84/176] Processing: FSDSVDLN_1_192_288.dat
compression time = 0.014051
compressed data file: ../../CESM-LAND-MODELS/4/log_normalized/FSDSVDLN_1_192_288.dat.sz
Min=0, Max=1, range=1
Max absolute error = 0.0000000010
Max relative error = 0.000000
Max pw relative error = 0.075048
PSNR = 204.062301, NRMSE= 6.2644786475211487698E-11
normError = 0.000000, normErr_norm = 0.000000
acEff=1.000000
compressionRatio=2.299640
decompression time = 0.006309 seconds.
decompressed data file: ../../CESM-LAND-MODELS/4/log_normalized/sz_1E-9/FSDSVDLN_1_192_288.dat.sz.out
  ✓ Compression and decompression successful (ratio: 2.29x)

[85/176] Processing: FSDSVI_1_192_288.dat
compression time = 0.013950
compressed data file: ../../CESM-LAND-MODELS/4/log_normalized/FSDSVI_1_192_288.dat.sz
Min=0, Max=1, range=1
Max absolute error = 0.0000000010
Max relative error = 0.000000
Max pw relative error = 0.001582
PSNR = 202.723084, NRMSE= 7.3087952171305676718E-11
normError = 0.000000, normErr_norm = 0.000000
acEff=1.000000
compressionRatio=2.245796
decompression time = 0.006108 seconds.
decompressed data file: ../../CESM-LAND-MODELS/4/log_normalized/sz_1E-9/FSDSVI_1_192_288.dat.sz.out
  ✓ Compression and decompression successful (ratio: 2.24x)

[86/176] Processing: FSH_1_192_288.dat
compression time = 0.014106
compressed data file: ../../CESM-LAND-MODELS/4/log_normalized/FSH_1_192_288.dat.sz
Min=0, Max=1, range=1
Max absolute error = 0.0000000000
Max relative error = 0.000000
Max pw relative error = 0.000000
PSNR = inf, NRMSE= 0
normError = 0.000000, normErr_norm = 0.000000
acEff=1.000000
compressionRatio=2.114853
decompression time = 0.007983 seconds.
decompressed data file: ../../CESM-LAND-MODELS/4/log_normalized/sz_1E-9/FSH_1_192_288.dat.sz.out
  ✓ Compression and decompression successful (ratio: 2.11x)

[87/176] Processing: FSH_G_1_192_288.dat
compression time = 0.015339
compressed data file: ../../CESM-LAND-MODELS/4/log_normalized/FSH_G_1_192_288.dat.sz
Min=0, Max=1, range=1
Max absolute error = 0.0000000000
Max relative error = 0.000000
Max pw relative error = 0.000000
PSNR = inf, NRMSE= 0
normError = 0.000000, normErr_norm = 0.000000
acEff=1.000000
compressionRatio=1.919983
decompression time = 0.007741 seconds.
decompressed data file: ../../CESM-LAND-MODELS/4/log_normalized/sz_1E-9/FSH_G_1_192_288.dat.sz.out
  ✓ Compression and decompression successful (ratio: 1.91x)

[88/176] Processing: FSH_NODYNLNDUSE_1_192_288.dat
compression time = 0.014660
compressed data file: ../../CESM-LAND-MODELS/4/log_normalized/FSH_NODYNLNDUSE_1_192_288.dat.sz
Min=0, Max=1, range=1
Max absolute error = 0.0000000000
Max relative error = 0.000000
Max pw relative error = 0.000000
PSNR = inf, NRMSE= 0
normError = 0.000000, normErr_norm = 0.000000
acEff=1.000000
compressionRatio=2.114853
decompression time = 0.006591 seconds.
decompressed data file: ../../CESM-LAND-MODELS/4/log_normalized/sz_1E-9/FSH_NODYNLNDUSE_1_192_288.dat.sz.out
  ✓ Compression and decompression successful (ratio: 2.11x)

[89/176] Processing: FSH_R_1_192_288.dat
compression time = 0.015314
compressed data file: ../../CESM-LAND-MODELS/4/log_normalized/FSH_R_1_192_288.dat.sz
Min=0, Max=1, range=1
Max absolute error = 0.0000000000
Max relative error = 0.000000
Max pw relative error = 0.000000
PSNR = inf, NRMSE= 0
normError = 0.000000, normErr_norm = 0.000000
acEff=1.000000
compressionRatio=2.995044
decompression time = 0.006751 seconds.
decompressed data file: ../../CESM-LAND-MODELS/4/log_normalized/sz_1E-9/FSH_R_1_192_288.dat.sz.out
  ✓ Compression and decompression successful (ratio: 2.99x)

[90/176] Processing: FSH_U_1_192_288.dat
compression time = 0.011324
compressed data file: ../../CESM-LAND-MODELS/4/log_normalized/FSH_U_1_192_288.dat.sz
Min=0, Max=1, range=1
Max absolute error = 0.0000000000
Max relative error = 0.000000
Max pw relative error = 0.000000
PSNR = inf, NRMSE= 0
normError = 0.000000, normErr_norm = 0.000000
acEff=1.000000
compressionRatio=8.995242
decompression time = 0.006025 seconds.
decompressed data file: ../../CESM-LAND-MODELS/4/log_normalized/sz_1E-9/FSH_U_1_192_288.dat.sz.out
  ✓ Compression and decompression successful (ratio: 8.99x)

[91/176] Processing: FSH_V_1_192_288.dat
compression time = 0.013526
compressed data file: ../../CESM-LAND-MODELS/4/log_normalized/FSH_V_1_192_288.dat.sz
Min=0, Max=1, range=1
Max absolute error = 0.0000000000
Max relative error = 0.000000
Max pw relative error = 0.000000
PSNR = inf, NRMSE= 0
normError = 0.000000, normErr_norm = 0.000000
acEff=1.000000
compressionRatio=3.005340
decompression time = 0.006288 seconds.
decompressed data file: ../../CESM-LAND-MODELS/4/log_normalized/sz_1E-9/FSH_V_1_192_288.dat.sz.out
  ✓ Compression and decompression successful (ratio: 3.00x)

[92/176] Processing: FSM_1_192_288.dat
compression time = 0.013791
compressed data file: ../../CESM-LAND-MODELS/4/log_normalized/FSM_1_192_288.dat.sz
Min=0, Max=1, range=1
Max absolute error = 0.0000000010
Max relative error = 0.000000
Max pw relative error = 0.682177
PSNR = 196.148531, NRMSE= 1.5580214388482369892E-10
normError = 0.000000, normErr_norm = 0.000000
acEff=1.000000
compressionRatio=3.692493
decompression time = 0.005722 seconds.
decompressed data file: ../../CESM-LAND-MODELS/4/log_normalized/sz_1E-9/FSM_1_192_288.dat.sz.out
  ✓ Compression and decompression successful (ratio: 3.69x)

[93/176] Processing: FSM_R_1_192_288.dat
compression time = 0.012223
compressed data file: ../../CESM-LAND-MODELS/4/log_normalized/FSM_R_1_192_288.dat.sz
Min=0, Max=1, range=1
Max absolute error = 0.0000000010
Max relative error = 0.000000
Max pw relative error = 0.682177
PSNR = 196.866415, NRMSE= 1.4344295779608326674E-10
normError = 0.000000, normErr_norm = 0.000000
acEff=1.000000
compressionRatio=4.720102
decompression time = 0.005396 seconds.
decompressed data file: ../../CESM-LAND-MODELS/4/log_normalized/sz_1E-9/FSM_R_1_192_288.dat.sz.out
  ✓ Compression and decompression successful (ratio: 4.72x)

[94/176] Processing: FSM_U_1_192_288.dat
compression time = 0.011248
compressed data file: ../../CESM-LAND-MODELS/4/log_normalized/FSM_U_1_192_288.dat.sz
Min=0, Max=1, range=1
Max absolute error = 0.0000000010
Max relative error = 0.000000
Max pw relative error = 0.423033
PSNR = 202.882443, NRMSE= 7.1759242952918135254E-11
normError = 0.000000, normErr_norm = 0.000000
acEff=1.000000
compressionRatio=10.741259
decompression time = 0.006126 seconds.
decompressed data file: ../../CESM-LAND-MODELS/4/log_normalized/sz_1E-9/FSM_U_1_192_288.dat.sz.out
  ✓ Compression and decompression successful (ratio: 10.74x)

[95/176] Processing: FSNO_1_192_288.dat
compression time = 0.012804
compressed data file: ../../CESM-LAND-MODELS/4/log_normalized/FSNO_1_192_288.dat.sz
Min=0, Max=1, range=1
Max absolute error = 0.0000000010
Max relative error = 0.000000
Max pw relative error = 0.455208
PSNR = 193.554520, NRMSE= 2.1002646192926446138E-10
normError = 0.000000, normErr_norm = 0.000000
acEff=1.000000
compressionRatio=3.924764
decompression time = 0.006319 seconds.
decompressed data file: ../../CESM-LAND-MODELS/4/log_normalized/sz_1E-9/FSNO_1_192_288.dat.sz.out
  ✓ Compression and decompression successful (ratio: 3.92x)

[96/176] Processing: FSR_1_192_288.dat
compression time = 0.012879
compressed data file: ../../CESM-LAND-MODELS/4/log_normalized/FSR_1_192_288.dat.sz
Min=0, Max=1, range=1
Max absolute error = 0.0000000010
Max relative error = 0.000000
Max pw relative error = 0.000917
PSNR = 203.745280, NRMSE= 6.4973460214039061437E-11
normError = 0.000000, normErr_norm = 0.000000
acEff=1.000000
compressionRatio=2.333928
decompression time = 0.006723 seconds.
decompressed data file: ../../CESM-LAND-MODELS/4/log_normalized/sz_1E-9/FSR_1_192_288.dat.sz.out
  ✓ Compression and decompression successful (ratio: 2.33x)

[97/176] Processing: FSRND_1_192_288.dat
compression time = 0.015410
compressed data file: ../../CESM-LAND-MODELS/4/log_normalized/FSRND_1_192_288.dat.sz
Min=0, Max=1, range=1
Max absolute error = 0.0000000010
Max relative error = 0.000000
Max pw relative error = 0.010887
PSNR = 202.277791, NRMSE= 7.6932605698248161951E-11
normError = 0.000000, normErr_norm = 0.000000
acEff=1.000000
compressionRatio=2.407366
decompression time = 0.005444 seconds.
decompressed data file: ../../CESM-LAND-MODELS/4/log_normalized/sz_1E-9/FSRND_1_192_288.dat.sz.out
  ✓ Compression and decompression successful (ratio: 2.40x)

[98/176] Processing: FSRNDLN_1_192_288.dat
compression time = 0.012083
compressed data file: ../../CESM-LAND-MODELS/4/log_normalized/FSRNDLN_1_192_288.dat.sz
Min=0, Max=1, range=1
Max absolute error = 0.0000000010
Max relative error = 0.000000
Max pw relative error = 0.000609
PSNR = 205.844868, NRMSE= 5.1021898364912050978E-11
normError = 0.000000, normErr_norm = 0.000000
acEff=1.000000
compressionRatio=2.565553
decompression time = 0.005527 seconds.
decompressed data file: ../../CESM-LAND-MODELS/4/log_normalized/sz_1E-9/FSRNDLN_1_192_288.dat.sz.out
  ✓ Compression and decompression successful (ratio: 2.56x)

[99/176] Processing: FSRNI_1_192_288.dat
compression time = 0.012216
compressed data file: ../../CESM-LAND-MODELS/4/log_normalized/FSRNI_1_192_288.dat.sz
Min=0, Max=1, range=1
Max absolute error = 0.0000000010
Max relative error = 0.000000
Max pw relative error = 0.001530
PSNR = 201.831367, NRMSE= 8.0990051361993332278E-11
normError = 0.000000, normErr_norm = 0.000000
acEff=1.000000
compressionRatio=2.462525
decompression time = 0.005731 seconds.
decompressed data file: ../../CESM-LAND-MODELS/4/log_normalized/sz_1E-9/FSRNI_1_192_288.dat.sz.out
  ✓ Compression and decompression successful (ratio: 2.46x)

[100/176] Processing: FSRVD_1_192_288.dat
compression time = 0.018095
compressed data file: ../../CESM-LAND-MODELS/4/log_normalized/FSRVD_1_192_288.dat.sz
Min=0, Max=1, range=1
Max absolute error = 0.0000000010
Max relative error = 0.000000
Max pw relative error = 0.169668
PSNR = 200.786902, NRMSE= 9.1338718311114507428E-11
normError = 0.000000, normErr_norm = 0.000000
acEff=1.000000
compressionRatio=2.311609
decompression time = 0.005452 seconds.
decompressed data file: ../../CESM-LAND-MODELS/4/log_normalized/sz_1E-9/FSRVD_1_192_288.dat.sz.out
  ✓ Compression and decompression successful (ratio: 2.31x)

[101/176] Processing: FSRVDLN_1_192_288.dat
compression time = 0.013057
compressed data file: ../../CESM-LAND-MODELS/4/log_normalized/FSRVDLN_1_192_288.dat.sz
Min=0, Max=1, range=1
Max absolute error = 0.0000000010
Max relative error = 0.000000
Max pw relative error = 0.084608
PSNR = 203.935397, NRMSE= 6.3566774075717042495E-11
normError = 0.000000, normErr_norm = 0.000000
acEff=1.000000
compressionRatio=2.422846
decompression time = 0.005472 seconds.
decompressed data file: ../../CESM-LAND-MODELS/4/log_normalized/sz_1E-9/FSRVDLN_1_192_288.dat.sz.out
  ✓ Compression and decompression successful (ratio: 2.42x)

[102/176] Processing: FSRVI_1_192_288.dat
compression time = 0.011818
compressed data file: ../../CESM-LAND-MODELS/4/log_normalized/FSRVI_1_192_288.dat.sz
Min=0, Max=1, range=1
Max absolute error = 0.0000000010
Max relative error = 0.000000
Max pw relative error = 0.004272
PSNR = 201.458033, NRMSE= 8.4547032647156682345E-11
normError = 0.000000, normErr_norm = 0.000000
acEff=1.000000
compressionRatio=2.360202
decompression time = 0.005642 seconds.
decompressed data file: ../../CESM-LAND-MODELS/4/log_normalized/sz_1E-9/FSRVI_1_192_288.dat.sz.out
  ✓ Compression and decompression successful (ratio: 2.36x)

[103/176] Processing: GC_HEAT1_1_192_288.dat
compression time = 0.013782
compressed data file: ../../CESM-LAND-MODELS/4/log_normalized/GC_HEAT1_1_192_288.dat.sz
Min=0, Max=1, range=1
Max absolute error = 0.0000000000
Max relative error = 0.000000
Max pw relative error = 0.000000
PSNR = inf, NRMSE= 0
normError = 0.000000, normErr_norm = 0.000000
acEff=1.000000
compressionRatio=3.282733
decompression time = 0.000759 seconds.
decompressed data file: ../../CESM-LAND-MODELS/4/log_normalized/sz_1E-9/GC_HEAT1_1_192_288.dat.sz.out
  ✓ Compression and decompression successful (ratio: 3.28x)

[104/176] Processing: GC_HEAT2_1_192_288.dat
compression time = 0.009914
compressed data file: ../../CESM-LAND-MODELS/4/log_normalized/GC_HEAT2_1_192_288.dat.sz
Min=0, Max=1, range=1
Max absolute error = 0.0000000000
Max relative error = 0.000000
Max pw relative error = 0.000000
PSNR = inf, NRMSE= 0
normError = 0.000000, normErr_norm = 0.000000
acEff=1.000000
compressionRatio=57.286713
decompression time = 0.005330 seconds.
decompressed data file: ../../CESM-LAND-MODELS/4/log_normalized/sz_1E-9/GC_HEAT2_1_192_288.dat.sz.out
  ✓ Compression and decompression successful (ratio: 57.28x)

[105/176] Processing: GC_ICE1_1_192_288.dat
compression time = 0.013179
compressed data file: ../../CESM-LAND-MODELS/4/log_normalized/GC_ICE1_1_192_288.dat.sz
Min=0, Max=1, range=1
Max absolute error = 0.0000000010
Max relative error = 0.000000
Max pw relative error = 0.390715
PSNR = 206.560811, NRMSE= 4.6985023435399692324E-11
normError = 0.000000, normErr_norm = 0.000000
acEff=1.000000
compressionRatio=4.108707
decompression time = 0.005272 seconds.
decompressed data file: ../../CESM-LAND-MODELS/4/log_normalized/sz_1E-9/GC_ICE1_1_192_288.dat.sz.out
  ✓ Compression and decompression successful (ratio: 4.10x)

[106/176] Processing: GC_ICE2_1_192_288.dat
compression time = 0.010916
compressed data file: ../../CESM-LAND-MODELS/4/log_normalized/GC_ICE2_1_192_288.dat.sz
Min=0, Max=1, range=1
Max absolute error = 0.0000000000
Max relative error = 0.000000
Max pw relative error = 0.000000
PSNR = inf, NRMSE= 0
normError = 0.000000, normErr_norm = 0.000000
acEff=1.000000
compressionRatio=57.286713
decompression time = 0.005943 seconds.
decompressed data file: ../../CESM-LAND-MODELS/4/log_normalized/sz_1E-9/GC_ICE2_1_192_288.dat.sz.out
  ✓ Compression and decompression successful (ratio: 57.28x)

[107/176] Processing: GC_LIQ1_1_192_288.dat
compression time = 0.014335
compressed data file: ../../CESM-LAND-MODELS/4/log_normalized/GC_LIQ1_1_192_288.dat.sz
Min=0, Max=1, range=1
Max absolute error = 0.0000000000
Max relative error = 0.000000
Max pw relative error = 0.000000
PSNR = inf, NRMSE= 0
normError = 0.000000, normErr_norm = 0.000000
acEff=1.000000
compressionRatio=2.828838
decompression time = 0.006405 seconds.
decompressed data file: ../../CESM-LAND-MODELS/4/log_normalized/sz_1E-9/GC_LIQ1_1_192_288.dat.sz.out
  ✓ Compression and decompression successful (ratio: 2.82x)

[108/176] Processing: GC_LIQ2_1_192_288.dat
compression time = 0.010390
compressed data file: ../../CESM-LAND-MODELS/4/log_normalized/GC_LIQ2_1_192_288.dat.sz
Min=0, Max=1, range=1
Max absolute error = 0.0000000000
Max relative error = 0.000000
Max pw relative error = 0.000000
PSNR = inf, NRMSE= 0
normError = 0.000000, normErr_norm = 0.000000
acEff=1.000000
compressionRatio=57.286713
decompression time = 0.005346 seconds.
decompressed data file: ../../CESM-LAND-MODELS/4/log_normalized/sz_1E-9/GC_LIQ2_1_192_288.dat.sz.out
  ✓ Compression and decompression successful (ratio: 57.28x)

[109/176] Processing: GPP_1_192_288.dat
compression time = 0.010367
compressed data file: ../../CESM-LAND-MODELS/4/log_normalized/GPP_1_192_288.dat.sz
Min=0, Max=1, range=1
Max absolute error = 0.0000000010
Max relative error = 0.000000
Max pw relative error = 0.689841
PSNR = 192.329639, NRMSE= 2.4183437776597485009E-10
normError = 0.000000, normErr_norm = 0.000000
acEff=1.000000
compressionRatio=7.744267
decompression time = 0.005665 seconds.
decompressed data file: ../../CESM-LAND-MODELS/4/log_normalized/sz_1E-9/GPP_1_192_288.dat.sz.out
  ✓ Compression and decompression successful (ratio: 7.74x)

[110/176] Processing: GR_1_192_288.dat
compression time = 0.011877
compressed data file: ../../CESM-LAND-MODELS/4/log_normalized/GR_1_192_288.dat.sz
Min=0, Max=1, range=1
Max absolute error = 0.0000000010
Max relative error = 0.000000
Max pw relative error = 0.688594
PSNR = 193.862584, NRMSE= 2.0270796841124672941E-10
normError = 0.000000, normErr_norm = 0.000000
acEff=1.000000
compressionRatio=14.280070
decompression time = 0.004895 seconds.
decompressed data file: ../../CESM-LAND-MODELS/4/log_normalized/sz_1E-9/GR_1_192_288.dat.sz.out
  ✓ Compression and decompression successful (ratio: 14.28x)

[111/176] Processing: GROSS_NMIN_1_192_288.dat
compression time = 0.010171
compressed data file: ../../CESM-LAND-MODELS/4/log_normalized/GROSS_NMIN_1_192_288.dat.sz
Min=0, Max=1, range=1
Max absolute error = 0.0000000010
Max relative error = 0.000000
Max pw relative error = 0.688591
PSNR = 192.555170, NRMSE= 2.3563590994007216471E-10
normError = 0.000000, normErr_norm = 0.000000
acEff=1.000000
compressionRatio=20.241969
decompression time = 0.006470 seconds.
decompressed data file: ../../CESM-LAND-MODELS/4/log_normalized/sz_1E-9/GROSS_NMIN_1_192_288.dat.sz.out
  ✓ Compression and decompression successful (ratio: 20.24x)

[112/176] Processing: H2OCAN_1_192_288.dat
compression time = 0.014522
compressed data file: ../../CESM-LAND-MODELS/4/log_normalized/H2OCAN_1_192_288.dat.sz
Min=0, Max=1, range=1
Max absolute error = 0.0000000010
Max relative error = 0.000000
Max pw relative error = 0.681783
PSNR = 195.232624, NRMSE= 1.731285982362018691E-10
normError = 0.000000, normErr_norm = 0.000000
acEff=1.000000
compressionRatio=2.253507
decompression time = 0.005783 seconds.
decompressed data file: ../../CESM-LAND-MODELS/4/log_normalized/sz_1E-9/H2OCAN_1_192_288.dat.sz.out
  ✓ Compression and decompression successful (ratio: 2.25x)

[113/176] Processing: H2OSNO_1_192_288.dat
compression time = 0.012793
compressed data file: ../../CESM-LAND-MODELS/4/log_normalized/H2OSNO_1_192_288.dat.sz
Min=0, Max=1, range=1
Max absolute error = 0.0000000010
Max relative error = 0.000000
Max pw relative error = 0.390715
PSNR = 204.720057, NRMSE= 5.8076063682469587674E-11
normError = 0.000000, normErr_norm = 0.000000
acEff=1.000000
compressionRatio=2.949789
decompression time = 0.006330 seconds.
decompressed data file: ../../CESM-LAND-MODELS/4/log_normalized/sz_1E-9/H2OSNO_1_192_288.dat.sz.out
  ✓ Compression and decompression successful (ratio: 2.94x)

[114/176] Processing: H2OSNO_TOP_1_192_288.dat
compression time = 0.011851
compressed data file: ../../CESM-LAND-MODELS/4/log_normalized/H2OSNO_TOP_1_192_288.dat.sz
Min=0, Max=1, range=1
Max absolute error = 0.0000000010
Max relative error = 0.000000
Max pw relative error = 0.008953
PSNR = 202.150158, NRMSE= 7.8071419782637046414E-11
normError = 0.000000, normErr_norm = 0.000000
acEff=1.000000
compressionRatio=3.520300
decompression time = 0.006518 seconds.
decompressed data file: ../../CESM-LAND-MODELS/4/log_normalized/sz_1E-9/H2OSNO_TOP_1_192_288.dat.sz.out
  ✓ Compression and decompression successful (ratio: 3.52x)

[115/176] Processing: HC_1_192_288.dat
compression time = 0.014890
compressed data file: ../../CESM-LAND-MODELS/4/log_normalized/HC_1_192_288.dat.sz
Min=0, Max=1, range=1
Max absolute error = 0.0000000000
Max relative error = 0.000000
Max pw relative error = 0.000000
PSNR = inf, NRMSE= 0
normError = 0.000000, normErr_norm = 0.000000
acEff=1.000000
compressionRatio=2.034362
decompression time = 0.006893 seconds.
decompressed data file: ../../CESM-LAND-MODELS/4/log_normalized/sz_1E-9/HC_1_192_288.dat.sz.out
  ✓ Compression and decompression successful (ratio: 2.03x)

[116/176] Processing: HCSOI_1_192_288.dat
compression time = 0.014029
compressed data file: ../../CESM-LAND-MODELS/4/log_normalized/HCSOI_1_192_288.dat.sz
Min=0, Max=1, range=1
Max absolute error = 0.0000000000
Max relative error = 0.000000
Max pw relative error = 0.000000
PSNR = inf, NRMSE= 0
normError = 0.000000, normErr_norm = 0.000000
acEff=1.000000
compressionRatio=2.028857
decompression time = 0.006355 seconds.
decompressed data file: ../../CESM-LAND-MODELS/4/log_normalized/sz_1E-9/HCSOI_1_192_288.dat.sz.out
  ✓ Compression and decompression successful (ratio: 2.02x)

[117/176] Processing: HEAT_FROM_AC_1_192_288.dat
compression time = 0.010991
compressed data file: ../../CESM-LAND-MODELS/4/log_normalized/HEAT_FROM_AC_1_192_288.dat.sz
Min=0, Max=1, range=1
Max absolute error = 0.0000000010
Max relative error = 0.000000
Max pw relative error = 0.018317
PSNR = 209.484968, NRMSE= 3.3554563996627559845E-11
normError = 0.000000, normErr_norm = 0.000000
acEff=1.000000
compressionRatio=29.471552
decompression time = 0.005513 seconds.
decompressed data file: ../../CESM-LAND-MODELS/4/log_normalized/sz_1E-9/HEAT_FROM_AC_1_192_288.dat.sz.out
  ✓ Compression and decompression successful (ratio: 29.47x)

[118/176] Processing: HR_1_192_288.dat
compression time = 0.010195
compressed data file: ../../CESM-LAND-MODELS/4/log_normalized/HR_1_192_288.dat.sz
Min=0, Max=1, range=1
Max absolute error = 0.0000000010
Max relative error = 0.000000
Max pw relative error = 0.689067
PSNR = 191.825098, NRMSE= 2.5629792062020014279E-10
normError = 0.000000, normErr_norm = 0.000000
acEff=1.000000
compressionRatio=8.655214
decompression time = 0.006576 seconds.
decompressed data file: ../../CESM-LAND-MODELS/4/log_normalized/sz_1E-9/HR_1_192_288.dat.sz.out
  ✓ Compression and decompression successful (ratio: 8.65x)

[119/176] Processing: HTOP_1_192_288.dat
compression time = 0.013625
compressed data file: ../../CESM-LAND-MODELS/4/log_normalized/HTOP_1_192_288.dat.sz
Min=0, Max=1, range=1
Max absolute error = 0.0000000010
Max relative error = 0.000000
Max pw relative error = 0.293663
PSNR = 201.487643, NRMSE= 8.4259297918747518915E-11
normError = 0.000000, normErr_norm = 0.000000
acEff=1.000000
compressionRatio=2.966524
decompression time = 0.006237 seconds.
decompressed data file: ../../CESM-LAND-MODELS/4/log_normalized/sz_1E-9/HTOP_1_192_288.dat.sz.out
  ✓ Compression and decompression successful (ratio: 2.96x)

[120/176] Processing: LAISHA_1_192_288.dat
compression time = 0.011922
compressed data file: ../../CESM-LAND-MODELS/4/log_normalized/LAISHA_1_192_288.dat.sz
Min=0, Max=1, range=1
Max absolute error = 0.0000000010
Max relative error = 0.000000
Max pw relative error = 0.005010
PSNR = 205.573895, NRMSE= 5.2638711752473024236E-11
normError = 0.000000, normErr_norm = 0.000000
acEff=1.000000
compressionRatio=3.899302
decompression time = 0.005750 seconds.
decompressed data file: ../../CESM-LAND-MODELS/4/log_normalized/sz_1E-9/LAISHA_1_192_288.dat.sz.out
  ✓ Compression and decompression successful (ratio: 3.89x)

[121/176] Processing: LAISUN_1_192_288.dat
compression time = 0.014042
compressed data file: ../../CESM-LAND-MODELS/4/log_normalized/LAISUN_1_192_288.dat.sz
Min=0, Max=1, range=1
Max absolute error = 0.0000000010
Max relative error = 0.000000
Max pw relative error = 0.390715
PSNR = 195.697335, NRMSE= 1.6410932324398459191E-10
normError = 0.000000, normErr_norm = 0.000000
acEff=1.000000
compressionRatio=2.581151
decompression time = 0.006547 seconds.
decompressed data file: ../../CESM-LAND-MODELS/4/log_normalized/sz_1E-9/LAISUN_1_192_288.dat.sz.out
  ✓ Compression and decompression successful (ratio: 2.58x)

[122/176] Processing: landfrac_192_288.dat
compression time = 0.011806
compressed data file: ../../CESM-LAND-MODELS/4/log_normalized/landfrac_192_288.dat.sz
Min=0, Max=1, range=1
Max absolute error = 0.0000000009
Max relative error = 0.000000
Max pw relative error = 0.000179
PSNR = 188.682250, NRMSE= 3.6803360467639298702E-10
normError = 0.000000, normErr_norm = 0.000000
acEff=1.000000
compressionRatio=9.055640
decompression time = 0.006704 seconds.
decompressed data file: ../../CESM-LAND-MODELS/4/log_normalized/sz_1E-9/landfrac_192_288.dat.sz.out
  ✓ Compression and decompression successful (ratio: 9.05x)

[123/176] Processing: latixy_192_288.dat
compression time = 0.010881
compressed data file: ../../CESM-LAND-MODELS/4/log_normalized/latixy_192_288.dat.sz
Min=0, Max=1, range=1
Max absolute error = 0.0000000009
Max relative error = 0.000000
Max pw relative error = 0.000000
PSNR = 203.496486, NRMSE= 6.6861436314697598148E-11
normError = 0.000000, normErr_norm = 0.000000
acEff=1.000000
compressionRatio=18.787395
decompression time = 0.006148 seconds.
decompressed data file: ../../CESM-LAND-MODELS/4/log_normalized/sz_1E-9/latixy_192_288.dat.sz.out
  ✓ Compression and decompression successful (ratio: 18.78x)

[124/176] Processing: latixyatm_192_288.dat
compression time = 0.011453
compressed data file: ../../CESM-LAND-MODELS/4/log_normalized/latixyatm_192_288.dat.sz
Min=0, Max=1, range=1
Max absolute error = 0.0000000000
Max relative error = 0.000000
Max pw relative error = 0.000000
PSNR = inf, NRMSE= 0
normError = 0.000000, normErr_norm = 0.000000
acEff=1.000000
compressionRatio=25.029309
decompression time = 0.005906 seconds.
decompressed data file: ../../CESM-LAND-MODELS/4/log_normalized/sz_1E-9/latixyatm_192_288.dat.sz.out
  ✓ Compression and decompression successful (ratio: 25.02x)

[125/176] Processing: LEAFC_1_192_288.dat
compression time = 0.011847
compressed data file: ../../CESM-LAND-MODELS/4/log_normalized/LEAFC_1_192_288.dat.sz
Min=0, Max=1, range=1
Max absolute error = 0.0000000010
Max relative error = 0.000000
Max pw relative error = 0.011430
PSNR = 215.229721, NRMSE= 1.7318645705228277319E-11
normError = 0.000000, normErr_norm = 0.000000
acEff=1.000000
compressionRatio=4.286013
decompression time = 0.005838 seconds.
decompressed data file: ../../CESM-LAND-MODELS/4/log_normalized/sz_1E-9/LEAFC_1_192_288.dat.sz.out
  ✓ Compression and decompression successful (ratio: 4.28x)

[126/176] Processing: LEAFC_ALLOC_1_192_288.dat
compression time = 0.010697
compressed data file: ../../CESM-LAND-MODELS/4/log_normalized/LEAFC_ALLOC_1_192_288.dat.sz
Min=0, Max=1, range=1
Max absolute error = 0.0000000010
Max relative error = 0.000000
Max pw relative error = 0.681783
PSNR = 194.368366, NRMSE= 1.9124131114254678538E-10
normError = 0.000000, normErr_norm = 0.000000
acEff=1.000000
compressionRatio=13.607136
decompression time = 0.005431 seconds.
decompressed data file: ../../CESM-LAND-MODELS/4/log_normalized/sz_1E-9/LEAFC_ALLOC_1_192_288.dat.sz.out
  ✓ Compression and decompression successful (ratio: 13.60x)

[127/176] Processing: LEAFC_LOSS_1_192_288.dat
compression time = 0.010531
compressed data file: ../../CESM-LAND-MODELS/4/log_normalized/LEAFC_LOSS_1_192_288.dat.sz
Min=0, Max=1, range=1
Max absolute error = 0.0000000010
Max relative error = 0.000000
Max pw relative error = 0.695239
PSNR = 192.391914, NRMSE= 2.401067030379272926E-10
normError = 0.000000, normErr_norm = 0.000000
acEff=1.000000
compressionRatio=10.339083
decompression time = 0.005166 seconds.
decompressed data file: ../../CESM-LAND-MODELS/4/log_normalized/sz_1E-9/LEAFC_LOSS_1_192_288.dat.sz.out
  ✓ Compression and decompression successful (ratio: 10.33x)

[128/176] Processing: LEAFN_1_192_288.dat
compression time = 0.011385
compressed data file: ../../CESM-LAND-MODELS/4/log_normalized/LEAFN_1_192_288.dat.sz
Min=0, Max=1, range=1
Max absolute error = 0.0000000010
Max relative error = 0.000000
Max pw relative error = 0.005096
PSNR = 207.681486, NRMSE= 4.1297685137655743327E-11
normError = 0.000000, normErr_norm = 0.000000
acEff=1.000000
compressionRatio=3.969562
decompression time = 0.004870 seconds.
decompressed data file: ../../CESM-LAND-MODELS/4/log_normalized/sz_1E-9/LEAFN_1_192_288.dat.sz.out
  ✓ Compression and decompression successful (ratio: 3.96x)

[129/176] Processing: LITFALL_1_192_288.dat
compression time = 0.008366
compressed data file: ../../CESM-LAND-MODELS/4/log_normalized/LITFALL_1_192_288.dat.sz
Min=0, Max=1, range=1
Max absolute error = 0.0000000010
Max relative error = 0.000000
Max pw relative error = 0.688031
PSNR = 191.865045, NRMSE= 2.5512190723587612468E-10
normError = 0.000000, normErr_norm = 0.000000
acEff=1.000000
compressionRatio=7.627034
decompression time = 0.008091 seconds.
decompressed data file: ../../CESM-LAND-MODELS/4/log_normalized/sz_1E-9/LITFALL_1_192_288.dat.sz.out
  ✓ Compression and decompression successful (ratio: 7.62x)

[130/176] Processing: LITHR_1_192_288.dat
compression time = 0.011349
compressed data file: ../../CESM-LAND-MODELS/4/log_normalized/LITHR_1_192_288.dat.sz
Min=0, Max=1, range=1
Max absolute error = 0.0000000010
Max relative error = 0.000000
Max pw relative error = 0.688687
PSNR = 191.938597, NRMSE= 2.5297064968759182887E-10
normError = 0.000000, normErr_norm = 0.000000
acEff=1.000000
compressionRatio=9.791235
decompression time = 0.006072 seconds.
decompressed data file: ../../CESM-LAND-MODELS/4/log_normalized/sz_1E-9/LITHR_1_192_288.dat.sz.out
  ✓ Compression and decompression successful (ratio: 9.79x)

[131/176] Processing: LITR1C_1_192_288.dat
compression time = 0.013469
compressed data file: ../../CESM-LAND-MODELS/4/log_normalized/LITR1C_1_192_288.dat.sz
Min=0, Max=1, range=1
Max absolute error = 0.0000000010
Max relative error = 0.000000
Max pw relative error = 0.390715
PSNR = 201.917578, NRMSE= 8.019016251853416737E-11
normError = 0.000000, normErr_norm = 0.000000
acEff=1.000000
compressionRatio=3.288444
decompression time = 0.005520 seconds.
decompressed data file: ../../CESM-LAND-MODELS/4/log_normalized/sz_1E-9/LITR1C_1_192_288.dat.sz.out
  ✓ Compression and decompression successful (ratio: 3.28x)

[132/176] Processing: LITR1C_TO_SOIL1C_1_192_288.dat
compression time = 0.011003
compressed data file: ../../CESM-LAND-MODELS/4/log_normalized/LITR1C_TO_SOIL1C_1_192_288.dat.sz
Min=0, Max=1, range=1
Max absolute error = 0.0000000010
Max relative error = 0.000000
Max pw relative error = 0.688614
PSNR = 192.198598, NRMSE= 2.4551051408818529861E-10
normError = 0.000000, normErr_norm = 0.000000
acEff=1.000000
compressionRatio=13.233457
decompression time = 0.006413 seconds.
decompressed data file: ../../CESM-LAND-MODELS/4/log_normalized/sz_1E-9/LITR1C_TO_SOIL1C_1_192_288.dat.sz.out
  ✓ Compression and decompression successful (ratio: 13.23x)

[133/176] Processing: LITR1N_1_192_288.dat
compression time = 0.013630
compressed data file: ../../CESM-LAND-MODELS/4/log_normalized/LITR1N_1_192_288.dat.sz
Min=0, Max=1, range=1
Max absolute error = 0.0000000010
Max relative error = 0.000000
Max pw relative error = 0.070178
PSNR = 194.076587, NRMSE= 1.9777466974628475877E-10
normError = 0.000000, normErr_norm = 0.000000
acEff=1.000000
compressionRatio=2.086405
decompression time = 0.006692 seconds.
decompressed data file: ../../CESM-LAND-MODELS/4/log_normalized/sz_1E-9/LITR1N_1_192_288.dat.sz.out
  ✓ Compression and decompression successful (ratio: 2.08x)

[134/176] Processing: LITR2C_1_192_288.dat
compression time = 0.011619
compressed data file: ../../CESM-LAND-MODELS/4/log_normalized/LITR2C_1_192_288.dat.sz
Min=0, Max=1, range=1
Max absolute error = 0.0000000010
Max relative error = 0.000000
Max pw relative error = 0.390715
PSNR = 210.166406, NRMSE= 3.1022708090969122485E-11
normError = 0.000000, normErr_norm = 0.000000
acEff=1.000000
compressionRatio=3.949855
decompression time = 0.005570 seconds.
decompressed data file: ../../CESM-LAND-MODELS/4/log_normalized/sz_1E-9/LITR2C_1_192_288.dat.sz.out
  ✓ Compression and decompression successful (ratio: 3.94x)

[135/176] Processing: LITR2C_TO_SOIL2C_1_192_288.dat
compression time = 0.011727
compressed data file: ../../CESM-LAND-MODELS/4/log_normalized/LITR2C_TO_SOIL2C_1_192_288.dat.sz
Min=0, Max=1, range=1
Max absolute error = 0.0000000010
Max relative error = 0.000000
Max pw relative error = 0.688653
PSNR = 192.226898, NRMSE= 2.4471189643723762595E-10
normError = 0.000000, normErr_norm = 0.000000
acEff=1.000000
compressionRatio=11.573649
decompression time = 0.006314 seconds.
decompressed data file: ../../CESM-LAND-MODELS/4/log_normalized/sz_1E-9/LITR2C_TO_SOIL2C_1_192_288.dat.sz.out
  ✓ Compression and decompression successful (ratio: 11.57x)

[136/176] Processing: LITR2N_1_192_288.dat
compression time = 0.013064
compressed data file: ../../CESM-LAND-MODELS/4/log_normalized/LITR2N_1_192_288.dat.sz
Min=0, Max=1, range=1
Max absolute error = 0.0000000010
Max relative error = 0.000000
Max pw relative error = 0.390715
PSNR = 201.264673, NRMSE= 8.6450269723490682137E-11
normError = 0.000000, normErr_norm = 0.000000
acEff=1.000000
compressionRatio=3.198195
decompression time = 0.005535 seconds.
decompressed data file: ../../CESM-LAND-MODELS/4/log_normalized/sz_1E-9/LITR2N_1_192_288.dat.sz.out
  ✓ Compression and decompression successful (ratio: 3.19x)

[137/176] Processing: LITR3C_1_192_288.dat
compression time = 0.011866
compressed data file: ../../CESM-LAND-MODELS/4/log_normalized/LITR3C_1_192_288.dat.sz
Min=0, Max=1, range=1
Max absolute error = 0.0000000010
Max relative error = 0.000000
Max pw relative error = 0.450424
PSNR = 209.995678, NRMSE= 3.1638514847803655162E-11
normError = 0.000000, normErr_norm = 0.000000
acEff=1.000000
compressionRatio=3.967426
decompression time = 0.006173 seconds.
decompressed data file: ../../CESM-LAND-MODELS/4/log_normalized/sz_1E-9/LITR3C_1_192_288.dat.sz.out
  ✓ Compression and decompression successful (ratio: 3.96x)

[138/176] Processing: LITR3C_TO_SOIL3C_1_192_288.dat
compression time = 0.011391
compressed data file: ../../CESM-LAND-MODELS/4/log_normalized/LITR3C_TO_SOIL3C_1_192_288.dat.sz
Min=0, Max=1, range=1
Max absolute error = 0.0000000010
Max relative error = 0.000000
Max pw relative error = 0.688618
PSNR = 192.272011, NRMSE= 2.4344421735934642496E-10
normError = 0.000000, normErr_norm = 0.000000
acEff=1.000000
compressionRatio=13.425432
decompression time = 0.006186 seconds.
decompressed data file: ../../CESM-LAND-MODELS/4/log_normalized/sz_1E-9/LITR3C_TO_SOIL3C_1_192_288.dat.sz.out
  ✓ Compression and decompression successful (ratio: 13.42x)

[139/176] Processing: LITR3N_1_192_288.dat
compression time = 0.011987
compressed data file: ../../CESM-LAND-MODELS/4/log_normalized/LITR3N_1_192_288.dat.sz
Min=0, Max=1, range=1
Max absolute error = 0.0000000010
Max relative error = 0.000000
Max pw relative error = 0.390715
PSNR = 202.936155, NRMSE= 7.1316866931234045747E-11
normError = 0.000000, normErr_norm = 0.000000
acEff=1.000000
compressionRatio=3.532444
decompression time = 0.005967 seconds.
decompressed data file: ../../CESM-LAND-MODELS/4/log_normalized/sz_1E-9/LITR3N_1_192_288.dat.sz.out
  ✓ Compression and decompression successful (ratio: 3.53x)

[140/176] Processing: LITTERC_1_192_288.dat
compression time = 0.012169
compressed data file: ../../CESM-LAND-MODELS/4/log_normalized/LITTERC_1_192_288.dat.sz
Min=0, Max=1, range=1
Max absolute error = 0.0000000010
Max relative error = 0.000000
Max pw relative error = 0.390715
PSNR = 210.178080, NRMSE= 3.0981039339343865003E-11
normError = 0.000000, normErr_norm = 0.000000
acEff=1.000000
compressionRatio=4.002026
decompression time = 0.005808 seconds.
decompressed data file: ../../CESM-LAND-MODELS/4/log_normalized/sz_1E-9/LITTERC_1_192_288.dat.sz.out
  ✓ Compression and decompression successful (ratio: 4.00x)

[141/176] Processing: LITTERC_HR_1_192_288.dat
compression time = 0.010904
compressed data file: ../../CESM-LAND-MODELS/4/log_normalized/LITTERC_HR_1_192_288.dat.sz
Min=0, Max=1, range=1
Max absolute error = 0.0000000010
Max relative error = 0.000000
Max pw relative error = 0.688687
PSNR = 191.938597, NRMSE= 2.5297064968759182887E-10
normError = 0.000000, normErr_norm = 0.000000
acEff=1.000000
compressionRatio=9.791235
decompression time = 0.005954 seconds.
decompressed data file: ../../CESM-LAND-MODELS/4/log_normalized/sz_1E-9/LITTERC_HR_1_192_288.dat.sz.out
  ✓ Compression and decompression successful (ratio: 9.79x)

[142/176] Processing: LITTERC_LOSS_1_192_288.dat
compression time = 0.010302
compressed data file: ../../CESM-LAND-MODELS/4/log_normalized/LITTERC_LOSS_1_192_288.dat.sz
Min=0, Max=1, range=1
Max absolute error = 0.0000000010
Max relative error = 0.000000
Max pw relative error = 0.683230
PSNR = 191.844953, NRMSE= 2.5571271846870883389E-10
normError = 0.000000, normErr_norm = 0.000000
acEff=1.000000
compressionRatio=8.231021
decompression time = 0.005816 seconds.
decompressed data file: ../../CESM-LAND-MODELS/4/log_normalized/sz_1E-9/LITTERC_LOSS_1_192_288.dat.sz.out
  ✓ Compression and decompression successful (ratio: 8.23x)

[143/176] Processing: LIVECROOTC_1_192_288.dat
compression time = 0.014888
compressed data file: ../../CESM-LAND-MODELS/4/log_normalized/LIVECROOTC_1_192_288.dat.sz
Min=0, Max=1, range=1
Max absolute error = 0.0000000010
Max relative error = 0.000000
Max pw relative error = 0.043036
PSNR = 205.346045, NRMSE= 5.4037808170817788251E-11
normError = 0.000000, normErr_norm = 0.000000
acEff=1.000000
compressionRatio=3.909295
decompression time = 0.005920 seconds.
decompressed data file: ../../CESM-LAND-MODELS/4/log_normalized/sz_1E-9/LIVECROOTC_1_192_288.dat.sz.out
  ✓ Compression and decompression successful (ratio: 3.90x)

[144/176] Processing: LIVECROOTN_1_192_288.dat
compression time = 0.015028
compressed data file: ../../CESM-LAND-MODELS/4/log_normalized/LIVECROOTN_1_192_288.dat.sz
Min=0, Max=1, range=1
Max absolute error = 0.0000000010
Max relative error = 0.000000
Max pw relative error = 0.178996
PSNR = 196.045607, NRMSE= 1.5765931915158565783E-10
normError = 0.000000, normErr_norm = 0.000000
acEff=1.000000
compressionRatio=2.552172
decompression time = 0.007435 seconds.
decompressed data file: ../../CESM-LAND-MODELS/4/log_normalized/sz_1E-9/LIVECROOTN_1_192_288.dat.sz.out
  ✓ Compression and decompression successful (ratio: 2.55x)

[145/176] Processing: LIVESTEMC_1_192_288.dat
compression time = 0.012985
compressed data file: ../../CESM-LAND-MODELS/4/log_normalized/LIVESTEMC_1_192_288.dat.sz
Min=0, Max=1, range=1
Max absolute error = 0.0000000010
Max relative error = 0.000000
Max pw relative error = 0.043037
PSNR = 208.016433, NRMSE= 3.9735469784187756375E-11
normError = 0.000000, normErr_norm = 0.000000
acEff=1.000000
compressionRatio=4.145827
decompression time = 0.006280 seconds.
decompressed data file: ../../CESM-LAND-MODELS/4/log_normalized/sz_1E-9/LIVESTEMC_1_192_288.dat.sz.out
  ✓ Compression and decompression successful (ratio: 4.14x)

[146/176] Processing: LIVESTEMN_1_192_288.dat
compression time = 0.013850
compressed data file: ../../CESM-LAND-MODELS/4/log_normalized/LIVESTEMN_1_192_288.dat.sz
Min=0, Max=1, range=1
Max absolute error = 0.0000000010
Max relative error = 0.000000
Max pw relative error = 0.072856
PSNR = 198.347570, NRMSE= 1.209543539643978873E-10
normError = 0.000000, normErr_norm = 0.000000
acEff=1.000000
compressionRatio=2.998902
decompression time = 0.006542 seconds.
decompressed data file: ../../CESM-LAND-MODELS/4/log_normalized/sz_1E-9/LIVESTEMN_1_192_288.dat.sz.out
  ✓ Compression and decompression successful (ratio: 2.99x)

[147/176] Processing: longxy_192_288.dat
compression time = 0.011896
compressed data file: ../../CESM-LAND-MODELS/4/log_normalized/longxy_192_288.dat.sz
Min=0, Max=1, range=1
Max absolute error = 0.0000000000
Max relative error = 0.000000
Max pw relative error = 0.000000
PSNR = inf, NRMSE= 0
normError = 0.000000, normErr_norm = 0.000000
acEff=1.000000
compressionRatio=12.288683
decompression time = 0.006156 seconds.
decompressed data file: ../../CESM-LAND-MODELS/4/log_normalized/sz_1E-9/longxy_192_288.dat.sz.out
  ✓ Compression and decompression successful (ratio: 12.28x)

[148/176] Processing: longxyatm_192_288.dat
compression time = 0.011922
compressed data file: ../../CESM-LAND-MODELS/4/log_normalized/longxyatm_192_288.dat.sz
Min=0, Max=1, range=1
Max absolute error = 0.0000000007
Max relative error = 0.000000
Max pw relative error = 0.000000
PSNR = 229.607714, NRMSE= 3.3083715906744417901E-12
normError = 0.000000, normErr_norm = 0.000000
acEff=1.000000
compressionRatio=24.260612
decompression time = 0.006235 seconds.
decompressed data file: ../../CESM-LAND-MODELS/4/log_normalized/sz_1E-9/longxyatm_192_288.dat.sz.out
  ✓ Compression and decompression successful (ratio: 24.26x)

[149/176] Processing: MEAN_FIRE_PROB_1_192_288.dat
compression time = 0.012304
compressed data file: ../../CESM-LAND-MODELS/4/log_normalized/MEAN_FIRE_PROB_1_192_288.dat.sz
Min=0, Max=1, range=1
Max absolute error = 0.0000000010
Max relative error = 0.000000
Max pw relative error = 0.612324
PSNR = 200.449247, NRMSE= 9.4959327258825259696E-11
normError = 0.000000, normErr_norm = 0.000000
acEff=1.000000
compressionRatio=3.581057
decompression time = 0.007929 seconds.
decompressed data file: ../../CESM-LAND-MODELS/4/log_normalized/sz_1E-9/MEAN_FIRE_PROB_1_192_288.dat.sz.out
  ✓ Compression and decompression successful (ratio: 3.58x)

[150/176] Processing: MR_1_192_288.dat
compression time = 0.011479
compressed data file: ../../CESM-LAND-MODELS/4/log_normalized/MR_1_192_288.dat.sz
Min=0, Max=1, range=1
Max absolute error = 0.0000000010
Max relative error = 0.000000
Max pw relative error = 0.694972
PSNR = 191.985043, NRMSE= 2.5162156732045885459E-10
normError = 0.000000, normErr_norm = 0.000000
acEff=1.000000
compressionRatio=7.901686
decompression time = 0.005741 seconds.
decompressed data file: ../../CESM-LAND-MODELS/4/log_normalized/sz_1E-9/MR_1_192_288.dat.sz.out
  ✓ Compression and decompression successful (ratio: 7.90x)

[151/176] Processing: NBP_1_192_288.dat
compression time = 0.012441
compressed data file: ../../CESM-LAND-MODELS/4/log_normalized/NBP_1_192_288.dat.sz
Min=0, Max=1, range=1
Max absolute error = 0.0000000010
Max relative error = 0.000000
Max pw relative error = 0.003709
PSNR = 191.144346, NRMSE= 2.7719329538540950057E-10
normError = 0.000000, normErr_norm = 0.000000
acEff=1.000000
compressionRatio=7.791187
decompression time = 0.006476 seconds.
decompressed data file: ../../CESM-LAND-MODELS/4/log_normalized/sz_1E-9/NBP_1_192_288.dat.sz.out
  ✓ Compression and decompression successful (ratio: 7.79x)

[152/176] Processing: NDEPLOY_1_192_288.dat
compression time = 0.011584
compressed data file: ../../CESM-LAND-MODELS/4/log_normalized/NDEPLOY_1_192_288.dat.sz
Min=0, Max=1, range=1
Max absolute error = 0.0000000009
Max relative error = 0.000000
Max pw relative error = 0.609285
PSNR = 194.754219, NRMSE= 1.8293173977451798844E-10
normError = 0.000000, normErr_norm = 0.000000
acEff=1.000000
compressionRatio=28.826274
decompression time = 0.005396 seconds.
decompressed data file: ../../CESM-LAND-MODELS/4/log_normalized/sz_1E-9/NDEPLOY_1_192_288.dat.sz.out
  ✓ Compression and decompression successful (ratio: 28.82x)

[153/176] Processing: NDEP_TO_SMINN_1_192_288.dat
compression time = 0.010783
compressed data file: ../../CESM-LAND-MODELS/4/log_normalized/NDEP_TO_SMINN_1_192_288.dat.sz
Min=0, Max=1, range=1
Max absolute error = 0.0000000000
Max relative error = 0.000000
Max pw relative error = 0.000000
PSNR = inf, NRMSE= 0
normError = 0.000000, normErr_norm = 0.000000
acEff=1.000000
compressionRatio=57.286713
decompression time = 0.005748 seconds.
decompressed data file: ../../CESM-LAND-MODELS/4/log_normalized/sz_1E-9/NDEP_TO_SMINN_1_192_288.dat.sz.out
  ✓ Compression and decompression successful (ratio: 57.28x)

[154/176] Processing: NEE_1_192_288.dat
compression time = 0.011118
compressed data file: ../../CESM-LAND-MODELS/4/log_normalized/NEE_1_192_288.dat.sz
Min=0, Max=1, range=1
Max absolute error = 0.0000000010
Max relative error = 0.000000
Max pw relative error = 0.034949
PSNR = 191.278006, NRMSE= 2.7296043545090952171E-10
normError = 0.000000, normErr_norm = 0.000000
acEff=1.000000
compressionRatio=8.026418
decompression time = 0.006022 seconds.
decompressed data file: ../../CESM-LAND-MODELS/4/log_normalized/sz_1E-9/NEE_1_192_288.dat.sz.out
  ✓ Compression and decompression successful (ratio: 8.02x)

[155/176] Processing: NEP_1_192_288.dat
compression time = 0.011855
compressed data file: ../../CESM-LAND-MODELS/4/log_normalized/NEP_1_192_288.dat.sz
Min=0, Max=1, range=1
Max absolute error = 0.0000000010
Max relative error = 0.000000
Max pw relative error = 0.003709
PSNR = 191.157553, NRMSE= 2.7677212745519186667E-10
normError = 0.000000, normErr_norm = 0.000000
acEff=1.000000
compressionRatio=7.817346
decompression time = 0.006341 seconds.
decompressed data file: ../../CESM-LAND-MODELS/4/log_normalized/sz_1E-9/NEP_1_192_288.dat.sz.out
  ✓ Compression and decompression successful (ratio: 7.81x)

[156/176] Processing: NET_NMIN_1_192_288.dat
compression time = 0.011121
compressed data file: ../../CESM-LAND-MODELS/4/log_normalized/NET_NMIN_1_192_288.dat.sz
Min=0, Max=1, range=1
Max absolute error = 0.0000000009
Max relative error = 0.000000
Max pw relative error = 0.609286
PSNR = 192.707841, NRMSE= 2.3153035375197212762E-10
normError = 0.000000, normErr_norm = 0.000000
acEff=1.000000
compressionRatio=26.748579
decompression time = 0.005905 seconds.
decompressed data file: ../../CESM-LAND-MODELS/4/log_normalized/sz_1E-9/NET_NMIN_1_192_288.dat.sz.out
  ✓ Compression and decompression successful (ratio: 26.74x)

[157/176] Processing: NFIX_TO_SMINN_1_192_288.dat
compression time = 0.010416
compressed data file: ../../CESM-LAND-MODELS/4/log_normalized/NFIX_TO_SMINN_1_192_288.dat.sz
Min=0, Max=1, range=1
Max absolute error = 0.0000000000
Max relative error = 0.000000
Max pw relative error = 0.000000
PSNR = inf, NRMSE= 0
normError = 0.000000, normErr_norm = 0.000000
acEff=1.000000
compressionRatio=57.286713
decompression time = 0.005834 seconds.
decompressed data file: ../../CESM-LAND-MODELS/4/log_normalized/sz_1E-9/NFIX_TO_SMINN_1_192_288.dat.sz.out
  ✓ Compression and decompression successful (ratio: 57.28x)

[158/176] Processing: NPP_1_192_288.dat
compression time = 0.011407
compressed data file: ../../CESM-LAND-MODELS/4/log_normalized/NPP_1_192_288.dat.sz
Min=0, Max=1, range=1
Max absolute error = 0.0000000010
Max relative error = 0.000000
Max pw relative error = 0.390715
PSNR = 189.707424, NRMSE= 3.2706101417934943929E-10
normError = 0.000000, normErr_norm = 0.000000
acEff=1.000000
compressionRatio=8.105244
decompression time = 0.006912 seconds.
decompressed data file: ../../CESM-LAND-MODELS/4/log_normalized/sz_1E-9/NPP_1_192_288.dat.sz.out
  ✓ Compression and decompression successful (ratio: 8.10x)

[159/176] Processing: OCDEP_1_192_288.dat
compression time = 0.011357
compressed data file: ../../CESM-LAND-MODELS/4/log_normalized/OCDEP_1_192_288.dat.sz
Min=0, Max=1, range=1
Max absolute error = 0.0000000000
Max relative error = 0.000000
Max pw relative error = 0.000000
PSNR = inf, NRMSE= 0
normError = 0.000000, normErr_norm = 0.000000
acEff=1.000000
compressionRatio=57.286713
decompression time = 0.005939 seconds.
decompressed data file: ../../CESM-LAND-MODELS/4/log_normalized/sz_1E-9/OCDEP_1_192_288.dat.sz.out
  ✓ Compression and decompression successful (ratio: 57.28x)

[160/176] Processing: PBOT_1_192_288.dat
compression time = 0.015610
compressed data file: ../../CESM-LAND-MODELS/4/log_normalized/PBOT_1_192_288.dat.sz
Min=0, Max=1, range=1
Max absolute error = 0.0000000000
Max relative error = 0.000000
Max pw relative error = 0.000000
PSNR = inf, NRMSE= 0
normError = 0.000000, normErr_norm = 0.000000
acEff=1.000000
compressionRatio=1.971161
decompression time = 0.007603 seconds.
decompressed data file: ../../CESM-LAND-MODELS/4/log_normalized/sz_1E-9/PBOT_1_192_288.dat.sz.out
  ✓ Compression and decompression successful (ratio: 1.97x)

[161/176] Processing: PCO2_1_192_288.dat
compression time = 0.015718
compressed data file: ../../CESM-LAND-MODELS/4/log_normalized/PCO2_1_192_288.dat.sz
Min=0, Max=1, range=1
Max absolute error = 0.0000000000
Max relative error = 0.000000
Max pw relative error = 0.000000
PSNR = inf, NRMSE= 0
normError = 0.000000, normErr_norm = 0.000000
acEff=1.000000
compressionRatio=1.841497
decompression time = 0.006716 seconds.
decompressed data file: ../../CESM-LAND-MODELS/4/log_normalized/sz_1E-9/PCO2_1_192_288.dat.sz.out
  ✓ Compression and decompression successful (ratio: 1.84x)

[162/176] Processing: PFT_CTRUNC_1_192_288.dat
compression time = 0.012399
compressed data file: ../../CESM-LAND-MODELS/4/log_normalized/PFT_CTRUNC_1_192_288.dat.sz
Min=0, Max=1, range=1
Max absolute error = 0.0000000010
Max relative error = 0.000000
Max pw relative error = 0.695122
PSNR = 192.056364, NRMSE= 2.4956390769931475123E-10
normError = 0.000000, normErr_norm = 0.000000
acEff=1.000000
compressionRatio=6.495668
decompression time = 0.006338 seconds.
decompressed data file: ../../CESM-LAND-MODELS/4/log_normalized/sz_1E-9/PFT_CTRUNC_1_192_288.dat.sz.out
  ✓ Compression and decompression successful (ratio: 6.49x)

[163/176] Processing: PFT_FIRE_CLOSS_1_192_288.dat
compression time = 0.011484
compressed data file: ../../CESM-LAND-MODELS/4/log_normalized/PFT_FIRE_CLOSS_1_192_288.dat.sz
Min=0, Max=1, range=1
Max absolute error = 0.0000000010
Max relative error = 0.000000
Max pw relative error = 0.390715
PSNR = 198.554669, NRMSE= 1.181045266377262152E-10
normError = 0.000000, normErr_norm = 0.000000
acEff=1.000000
compressionRatio=28.029907
decompression time = 0.006119 seconds.
decompressed data file: ../../CESM-LAND-MODELS/4/log_normalized/sz_1E-9/PFT_FIRE_CLOSS_1_192_288.dat.sz.out
  ✓ Compression and decompression successful (ratio: 28.02x)

[164/176] Processing: PFT_FIRE_NLOSS_1_192_288.dat
compression time = 0.011087
compressed data file: ../../CESM-LAND-MODELS/4/log_normalized/PFT_FIRE_NLOSS_1_192_288.dat.sz
Min=0, Max=1, range=1
Max absolute error = 0.0000000009
Max relative error = 0.000000
Max pw relative error = 0.390715
PSNR = 209.946928, NRMSE= 3.1816588730053473262E-11
normError = 0.000000, normErr_norm = 0.000000
acEff=1.000000
compressionRatio=53.516574
decompression time = 0.006406 seconds.
decompressed data file: ../../CESM-LAND-MODELS/4/log_normalized/sz_1E-9/PFT_FIRE_NLOSS_1_192_288.dat.sz.out
  ✓ Compression and decompression successful (ratio: 53.51x)

[165/176] Processing: PFT_NTRUNC_1_192_288.dat
compression time = 0.011171
compressed data file: ../../CESM-LAND-MODELS/4/log_normalized/PFT_NTRUNC_1_192_288.dat.sz
Min=0, Max=1, range=1
Max absolute error = 0.0000000010
Max relative error = 0.000000
Max pw relative error = 0.681783
PSNR = 191.820685, NRMSE= 2.5642817841403717289E-10
normError = 0.000000, normErr_norm = 0.000000
acEff=1.000000
compressionRatio=6.694431
decompression time = 0.006269 seconds.
decompressed data file: ../../CESM-LAND-MODELS/4/log_normalized/sz_1E-9/PFT_NTRUNC_1_192_288.dat.sz.out
  ✓ Compression and decompression successful (ratio: 6.69x)

[166/176] Processing: PLANT_NDEMAND_1_192_288.dat
compression time = 0.011158
compressed data file: ../../CESM-LAND-MODELS/4/log_normalized/PLANT_NDEMAND_1_192_288.dat.sz
Min=0, Max=1, range=1
Max absolute error = 0.0000000010
Max relative error = 0.000000
Max pw relative error = 0.609285
PSNR = 194.544454, NRMSE= 1.8740333546451962251E-10
normError = 0.000000, normErr_norm = 0.000000
acEff=1.000000
compressionRatio=20.733408
decompression time = 0.005934 seconds.
decompressed data file: ../../CESM-LAND-MODELS/4/log_normalized/sz_1E-9/PLANT_NDEMAND_1_192_288.dat.sz.out
  ✓ Compression and decompression successful (ratio: 20.73x)

[167/176] Processing: POTENTIAL_IMMOB_1_192_288.dat
compression time = 0.008608
compressed data file: ../../CESM-LAND-MODELS/4/log_normalized/POTENTIAL_IMMOB_1_192_288.dat.sz
Min=0, Max=1, range=1
Max absolute error = 0.0000000010
Max relative error = 0.000000
Max pw relative error = 0.688593
PSNR = 192.428054, NRMSE= 2.3910974879299184066E-10
normError = 0.000000, normErr_norm = 0.000000
acEff=1.000000
compressionRatio=15.937743
decompression time = 0.005516 seconds.
decompressed data file: ../../CESM-LAND-MODELS/4/log_normalized/sz_1E-9/POTENTIAL_IMMOB_1_192_288.dat.sz.out
  ✓ Compression and decompression successful (ratio: 15.93x)

[168/176] Processing: PROD100C_1_192_288.dat
compression time = 0.008085
compressed data file: ../../CESM-LAND-MODELS/4/log_normalized/PROD100C_1_192_288.dat.sz
Min=0, Max=1, range=1
Max absolute error = 0.0000000000
Max relative error = 0.000000
Max pw relative error = 0.000000
PSNR = inf, NRMSE= 0
normError = 0.000000, normErr_norm = 0.000000
acEff=1.000000
compressionRatio=57.286713
decompression time = 0.006085 seconds.
decompressed data file: ../../CESM-LAND-MODELS/4/log_normalized/sz_1E-9/PROD100C_1_192_288.dat.sz.out
  ✓ Compression and decompression successful (ratio: 57.28x)

[169/176] Processing: PROD100C_LOSS_1_192_288.dat
compression time = 0.011138
compressed data file: ../../CESM-LAND-MODELS/4/log_normalized/PROD100C_LOSS_1_192_288.dat.sz
Min=0, Max=1, range=1
Max absolute error = 0.0000000000
Max relative error = 0.000000
Max pw relative error = 0.000000
PSNR = inf, NRMSE= 0
normError = 0.000000, normErr_norm = 0.000000
acEff=1.000000
compressionRatio=57.286713
decompression time = 0.005422 seconds.
decompressed data file: ../../CESM-LAND-MODELS/4/log_normalized/sz_1E-9/PROD100C_LOSS_1_192_288.dat.sz.out
  ✓ Compression and decompression successful (ratio: 57.28x)

[170/176] Processing: PROD100N_1_192_288.dat
compression time = 0.011500
compressed data file: ../../CESM-LAND-MODELS/4/log_normalized/PROD100N_1_192_288.dat.sz
Min=0, Max=1, range=1
Max absolute error = 0.0000000000
Max relative error = 0.000000
Max pw relative error = 0.000000
PSNR = inf, NRMSE= 0
normError = 0.000000, normErr_norm = 0.000000
acEff=1.000000
compressionRatio=57.286713
decompression time = 0.006136 seconds.
decompressed data file: ../../CESM-LAND-MODELS/4/log_normalized/sz_1E-9/PROD100N_1_192_288.dat.sz.out
  ✓ Compression and decompression successful (ratio: 57.28x)

[171/176] Processing: PROD100N_LOSS_1_192_288.dat
compression time = 0.011074
compressed data file: ../../CESM-LAND-MODELS/4/log_normalized/PROD100N_LOSS_1_192_288.dat.sz
Min=0, Max=1, range=1
Max absolute error = 0.0000000000
Max relative error = 0.000000
Max pw relative error = 0.000000
PSNR = inf, NRMSE= 0
normError = 0.000000, normErr_norm = 0.000000
acEff=1.000000
compressionRatio=57.286713
decompression time = 0.005652 seconds.
decompressed data file: ../../CESM-LAND-MODELS/4/log_normalized/sz_1E-9/PROD100N_LOSS_1_192_288.dat.sz.out
  ✓ Compression and decompression successful (ratio: 57.28x)

[172/176] Processing: PROD10C_1_192_288.dat
compression time = 0.010149
compressed data file: ../../CESM-LAND-MODELS/4/log_normalized/PROD10C_1_192_288.dat.sz
Min=0, Max=1, range=1
Max absolute error = 0.0000000000
Max relative error = 0.000000
Max pw relative error = 0.000000
PSNR = inf, NRMSE= 0
normError = 0.000000, normErr_norm = 0.000000
acEff=1.000000
compressionRatio=57.286713
decompression time = 0.006078 seconds.
decompressed data file: ../../CESM-LAND-MODELS/4/log_normalized/sz_1E-9/PROD10C_1_192_288.dat.sz.out
  ✓ Compression and decompression successful (ratio: 57.28x)

[173/176] Processing: PROD10C_LOSS_1_192_288.dat
compression time = 0.011595
compressed data file: ../../CESM-LAND-MODELS/4/log_normalized/PROD10C_LOSS_1_192_288.dat.sz
Min=0, Max=1, range=1
Max absolute error = 0.0000000000
Max relative error = 0.000000
Max pw relative error = 0.000000
PSNR = inf, NRMSE= 0
normError = 0.000000, normErr_norm = 0.000000
acEff=1.000000
compressionRatio=57.286713
decompression time = 0.006069 seconds.
decompressed data file: ../../CESM-LAND-MODELS/4/log_normalized/sz_1E-9/PROD10C_LOSS_1_192_288.dat.sz.out
  ✓ Compression and decompression successful (ratio: 57.28x)

[174/176] Processing: PROD10N_1_192_288.dat
compression time = 0.014062
compressed data file: ../../CESM-LAND-MODELS/4/log_normalized/PROD10N_1_192_288.dat.sz
Min=0, Max=1, range=1
Max absolute error = 0.0000000000
Max relative error = 0.000000
Max pw relative error = 0.000000
PSNR = inf, NRMSE= 0
normError = 0.000000, normErr_norm = 0.000000
acEff=1.000000
compressionRatio=57.286713
decompression time = 0.005867 seconds.
decompressed data file: ../../CESM-LAND-MODELS/4/log_normalized/sz_1E-9/PROD10N_1_192_288.dat.sz.out
  ✓ Compression and decompression successful (ratio: 57.28x)

[175/176] Processing: topo_192_288.dat
compression time = 0.011848
compressed data file: ../../CESM-LAND-MODELS/4/log_normalized/topo_192_288.dat.sz
Min=0, Max=1, range=1
Max absolute error = 0.0000000000
Max relative error = 0.000000
Max pw relative error = 0.000000
PSNR = inf, NRMSE= 0
normError = 0.000000, normErr_norm = 0.000000
acEff=1.000000
compressionRatio=57.286713
decompression time = 0.005852 seconds.
decompressed data file: ../../CESM-LAND-MODELS/4/log_normalized/sz_1E-9/topo_192_288.dat.sz.out
  ✓ Compression and decompression successful (ratio: 57.28x)

[176/176] Processing: topodnsc_192_288.dat
compression time = 0.011062
compressed data file: ../../CESM-LAND-MODELS/4/log_normalized/topodnsc_192_288.dat.sz
Min=0, Max=1, range=1
Max absolute error = 0.0000000000
Max relative error = 0.000000
Max pw relative error = 0.000000
PSNR = inf, NRMSE= 0
normError = 0.000000, normErr_norm = 0.000000
acEff=1.000000
compressionRatio=57.286713
decompression time = 0.006220 seconds.
decompressed data file: ../../CESM-LAND-MODELS/4/log_normalized/sz_1E-9/topodnsc_192_288.dat.sz.out
  ✓ Compression and decompression successful (ratio: 57.28x)

=== Summary ===
Total files processed: 176
Total files skipped: 0
Total files failed: 0

