Input directory: ../../CESM-LAND-MODELS/4/log_normalized
Output directory: ../../CESM-LAND-MODELS/4/log_normalized/sz_1E-5
Dimensions: 192x288
Error bound: 1E-5
SZ config: sz.config

Found 176 .dat file(s) to process

[1/176] Processing: ACTUAL_IMMOB_1_192_288.dat
compression time = 0.011934
compressed data file: ../../CESM-LAND-MODELS/4/log_normalized/ACTUAL_IMMOB_1_192_288.dat.sz
Min=0, Max=1, range=1
Max absolute error = 0.0000099991
Max relative error = 0.000010
Max pw relative error = 6952.951823
PSNR = 113.399287, NRMSE= 2.1381374832421646371E-06
normError = 0.000503, normErr_norm = 0.000003
acEff=1.000000
compressionRatio=13.645752
decompression time = 0.005904 seconds.
decompressed data file: ../../CESM-LAND-MODELS/4/log_normalized/sz_1E-5/ACTUAL_IMMOB_1_192_288.dat.sz.out
  ✓ Compression and decompression successful (ratio: 13.64x)

[2/176] Processing: AGNPP_1_192_288.dat
compression time = 0.013905
compressed data file: ../../CESM-LAND-MODELS/4/log_normalized/AGNPP_1_192_288.dat.sz
Min=0, Max=1, range=1
Max absolute error = 0.0000099987
Max relative error = 0.000010
Max pw relative error = 6951.656618
PSNR = 110.747124, NRMSE= 2.9016417863214689632E-06
normError = 0.000682, normErr_norm = 0.000004
acEff=1.000000
compressionRatio=12.496271
decompression time = 0.005329 seconds.
decompressed data file: ../../CESM-LAND-MODELS/4/log_normalized/sz_1E-5/AGNPP_1_192_288.dat.sz.out
  ✓ Compression and decompression successful (ratio: 12.49x)

[3/176] Processing: ANN_FAREA_BURNED_1_192_288.dat
compression time = 0.010968
compressed data file: ../../CESM-LAND-MODELS/4/log_normalized/ANN_FAREA_BURNED_1_192_288.dat.sz
Min=0, Max=1, range=1
Max absolute error = 0.0000099997
Max relative error = 0.000010
Max pw relative error = 6447.772831
PSNR = 107.750800, NRMSE= 4.0969436934389855188E-06
normError = 0.000963, normErr_norm = 0.000005
acEff=1.000000
compressionRatio=7.042955
decompression time = 0.006486 seconds.
decompressed data file: ../../CESM-LAND-MODELS/4/log_normalized/sz_1E-5/ANN_FAREA_BURNED_1_192_288.dat.sz.out
  ✓ Compression and decompression successful (ratio: 7.04x)

[4/176] Processing: AR_1_192_288.dat
compression time = 0.012791
compressed data file: ../../CESM-LAND-MODELS/4/log_normalized/AR_1_192_288.dat.sz
Min=0, Max=1, range=1
Max absolute error = 0.0000099992
Max relative error = 0.000010
Max pw relative error = 6953.017595
PSNR = 110.682943, NRMSE= 2.92316186212544363E-06
normError = 0.000687, normErr_norm = 0.000004
acEff=1.000000
compressionRatio=11.551888
decompression time = 0.005773 seconds.
decompressed data file: ../../CESM-LAND-MODELS/4/log_normalized/sz_1E-5/AR_1_192_288.dat.sz.out
  ✓ Compression and decompression successful (ratio: 11.55x)

[5/176] Processing: area_192_288.dat
compression time = 0.011405
compressed data file: ../../CESM-LAND-MODELS/4/log_normalized/area_192_288.dat.sz
Min=0, Max=1, range=1
Max absolute error = 0.0000099987
Max relative error = 0.000010
Max pw relative error = 0.000108
PSNR = 108.647796, NRMSE= 3.6949640866981814579E-06
normError = 0.000869, normErr_norm = 0.000005
acEff=1.000000
compressionRatio=11.918526
decompression time = 0.005618 seconds.
decompressed data file: ../../CESM-LAND-MODELS/4/log_normalized/sz_1E-5/area_192_288.dat.sz.out
  ✓ Compression and decompression successful (ratio: 11.91x)

[6/176] Processing: areaatm_192_288.dat
compression time = 0.012692
compressed data file: ../../CESM-LAND-MODELS/4/log_normalized/areaatm_192_288.dat.sz
Min=0, Max=1, range=1
Max absolute error = 0.0000099996
Max relative error = 0.000010
Max pw relative error = 0.000012
PSNR = 108.046311, NRMSE= 3.9599020177247840638E-06
normError = 0.000931, normErr_norm = 0.000007
acEff=1.000000
compressionRatio=11.854011
decompression time = 0.006049 seconds.
decompressed data file: ../../CESM-LAND-MODELS/4/log_normalized/sz_1E-5/areaatm_192_288.dat.sz.out
  ✓ Compression and decompression successful (ratio: 11.85x)

[7/176] Processing: areaupsc_192_288.dat
compression time = 0.014464
compressed data file: ../../CESM-LAND-MODELS/4/log_normalized/areaupsc_192_288.dat.sz
Min=0, Max=1, range=1
Max absolute error = 0.0000099987
Max relative error = 0.000010
Max pw relative error = 0.000108
PSNR = 108.647796, NRMSE= 3.6949640866981814579E-06
normError = 0.000869, normErr_norm = 0.000005
acEff=1.000000
compressionRatio=11.918526
decompression time = 0.006349 seconds.
decompressed data file: ../../CESM-LAND-MODELS/4/log_normalized/sz_1E-5/areaupsc_192_288.dat.sz.out
  ✓ Compression and decompression successful (ratio: 11.91x)

[8/176] Processing: BCDEP_1_192_288.dat
compression time = 0.011783
compressed data file: ../../CESM-LAND-MODELS/4/log_normalized/BCDEP_1_192_288.dat.sz
Min=0, Max=1, range=1
Max absolute error = 0.0000099987
Max relative error = 0.000010
Max pw relative error = 0.000010
PSNR = 113.404633, NRMSE= 2.1368220527692333662E-06
normError = 0.000502, normErr_norm = 0.000003
acEff=1.000000
compressionRatio=14.565953
decompression time = 0.005940 seconds.
decompressed data file: ../../CESM-LAND-MODELS/4/log_normalized/sz_1E-5/BCDEP_1_192_288.dat.sz.out
  ✓ Compression and decompression successful (ratio: 14.56x)

[9/176] Processing: BGNPP_1_192_288.dat
compression time = 0.010556
compressed data file: ../../CESM-LAND-MODELS/4/log_normalized/BGNPP_1_192_288.dat.sz
Min=0, Max=1, range=1
Max absolute error = 0.0000099987
Max relative error = 0.000010
Max pw relative error = 6798.231832
PSNR = 110.937182, NRMSE= 2.8388399760974507108E-06
normError = 0.000668, normErr_norm = 0.000004
acEff=1.000000
compressionRatio=12.711724
decompression time = 0.006097 seconds.
decompressed data file: ../../CESM-LAND-MODELS/4/log_normalized/sz_1E-5/BGNPP_1_192_288.dat.sz.out
  ✓ Compression and decompression successful (ratio: 12.71x)

[10/176] Processing: BTRAN_1_192_288.dat
compression time = 0.012361
compressed data file: ../../CESM-LAND-MODELS/4/log_normalized/BTRAN_1_192_288.dat.sz
Min=0, Max=1, range=1
Max absolute error = 0.0000099977
Max relative error = 0.000010
Max pw relative error = 620.698305
PSNR = 107.482467, NRMSE= 4.2254859570002399407E-06
normError = 0.000994, normErr_norm = 0.000005
acEff=1.000000
compressionRatio=5.119881
decompression time = 0.005622 seconds.
decompressed data file: ../../CESM-LAND-MODELS/4/log_normalized/sz_1E-5/BTRAN_1_192_288.dat.sz.out
  ✓ Compression and decompression successful (ratio: 5.11x)

[11/176] Processing: BUILDHEAT_1_192_288.dat
compression time = 0.011218
compressed data file: ../../CESM-LAND-MODELS/4/log_normalized/BUILDHEAT_1_192_288.dat.sz
Min=0, Max=1, range=1
Max absolute error = 0.0000099987
Max relative error = 0.000010
Max pw relative error = 0.000245
PSNR = 108.134387, NRMSE= 3.9199511429248301298E-06
normError = 0.000922, normErr_norm = 0.000005
acEff=1.000000
compressionRatio=8.927349
decompression time = 0.005682 seconds.
decompressed data file: ../../CESM-LAND-MODELS/4/log_normalized/sz_1E-5/BUILDHEAT_1_192_288.dat.sz.out
  ✓ Compression and decompression successful (ratio: 8.92x)

[12/176] Processing: COL_CTRUNC_1_192_288.dat
compression time = 0.011459
compressed data file: ../../CESM-LAND-MODELS/4/log_normalized/COL_CTRUNC_1_192_288.dat.sz
Min=0, Max=1, range=1
Max absolute error = 0.0000099938
Max relative error = 0.000010
Max pw relative error = 6881.124904
PSNR = 111.093166, NRMSE= 2.7883142545204143803E-06
normError = 0.000656, normErr_norm = 0.000004
acEff=1.000000
compressionRatio=11.957831
decompression time = 0.005840 seconds.
decompressed data file: ../../CESM-LAND-MODELS/4/log_normalized/sz_1E-5/COL_CTRUNC_1_192_288.dat.sz.out
  ✓ Compression and decompression successful (ratio: 11.95x)

[13/176] Processing: COL_FIRE_CLOSS_1_192_288.dat
compression time = 0.010595
compressed data file: ../../CESM-LAND-MODELS/4/log_normalized/COL_FIRE_CLOSS_1_192_288.dat.sz
Min=0, Max=1, range=1
Max absolute error = 0.0000099987
Max relative error = 0.000010
Max pw relative error = 5969.301104
PSNR = 113.659559, NRMSE= 2.0750187888978811878E-06
normError = 0.000488, normErr_norm = 0.000003
acEff=1.000000
compressionRatio=14.110622
decompression time = 0.005689 seconds.
decompressed data file: ../../CESM-LAND-MODELS/4/log_normalized/sz_1E-5/COL_FIRE_CLOSS_1_192_288.dat.sz.out
  ✓ Compression and decompression successful (ratio: 14.11x)

[14/176] Processing: COL_FIRE_NLOSS_1_192_288.dat
compression time = 0.011479
compressed data file: ../../CESM-LAND-MODELS/4/log_normalized/COL_FIRE_NLOSS_1_192_288.dat.sz
Min=0, Max=1, range=1
Max absolute error = 0.0000099987
Max relative error = 0.000010
Max pw relative error = 6796.232107
PSNR = 113.404634, NRMSE= 2.1368218755596277509E-06
normError = 0.000502, normErr_norm = 0.000003
acEff=1.000000
compressionRatio=14.528639
decompression time = 0.005242 seconds.
decompressed data file: ../../CESM-LAND-MODELS/4/log_normalized/sz_1E-5/COL_FIRE_NLOSS_1_192_288.dat.sz.out
  ✓ Compression and decompression successful (ratio: 14.52x)

[15/176] Processing: COL_NTRUNC_1_192_288.dat
compression time = 0.011672
compressed data file: ../../CESM-LAND-MODELS/4/log_normalized/COL_NTRUNC_1_192_288.dat.sz
Min=0, Max=1, range=1
Max absolute error = 0.0000099958
Max relative error = 0.000010
Max pw relative error = 6938.178399
PSNR = 111.549850, NRMSE= 2.6454982599044224498E-06
normError = 0.000622, normErr_norm = 0.000003
acEff=1.000000
compressionRatio=10.975239
decompression time = 0.005415 seconds.
decompressed data file: ../../CESM-LAND-MODELS/4/log_normalized/sz_1E-5/COL_NTRUNC_1_192_288.dat.sz.out
  ✓ Compression and decompression successful (ratio: 10.97x)

[16/176] Processing: CPOOL_1_192_288.dat
compression time = 0.011544
compressed data file: ../../CESM-LAND-MODELS/4/log_normalized/CPOOL_1_192_288.dat.sz
Min=0, Max=1, range=1
Max absolute error = 0.0000099987
Max relative error = 0.000010
Max pw relative error = 0.000010
PSNR = 113.404633, NRMSE= 2.1368220527692333662E-06
normError = 0.000502, normErr_norm = 0.000003
acEff=1.000000
compressionRatio=14.565953
decompression time = 0.006749 seconds.
decompressed data file: ../../CESM-LAND-MODELS/4/log_normalized/sz_1E-5/CPOOL_1_192_288.dat.sz.out
  ✓ Compression and decompression successful (ratio: 14.56x)

[17/176] Processing: CWDC_1_192_288.dat
compression time = 0.013373
compressed data file: ../../CESM-LAND-MODELS/4/log_normalized/CWDC_1_192_288.dat.sz
Min=0, Max=1, range=1
Max absolute error = 0.0000099987
Max relative error = 0.000010
Max pw relative error = 6274.969310
PSNR = 107.611424, NRMSE= 4.1632146747407530588E-06
normError = 0.000979, normErr_norm = 0.000005
acEff=1.000000
compressionRatio=3.162120
decompression time = 0.006763 seconds.
decompressed data file: ../../CESM-LAND-MODELS/4/log_normalized/sz_1E-5/CWDC_1_192_288.dat.sz.out
  ✓ Compression and decompression successful (ratio: 3.16x)

[18/176] Processing: CWDC_HR_1_192_288.dat
compression time = 0.010383
compressed data file: ../../CESM-LAND-MODELS/4/log_normalized/CWDC_HR_1_192_288.dat.sz
Min=0, Max=1, range=1
Max absolute error = 0.0000099987
Max relative error = 0.000010
Max pw relative error = 0.000010
PSNR = 113.404633, NRMSE= 2.1368220527692333662E-06
normError = 0.000502, normErr_norm = 0.000003
acEff=1.000000
compressionRatio=14.565953
decompression time = 0.005527 seconds.
decompressed data file: ../../CESM-LAND-MODELS/4/log_normalized/sz_1E-5/CWDC_HR_1_192_288.dat.sz.out
  ✓ Compression and decompression successful (ratio: 14.56x)

[19/176] Processing: CWDC_LOSS_1_192_288.dat
compression time = 0.011717
compressed data file: ../../CESM-LAND-MODELS/4/log_normalized/CWDC_LOSS_1_192_288.dat.sz
Min=0, Max=1, range=1
Max absolute error = 0.0000099998
Max relative error = 0.000010
Max pw relative error = 6944.131406
PSNR = 111.865310, NRMSE= 2.5511412518114188625E-06
normError = 0.000600, normErr_norm = 0.000003
acEff=1.000000
compressionRatio=12.613858
decompression time = 0.005457 seconds.
decompressed data file: ../../CESM-LAND-MODELS/4/log_normalized/sz_1E-5/CWDC_LOSS_1_192_288.dat.sz.out
  ✓ Compression and decompression successful (ratio: 12.61x)

[20/176] Processing: CWDN_1_192_288.dat
compression time = 0.011128
compressed data file: ../../CESM-LAND-MODELS/4/log_normalized/CWDN_1_192_288.dat.sz
Min=0, Max=1, range=1
Max absolute error = 0.0000099973
Max relative error = 0.000010
Max pw relative error = 6590.999150
PSNR = 107.591757, NRMSE= 4.172651749098122914E-06
normError = 0.000981, normErr_norm = 0.000005
acEff=1.000000
compressionRatio=4.431213
decompression time = 0.006629 seconds.
decompressed data file: ../../CESM-LAND-MODELS/4/log_normalized/sz_1E-5/CWDN_1_192_288.dat.sz.out
  ✓ Compression and decompression successful (ratio: 4.43x)

[21/176] Processing: DEADCROOTC_1_192_288.dat
compression time = 0.013711
compressed data file: ../../CESM-LAND-MODELS/4/log_normalized/DEADCROOTC_1_192_288.dat.sz
Min=0, Max=1, range=1
Max absolute error = 0.0000099987
Max relative error = 0.000010
Max pw relative error = 6572.112441
PSNR = 107.660047, NRMSE= 4.1399743541361877551E-06
normError = 0.000974, normErr_norm = 0.000005
acEff=1.000000
compressionRatio=3.125834
decompression time = 0.006283 seconds.
decompressed data file: ../../CESM-LAND-MODELS/4/log_normalized/sz_1E-5/DEADCROOTC_1_192_288.dat.sz.out
  ✓ Compression and decompression successful (ratio: 3.12x)

[22/176] Processing: DEADCROOTN_1_192_288.dat
compression time = 0.012943
compressed data file: ../../CESM-LAND-MODELS/4/log_normalized/DEADCROOTN_1_192_288.dat.sz
Min=0, Max=1, range=1
Max absolute error = 0.0000099978
Max relative error = 0.000010
Max pw relative error = 6553.873334
PSNR = 107.641805, NRMSE= 4.148677990979524753E-06
normError = 0.000976, normErr_norm = 0.000005
acEff=1.000000
compressionRatio=4.237728
decompression time = 0.006764 seconds.
decompressed data file: ../../CESM-LAND-MODELS/4/log_normalized/sz_1E-5/DEADCROOTN_1_192_288.dat.sz.out
  ✓ Compression and decompression successful (ratio: 4.23x)

[23/176] Processing: DEADSTEMC_1_192_288.dat
compression time = 0.013748
compressed data file: ../../CESM-LAND-MODELS/4/log_normalized/DEADSTEMC_1_192_288.dat.sz
Min=0, Max=1, range=1
Max absolute error = 0.0000099987
Max relative error = 0.000010
Max pw relative error = 5096.924115
PSNR = 107.609051, NRMSE= 4.1643522896963732437E-06
normError = 0.000979, normErr_norm = 0.000005
acEff=1.000000
compressionRatio=3.024945
decompression time = 0.006875 seconds.
decompressed data file: ../../CESM-LAND-MODELS/4/log_normalized/sz_1E-5/DEADSTEMC_1_192_288.dat.sz.out
  ✓ Compression and decompression successful (ratio: 3.02x)

[24/176] Processing: DEADSTEMN_1_192_288.dat
compression time = 0.013298
compressed data file: ../../CESM-LAND-MODELS/4/log_normalized/DEADSTEMN_1_192_288.dat.sz
Min=0, Max=1, range=1
Max absolute error = 0.0000099998
Max relative error = 0.000010
Max pw relative error = 4234.698795
PSNR = 107.650835, NRMSE= 4.144367606422330724E-06
normError = 0.000975, normErr_norm = 0.000005
acEff=1.000000
compressionRatio=3.899508
decompression time = 0.006549 seconds.
decompressed data file: ../../CESM-LAND-MODELS/4/log_normalized/sz_1E-5/DEADSTEMN_1_192_288.dat.sz.out
  ✓ Compression and decompression successful (ratio: 3.89x)

[25/176] Processing: DENIT_1_192_288.dat
compression time = 0.009656
compressed data file: ../../CESM-LAND-MODELS/4/log_normalized/DENIT_1_192_288.dat.sz
Min=0, Max=1, range=1
Max absolute error = 0.0000099987
Max relative error = 0.000010
Max pw relative error = 6951.656618
PSNR = 113.404847, NRMSE= 2.1367694523073011835E-06
normError = 0.000502, normErr_norm = 0.000003
acEff=1.000000
compressionRatio=14.408442
decompression time = 0.005616 seconds.
decompressed data file: ../../CESM-LAND-MODELS/4/log_normalized/sz_1E-5/DENIT_1_192_288.dat.sz.out
  ✓ Compression and decompression successful (ratio: 14.40x)

[26/176] Processing: DISPVEGC_1_192_288.dat
compression time = 0.013471
compressed data file: ../../CESM-LAND-MODELS/4/log_normalized/DISPVEGC_1_192_288.dat.sz
Min=0, Max=1, range=1
Max absolute error = 0.0000099983
Max relative error = 0.000010
Max pw relative error = 4462.274026
PSNR = 107.605062, NRMSE= 4.1662650351370657457E-06
normError = 0.000980, normErr_norm = 0.000005
acEff=1.000000
compressionRatio=3.014761
decompression time = 0.006994 seconds.
decompressed data file: ../../CESM-LAND-MODELS/4/log_normalized/sz_1E-5/DISPVEGC_1_192_288.dat.sz.out
  ✓ Compression and decompression successful (ratio: 3.01x)

[27/176] Processing: DISPVEGN_1_192_288.dat
compression time = 0.012745
compressed data file: ../../CESM-LAND-MODELS/4/log_normalized/DISPVEGN_1_192_288.dat.sz
Min=0, Max=1, range=1
Max absolute error = 0.0000099987
Max relative error = 0.000010
Max pw relative error = 162.252944
PSNR = 107.593406, NRMSE= 4.1718597910486808551E-06
normError = 0.000981, normErr_norm = 0.000005
acEff=1.000000
compressionRatio=3.740576
decompression time = 0.006680 seconds.
decompressed data file: ../../CESM-LAND-MODELS/4/log_normalized/sz_1E-5/DISPVEGN_1_192_288.dat.sz.out
  ✓ Compression and decompression successful (ratio: 3.74x)

[28/176] Processing: DSTDEP_1_192_288.dat
compression time = 0.012448
compressed data file: ../../CESM-LAND-MODELS/4/log_normalized/DSTDEP_1_192_288.dat.sz
Min=0, Max=1, range=1
Max absolute error = 0.0000099987
Max relative error = 0.000010
Max pw relative error = 0.000010
PSNR = 113.404633, NRMSE= 2.1368220527692333662E-06
normError = 0.000502, normErr_norm = 0.000003
acEff=1.000000
compressionRatio=14.565953
decompression time = 0.005480 seconds.
decompressed data file: ../../CESM-LAND-MODELS/4/log_normalized/sz_1E-5/DSTDEP_1_192_288.dat.sz.out
  ✓ Compression and decompression successful (ratio: 14.56x)

[29/176] Processing: DSTFLXT_1_192_288.dat
compression time = 0.011235
compressed data file: ../../CESM-LAND-MODELS/4/log_normalized/DSTFLXT_1_192_288.dat.sz
Min=0, Max=1, range=1
Max absolute error = 0.0000099987
Max relative error = 0.000010
Max pw relative error = 6528.666180
PSNR = 113.404662, NRMSE= 2.1368148127601675675E-06
normError = 0.000502, normErr_norm = 0.000003
acEff=1.000000
compressionRatio=14.448916
decompression time = 0.006060 seconds.
decompressed data file: ../../CESM-LAND-MODELS/4/log_normalized/sz_1E-5/DSTFLXT_1_192_288.dat.sz.out
  ✓ Compression and decompression successful (ratio: 14.44x)

[30/176] Processing: DWT_CLOSS_1_192_288.dat
compression time = 0.010913
compressed data file: ../../CESM-LAND-MODELS/4/log_normalized/DWT_CLOSS_1_192_288.dat.sz
Min=0, Max=1, range=1
Max absolute error = 0.0000099987
Max relative error = 0.000010
Max pw relative error = 0.000010
PSNR = 113.404633, NRMSE= 2.1368220527692333662E-06
normError = 0.000502, normErr_norm = 0.000003
acEff=1.000000
compressionRatio=14.565953
decompression time = 0.005944 seconds.
decompressed data file: ../../CESM-LAND-MODELS/4/log_normalized/sz_1E-5/DWT_CLOSS_1_192_288.dat.sz.out
  ✓ Compression and decompression successful (ratio: 14.56x)

[31/176] Processing: DWT_CONV_CFLUX_1_192_288.dat
compression time = 0.011585
compressed data file: ../../CESM-LAND-MODELS/4/log_normalized/DWT_CONV_CFLUX_1_192_288.dat.sz
Min=0, Max=1, range=1
Max absolute error = 0.0000099987
Max relative error = 0.000010
Max pw relative error = 0.000010
PSNR = 113.404633, NRMSE= 2.1368220527692333662E-06
normError = 0.000502, normErr_norm = 0.000003
acEff=1.000000
compressionRatio=14.565953
decompression time = 0.006061 seconds.
decompressed data file: ../../CESM-LAND-MODELS/4/log_normalized/sz_1E-5/DWT_CONV_CFLUX_1_192_288.dat.sz.out
  ✓ Compression and decompression successful (ratio: 14.56x)

[32/176] Processing: DWT_CONV_NFLUX_1_192_288.dat
compression time = 0.012465
compressed data file: ../../CESM-LAND-MODELS/4/log_normalized/DWT_CONV_NFLUX_1_192_288.dat.sz
Min=0, Max=1, range=1
Max absolute error = 0.0000099987
Max relative error = 0.000010
Max pw relative error = 0.000010
PSNR = 113.404633, NRMSE= 2.1368220527692333662E-06
normError = 0.000502, normErr_norm = 0.000003
acEff=1.000000
compressionRatio=14.565953
decompression time = 0.005906 seconds.
decompressed data file: ../../CESM-LAND-MODELS/4/log_normalized/sz_1E-5/DWT_CONV_NFLUX_1_192_288.dat.sz.out
  ✓ Compression and decompression successful (ratio: 14.56x)

[33/176] Processing: DWT_NLOSS_1_192_288.dat
compression time = 0.010355
compressed data file: ../../CESM-LAND-MODELS/4/log_normalized/DWT_NLOSS_1_192_288.dat.sz
Min=0, Max=1, range=1
Max absolute error = 0.0000099987
Max relative error = 0.000010
Max pw relative error = 0.000010
PSNR = 113.404633, NRMSE= 2.1368220527692333662E-06
normError = 0.000502, normErr_norm = 0.000003
acEff=1.000000
compressionRatio=14.565953
decompression time = 0.005775 seconds.
decompressed data file: ../../CESM-LAND-MODELS/4/log_normalized/sz_1E-5/DWT_NLOSS_1_192_288.dat.sz.out
  ✓ Compression and decompression successful (ratio: 14.56x)

[34/176] Processing: DWT_PROD100C_GAIN_1_192_288.dat
compression time = 0.011212
compressed data file: ../../CESM-LAND-MODELS/4/log_normalized/DWT_PROD100C_GAIN_1_192_288.dat.sz
Min=0, Max=1, range=1
Max absolute error = 0.0000099987
Max relative error = 0.000010
Max pw relative error = 0.000010
PSNR = 113.404633, NRMSE= 2.1368220527692333662E-06
normError = 0.000502, normErr_norm = 0.000003
acEff=1.000000
compressionRatio=14.565953
decompression time = 0.005695 seconds.
decompressed data file: ../../CESM-LAND-MODELS/4/log_normalized/sz_1E-5/DWT_PROD100C_GAIN_1_192_288.dat.sz.out
  ✓ Compression and decompression successful (ratio: 14.56x)

[35/176] Processing: DWT_PROD100N_GAIN_1_192_288.dat
compression time = 0.010867
compressed data file: ../../CESM-LAND-MODELS/4/log_normalized/DWT_PROD100N_GAIN_1_192_288.dat.sz
Min=0, Max=1, range=1
Max absolute error = 0.0000099987
Max relative error = 0.000010
Max pw relative error = 0.000010
PSNR = 113.404633, NRMSE= 2.1368220527692333662E-06
normError = 0.000502, normErr_norm = 0.000003
acEff=1.000000
compressionRatio=14.565953
decompression time = 0.005637 seconds.
decompressed data file: ../../CESM-LAND-MODELS/4/log_normalized/sz_1E-5/DWT_PROD100N_GAIN_1_192_288.dat.sz.out
  ✓ Compression and decompression successful (ratio: 14.56x)

[36/176] Processing: DWT_PROD10C_GAIN_1_192_288.dat
compression time = 0.010805
compressed data file: ../../CESM-LAND-MODELS/4/log_normalized/DWT_PROD10C_GAIN_1_192_288.dat.sz
Min=0, Max=1, range=1
Max absolute error = 0.0000099987
Max relative error = 0.000010
Max pw relative error = 0.000010
PSNR = 113.404633, NRMSE= 2.1368220527692333662E-06
normError = 0.000502, normErr_norm = 0.000003
acEff=1.000000
compressionRatio=14.565953
decompression time = 0.005925 seconds.
decompressed data file: ../../CESM-LAND-MODELS/4/log_normalized/sz_1E-5/DWT_PROD10C_GAIN_1_192_288.dat.sz.out
  ✓ Compression and decompression successful (ratio: 14.56x)

[37/176] Processing: DWT_PROD10N_GAIN_1_192_288.dat
compression time = 0.011875
compressed data file: ../../CESM-LAND-MODELS/4/log_normalized/DWT_PROD10N_GAIN_1_192_288.dat.sz
Min=0, Max=1, range=1
Max absolute error = 0.0000099987
Max relative error = 0.000010
Max pw relative error = 0.000010
PSNR = 113.404633, NRMSE= 2.1368220527692333662E-06
normError = 0.000502, normErr_norm = 0.000003
acEff=1.000000
compressionRatio=14.565953
decompression time = 0.005935 seconds.
decompressed data file: ../../CESM-LAND-MODELS/4/log_normalized/sz_1E-5/DWT_PROD10N_GAIN_1_192_288.dat.sz.out
  ✓ Compression and decompression successful (ratio: 14.56x)

[38/176] Processing: DWT_SEEDC_TO_DEADSTEM_1_192_288.dat
compression time = 0.011462
compressed data file: ../../CESM-LAND-MODELS/4/log_normalized/DWT_SEEDC_TO_DEADSTEM_1_192_288.dat.sz
Min=0, Max=1, range=1
Max absolute error = 0.0000099987
Max relative error = 0.000010
Max pw relative error = 0.000010
PSNR = 113.404633, NRMSE= 2.1368220527692333662E-06
normError = 0.000502, normErr_norm = 0.000003
acEff=1.000000
compressionRatio=14.565953
decompression time = 0.006014 seconds.
decompressed data file: ../../CESM-LAND-MODELS/4/log_normalized/sz_1E-5/DWT_SEEDC_TO_DEADSTEM_1_192_288.dat.sz.out
  ✓ Compression and decompression successful (ratio: 14.56x)

[39/176] Processing: DWT_SEEDC_TO_LEAF_1_192_288.dat
compression time = 0.011672
compressed data file: ../../CESM-LAND-MODELS/4/log_normalized/DWT_SEEDC_TO_LEAF_1_192_288.dat.sz
Min=0, Max=1, range=1
Max absolute error = 0.0000099987
Max relative error = 0.000010
Max pw relative error = 0.000010
PSNR = 113.404633, NRMSE= 2.1368220527692333662E-06
normError = 0.000502, normErr_norm = 0.000003
acEff=1.000000
compressionRatio=14.565953
decompression time = 0.005721 seconds.
decompressed data file: ../../CESM-LAND-MODELS/4/log_normalized/sz_1E-5/DWT_SEEDC_TO_LEAF_1_192_288.dat.sz.out
  ✓ Compression and decompression successful (ratio: 14.56x)

[40/176] Processing: DWT_SEEDN_TO_DEADSTEM_1_192_288.dat
compression time = 0.011472
compressed data file: ../../CESM-LAND-MODELS/4/log_normalized/DWT_SEEDN_TO_DEADSTEM_1_192_288.dat.sz
Min=0, Max=1, range=1
Max absolute error = 0.0000099987
Max relative error = 0.000010
Max pw relative error = 0.000010
PSNR = 113.404633, NRMSE= 2.1368220527692333662E-06
normError = 0.000502, normErr_norm = 0.000003
acEff=1.000000
compressionRatio=14.565953
decompression time = 0.005382 seconds.
decompressed data file: ../../CESM-LAND-MODELS/4/log_normalized/sz_1E-5/DWT_SEEDN_TO_DEADSTEM_1_192_288.dat.sz.out
  ✓ Compression and decompression successful (ratio: 14.56x)

[41/176] Processing: DWT_SEEDN_TO_LEAF_1_192_288.dat
compression time = 0.011668
compressed data file: ../../CESM-LAND-MODELS/4/log_normalized/DWT_SEEDN_TO_LEAF_1_192_288.dat.sz
Min=0, Max=1, range=1
Max absolute error = 0.0000099987
Max relative error = 0.000010
Max pw relative error = 0.000010
PSNR = 113.404633, NRMSE= 2.1368220527692333662E-06
normError = 0.000502, normErr_norm = 0.000003
acEff=1.000000
compressionRatio=14.565953
decompression time = 0.006023 seconds.
decompressed data file: ../../CESM-LAND-MODELS/4/log_normalized/sz_1E-5/DWT_SEEDN_TO_LEAF_1_192_288.dat.sz.out
  ✓ Compression and decompression successful (ratio: 14.56x)

[42/176] Processing: EFLX_DYNBAL_1_192_288.dat
compression time = 0.011735
compressed data file: ../../CESM-LAND-MODELS/4/log_normalized/EFLX_DYNBAL_1_192_288.dat.sz
Min=0, Max=1, range=1
Max absolute error = 0.0000099987
Max relative error = 0.000010
Max pw relative error = 0.000010
PSNR = 113.404633, NRMSE= 2.1368220527692333662E-06
normError = 0.000502, normErr_norm = 0.000003
acEff=1.000000
compressionRatio=14.565953
decompression time = 0.005897 seconds.
decompressed data file: ../../CESM-LAND-MODELS/4/log_normalized/sz_1E-5/EFLX_DYNBAL_1_192_288.dat.sz.out
  ✓ Compression and decompression successful (ratio: 14.56x)

[43/176] Processing: EFLX_LH_TOT_R_1_192_288.dat
compression time = 0.011758
compressed data file: ../../CESM-LAND-MODELS/4/log_normalized/EFLX_LH_TOT_R_1_192_288.dat.sz
Min=0, Max=1, range=1
Max absolute error = 0.0000099987
Max relative error = 0.000010
Max pw relative error = 0.000638
PSNR = 107.623479, NRMSE= 4.1574404588590593431E-06
normError = 0.000978, normErr_norm = 0.000005
acEff=1.000000
compressionRatio=4.177303
decompression time = 0.006168 seconds.
decompressed data file: ../../CESM-LAND-MODELS/4/log_normalized/sz_1E-5/EFLX_LH_TOT_R_1_192_288.dat.sz.out
  ✓ Compression and decompression successful (ratio: 4.17x)

[44/176] Processing: EFLX_LH_TOT_U_1_192_288.dat
compression time = 0.015890
compressed data file: ../../CESM-LAND-MODELS/4/log_normalized/EFLX_LH_TOT_U_1_192_288.dat.sz
Min=0, Max=1, range=1
Max absolute error = 0.0000099987
Max relative error = 0.000010
Max pw relative error = 0.010126
PSNR = 108.293185, NRMSE= 3.8489365011964445825E-06
normError = 0.000905, normErr_norm = 0.000004
acEff=1.000000
compressionRatio=2.273170
decompression time = 0.006399 seconds.
decompressed data file: ../../CESM-LAND-MODELS/4/log_normalized/sz_1E-5/EFLX_LH_TOT_U_1_192_288.dat.sz.out
  ✓ Compression and decompression successful (ratio: 2.27x)

[45/176] Processing: ELAI_1_192_288.dat
compression time = 0.012375
compressed data file: ../../CESM-LAND-MODELS/4/log_normalized/ELAI_1_192_288.dat.sz
Min=0, Max=1, range=1
Max absolute error = 0.0000099994
Max relative error = 0.000010
Max pw relative error = 6157.210704
PSNR = 107.600334, NRMSE= 4.1685333476101457147E-06
normError = 0.000980, normErr_norm = 0.000005
acEff=1.000000
compressionRatio=4.148704
decompression time = 0.008187 seconds.
decompressed data file: ../../CESM-LAND-MODELS/4/log_normalized/sz_1E-5/ELAI_1_192_288.dat.sz.out
  ✓ Compression and decompression successful (ratio: 4.14x)

[46/176] Processing: ER_1_192_288.dat
compression time = 0.012422
compressed data file: ../../CESM-LAND-MODELS/4/log_normalized/ER_1_192_288.dat.sz
Min=0, Max=1, range=1
Max absolute error = 0.0000099927
Max relative error = 0.000010
Max pw relative error = 6945.131268
PSNR = 110.478780, NRMSE= 2.9926848571715645888E-06
normError = 0.000704, normErr_norm = 0.000004
acEff=1.000000
compressionRatio=11.253320
decompression time = 0.006463 seconds.
decompressed data file: ../../CESM-LAND-MODELS/4/log_normalized/sz_1E-5/ER_1_192_288.dat.sz.out
  ✓ Compression and decompression successful (ratio: 11.25x)

[47/176] Processing: ERRH2O_1_192_288.dat
compression time = 0.011207
compressed data file: ../../CESM-LAND-MODELS/4/log_normalized/ERRH2O_1_192_288.dat.sz
Min=0, Max=1, range=1
Max absolute error = 0.0000099987
Max relative error = 0.000010
Max pw relative error = 0.000010
PSNR = 113.404633, NRMSE= 2.1368220527692333662E-06
normError = 0.000502, normErr_norm = 0.000003
acEff=1.000000
compressionRatio=14.565953
decompression time = 0.006049 seconds.
decompressed data file: ../../CESM-LAND-MODELS/4/log_normalized/sz_1E-5/ERRH2O_1_192_288.dat.sz.out
  ✓ Compression and decompression successful (ratio: 14.56x)

[48/176] Processing: ERRSEB_1_192_288.dat
compression time = 0.011666
compressed data file: ../../CESM-LAND-MODELS/4/log_normalized/ERRSEB_1_192_288.dat.sz
Min=0, Max=1, range=1
Max absolute error = 0.0000099987
Max relative error = 0.000010
Max pw relative error = 0.000010
PSNR = 113.404633, NRMSE= 2.1368220527692333662E-06
normError = 0.000502, normErr_norm = 0.000003
acEff=1.000000
compressionRatio=14.565953
decompression time = 0.005364 seconds.
decompressed data file: ../../CESM-LAND-MODELS/4/log_normalized/sz_1E-5/ERRSEB_1_192_288.dat.sz.out
  ✓ Compression and decompression successful (ratio: 14.56x)

[49/176] Processing: ERRSOI_1_192_288.dat
compression time = 0.011132
compressed data file: ../../CESM-LAND-MODELS/4/log_normalized/ERRSOI_1_192_288.dat.sz
Min=0, Max=1, range=1
Max absolute error = 0.0000099987
Max relative error = 0.000010
Max pw relative error = 0.000010
PSNR = 113.404633, NRMSE= 2.1368220527692333662E-06
normError = 0.000502, normErr_norm = 0.000003
acEff=1.000000
compressionRatio=14.565953
decompression time = 0.005410 seconds.
decompressed data file: ../../CESM-LAND-MODELS/4/log_normalized/sz_1E-5/ERRSOI_1_192_288.dat.sz.out
  ✓ Compression and decompression successful (ratio: 14.56x)

[50/176] Processing: ERRSOL_1_192_288.dat
compression time = 0.011899
compressed data file: ../../CESM-LAND-MODELS/4/log_normalized/ERRSOL_1_192_288.dat.sz
Min=0, Max=1, range=1
Max absolute error = 0.0000099987
Max relative error = 0.000010
Max pw relative error = 0.000010
PSNR = 113.404633, NRMSE= 2.1368220527692333662E-06
normError = 0.000502, normErr_norm = 0.000003
acEff=1.000000
compressionRatio=14.565953
decompression time = 0.005789 seconds.
decompressed data file: ../../CESM-LAND-MODELS/4/log_normalized/sz_1E-5/ERRSOL_1_192_288.dat.sz.out
  ✓ Compression and decompression successful (ratio: 14.56x)

[51/176] Processing: ESAI_1_192_288.dat
compression time = 0.011539
compressed data file: ../../CESM-LAND-MODELS/4/log_normalized/ESAI_1_192_288.dat.sz
Min=0, Max=1, range=1
Max absolute error = 0.0000099996
Max relative error = 0.000010
Max pw relative error = 1527.800385
PSNR = 107.596853, NRMSE= 4.1702044708933485188E-06
normError = 0.000981, normErr_norm = 0.000005
acEff=1.000000
compressionRatio=4.400621
decompression time = 0.006953 seconds.
decompressed data file: ../../CESM-LAND-MODELS/4/log_normalized/sz_1E-5/ESAI_1_192_288.dat.sz.out
  ✓ Compression and decompression successful (ratio: 4.40x)

[52/176] Processing: FCEV_1_192_288.dat
compression time = 0.011410
compressed data file: ../../CESM-LAND-MODELS/4/log_normalized/FCEV_1_192_288.dat.sz
Min=0, Max=1, range=1
Max absolute error = 0.0000099987
Max relative error = 0.000010
Max pw relative error = 0.003688
PSNR = 107.598264, NRMSE= 4.1695269682437447956E-06
normError = 0.000980, normErr_norm = 0.000005
acEff=1.000000
compressionRatio=4.483944
decompression time = 0.006566 seconds.
decompressed data file: ../../CESM-LAND-MODELS/4/log_normalized/sz_1E-5/FCEV_1_192_288.dat.sz.out
  ✓ Compression and decompression successful (ratio: 4.48x)

[53/176] Processing: FCOV_1_192_288.dat
compression time = 0.012512
compressed data file: ../../CESM-LAND-MODELS/4/log_normalized/FCOV_1_192_288.dat.sz
Min=0, Max=1, range=1
Max absolute error = 0.0000099997
Max relative error = 0.000010
Max pw relative error = 3390.172754
PSNR = 107.541958, NRMSE= 4.196643904956685383E-06
normError = 0.000987, normErr_norm = 0.000005
acEff=1.000000
compressionRatio=4.947302
decompression time = 0.006516 seconds.
decompressed data file: ../../CESM-LAND-MODELS/4/log_normalized/sz_1E-5/FCOV_1_192_288.dat.sz.out
  ✓ Compression and decompression successful (ratio: 4.94x)

[54/176] Processing: FCTR_1_192_288.dat
compression time = 0.012031
compressed data file: ../../CESM-LAND-MODELS/4/log_normalized/FCTR_1_192_288.dat.sz
Min=0, Max=1, range=1
Max absolute error = 0.0000099987
Max relative error = 0.000010
Max pw relative error = 6881.195736
PSNR = 107.684493, NRMSE= 4.1283388314595813055E-06
normError = 0.000971, normErr_norm = 0.000005
acEff=1.000000
compressionRatio=4.095697
decompression time = 0.006537 seconds.
decompressed data file: ../../CESM-LAND-MODELS/4/log_normalized/sz_1E-5/FCTR_1_192_288.dat.sz.out
  ✓ Compression and decompression successful (ratio: 4.09x)

[55/176] Processing: FGEV_1_192_288.dat
compression time = 0.012205
compressed data file: ../../CESM-LAND-MODELS/4/log_normalized/FGEV_1_192_288.dat.sz
Min=0, Max=1, range=1
Max absolute error = 0.0000099987
Max relative error = 0.000010
Max pw relative error = 0.002079
PSNR = 106.418603, NRMSE= 4.7760606467239773447E-06
normError = 0.001123, normErr_norm = 0.000006
acEff=1.000000
compressionRatio=3.415811
decompression time = 0.008090 seconds.
decompressed data file: ../../CESM-LAND-MODELS/4/log_normalized/sz_1E-5/FGEV_1_192_288.dat.sz.out
  ✓ Compression and decompression successful (ratio: 3.41x)

[56/176] Processing: FGR_1_192_288.dat
compression time = 0.012364
compressed data file: ../../CESM-LAND-MODELS/4/log_normalized/FGR_1_192_288.dat.sz
Min=0, Max=1, range=1
Max absolute error = 0.0000099987
Max relative error = 0.000010
Max pw relative error = 0.000284
PSNR = 106.345764, NRMSE= 4.8162809101632295464E-06
normError = 0.001133, normErr_norm = 0.000006
acEff=1.000000
compressionRatio=4.495062
decompression time = 0.006038 seconds.
decompressed data file: ../../CESM-LAND-MODELS/4/log_normalized/sz_1E-5/FGR_1_192_288.dat.sz.out
  ✓ Compression and decompression successful (ratio: 4.49x)

[57/176] Processing: FGR12_1_192_288.dat
compression time = 0.012087
compressed data file: ../../CESM-LAND-MODELS/4/log_normalized/FGR12_1_192_288.dat.sz
Min=0, Max=1, range=1
Max absolute error = 0.0000099987
Max relative error = 0.000010
Max pw relative error = 0.000433
PSNR = 106.424275, NRMSE= 4.7729428076296415514E-06
normError = 0.001122, normErr_norm = 0.000006
acEff=1.000000
compressionRatio=4.226634
decompression time = 0.006370 seconds.
decompressed data file: ../../CESM-LAND-MODELS/4/log_normalized/sz_1E-5/FGR12_1_192_288.dat.sz.out
  ✓ Compression and decompression successful (ratio: 4.22x)

[58/176] Processing: FGR_R_1_192_288.dat
compression time = 0.011784
compressed data file: ../../CESM-LAND-MODELS/4/log_normalized/FGR_R_1_192_288.dat.sz
Min=0, Max=1, range=1
Max absolute error = 0.0000099987
Max relative error = 0.000010
Max pw relative error = 0.000418
PSNR = 107.579365, NRMSE= 4.1786091817349301026E-06
normError = 0.000983, normErr_norm = 0.000005
acEff=1.000000
compressionRatio=4.847656
decompression time = 0.006451 seconds.
decompressed data file: ../../CESM-LAND-MODELS/4/log_normalized/sz_1E-5/FGR_R_1_192_288.dat.sz.out
  ✓ Compression and decompression successful (ratio: 4.84x)

[59/176] Processing: FGR_U_1_192_288.dat
compression time = 0.017459
compressed data file: ../../CESM-LAND-MODELS/4/log_normalized/FGR_U_1_192_288.dat.sz
Min=0, Max=1, range=1
Max absolute error = 0.0000099987
Max relative error = 0.000010
Max pw relative error = 0.000169
PSNR = 108.361714, NRMSE= 3.8186889600904886787E-06
normError = 0.000898, normErr_norm = 0.000004
acEff=1.000000
compressionRatio=2.452749
decompression time = 0.007108 seconds.
decompressed data file: ../../CESM-LAND-MODELS/4/log_normalized/sz_1E-5/FGR_U_1_192_288.dat.sz.out
  ✓ Compression and decompression successful (ratio: 2.45x)

[60/176] Processing: FIRA_1_192_288.dat
compression time = 0.011289
compressed data file: ../../CESM-LAND-MODELS/4/log_normalized/FIRA_1_192_288.dat.sz
Min=0, Max=1, range=1
Max absolute error = 0.0000099987
Max relative error = 0.000010
Max pw relative error = 0.000561
PSNR = 106.278083, NRMSE= 4.8539562277288627001E-06
normError = 0.001141, normErr_norm = 0.000006
acEff=1.000000
compressionRatio=3.764642
decompression time = 0.006533 seconds.
decompressed data file: ../../CESM-LAND-MODELS/4/log_normalized/sz_1E-5/FIRA_1_192_288.dat.sz.out
  ✓ Compression and decompression successful (ratio: 3.76x)

[61/176] Processing: FIRA_R_1_192_288.dat
compression time = 0.015503
compressed data file: ../../CESM-LAND-MODELS/4/log_normalized/FIRA_R_1_192_288.dat.sz
Min=0, Max=1, range=1
Max absolute error = 0.0000099987
Max relative error = 0.000010
Max pw relative error = 0.000666
PSNR = 107.647444, NRMSE= 4.1459858554593068206E-06
normError = 0.000975, normErr_norm = 0.000005
acEff=1.000000
compressionRatio=4.349906
decompression time = 0.008261 seconds.
decompressed data file: ../../CESM-LAND-MODELS/4/log_normalized/sz_1E-5/FIRA_R_1_192_288.dat.sz.out
  ✓ Compression and decompression successful (ratio: 4.34x)

[62/176] Processing: FIRA_U_1_192_288.dat
compression time = 0.021225
compressed data file: ../../CESM-LAND-MODELS/4/log_normalized/FIRA_U_1_192_288.dat.sz
Min=0, Max=1, range=1
Max absolute error = 0.0000099912
Max relative error = 0.000010
Max pw relative error = 0.001023
PSNR = 108.373431, NRMSE= 3.8135410754277986713E-06
normError = 0.000897, normErr_norm = 0.000004
acEff=1.000000
compressionRatio=2.344839
decompression time = 0.010113 seconds.
decompressed data file: ../../CESM-LAND-MODELS/4/log_normalized/sz_1E-5/FIRA_U_1_192_288.dat.sz.out
  ✓ Compression and decompression successful (ratio: 2.34x)

[63/176] Processing: FIRE_1_192_288.dat
compression time = 0.016356
compressed data file: ../../CESM-LAND-MODELS/4/log_normalized/FIRE_1_192_288.dat.sz
Min=0, Max=1, range=1
Max absolute error = 0.0000099987
Max relative error = 0.000010
Max pw relative error = 0.003582
PSNR = 106.325747, NRMSE= 4.8273929762161573812E-06
normError = 0.001135, normErr_norm = 0.000006
acEff=1.000000
compressionRatio=4.091681
decompression time = 0.007428 seconds.
decompressed data file: ../../CESM-LAND-MODELS/4/log_normalized/sz_1E-5/FIRE_1_192_288.dat.sz.out
  ✓ Compression and decompression successful (ratio: 4.09x)

[64/176] Processing: FIRESEASONL_1_192_288.dat
compression time = 0.017351
compressed data file: ../../CESM-LAND-MODELS/4/log_normalized/FIRESEASONL_1_192_288.dat.sz
Min=0, Max=1, range=1
Max absolute error = 0.0000099987
Max relative error = 0.000010
Max pw relative error = 6920.571716
PSNR = 107.561614, NRMSE= 4.1871575504819675444E-06
normError = 0.000985, normErr_norm = 0.000005
acEff=1.000000
compressionRatio=3.204822
decompression time = 0.007287 seconds.
decompressed data file: ../../CESM-LAND-MODELS/4/log_normalized/sz_1E-5/FIRESEASONL_1_192_288.dat.sz.out
  ✓ Compression and decompression successful (ratio: 3.20x)

[65/176] Processing: FLDS_1_192_288.dat
compression time = 0.013365
compressed data file: ../../CESM-LAND-MODELS/4/log_normalized/FLDS_1_192_288.dat.sz
Min=0, Max=1, range=1
Max absolute error = 0.0000099987
Max relative error = 0.000010
Max pw relative error = 0.037664
PSNR = 106.367877, NRMSE= 4.804034629215721737E-06
normError = 0.001130, normErr_norm = 0.000006
acEff=1.000000
compressionRatio=4.144428
decompression time = 0.007064 seconds.
decompressed data file: ../../CESM-LAND-MODELS/4/log_normalized/sz_1E-5/FLDS_1_192_288.dat.sz.out
  ✓ Compression and decompression successful (ratio: 4.14x)

[66/176] Processing: FLUXFM2A_1_192_288.dat
compression time = 0.011153
compressed data file: ../../CESM-LAND-MODELS/4/log_normalized/FLUXFM2A_1_192_288.dat.sz
Min=0, Max=1, range=1
Max absolute error = 0.0000099987
Max relative error = 0.000010
Max pw relative error = 0.000010
PSNR = 113.404633, NRMSE= 2.1368220527692333662E-06
normError = 0.000502, normErr_norm = 0.000003
acEff=1.000000
compressionRatio=14.565953
decompression time = 0.005682 seconds.
decompressed data file: ../../CESM-LAND-MODELS/4/log_normalized/sz_1E-5/FLUXFM2A_1_192_288.dat.sz.out
  ✓ Compression and decompression successful (ratio: 14.56x)

[67/176] Processing: FLUXFMLND_1_192_288.dat
compression time = 0.011592
compressed data file: ../../CESM-LAND-MODELS/4/log_normalized/FLUXFMLND_1_192_288.dat.sz
Min=0, Max=1, range=1
Max absolute error = 0.0000099987
Max relative error = 0.000010
Max pw relative error = 0.000010
PSNR = 113.404633, NRMSE= 2.1368220527692333662E-06
normError = 0.000502, normErr_norm = 0.000003
acEff=1.000000
compressionRatio=14.565953
decompression time = 0.005690 seconds.
decompressed data file: ../../CESM-LAND-MODELS/4/log_normalized/sz_1E-5/FLUXFMLND_1_192_288.dat.sz.out
  ✓ Compression and decompression successful (ratio: 14.56x)

[68/176] Processing: FPG_1_192_288.dat
compression time = 0.011900
compressed data file: ../../CESM-LAND-MODELS/4/log_normalized/FPG_1_192_288.dat.sz
Min=0, Max=1, range=1
Max absolute error = 0.0000099993
Max relative error = 0.000010
Max pw relative error = 0.118693
PSNR = 107.785085, NRMSE= 4.0808042342163396987E-06
normError = 0.000960, normErr_norm = 0.000005
acEff=1.000000
compressionRatio=6.537909
decompression time = 0.006027 seconds.
decompressed data file: ../../CESM-LAND-MODELS/4/log_normalized/sz_1E-5/FPG_1_192_288.dat.sz.out
  ✓ Compression and decompression successful (ratio: 6.53x)

[69/176] Processing: FPI_1_192_288.dat
compression time = 0.011745
compressed data file: ../../CESM-LAND-MODELS/4/log_normalized/FPI_1_192_288.dat.sz
Min=0, Max=1, range=1
Max absolute error = 0.0000099996
Max relative error = 0.000010
Max pw relative error = 0.222333
PSNR = 107.703451, NRMSE= 4.1193382190827969785E-06
normError = 0.000969, normErr_norm = 0.000005
acEff=1.000000
compressionRatio=5.218942
decompression time = 0.006573 seconds.
decompressed data file: ../../CESM-LAND-MODELS/4/log_normalized/sz_1E-5/FPI_1_192_288.dat.sz.out
  ✓ Compression and decompression successful (ratio: 5.21x)

[70/176] Processing: FPSN_1_192_288.dat
compression time = 0.012126
compressed data file: ../../CESM-LAND-MODELS/4/log_normalized/FPSN_1_192_288.dat.sz
Min=0, Max=1, range=1
Max absolute error = 0.0000099987
Max relative error = 0.000010
Max pw relative error = 6713.339034
PSNR = 107.696934, NRMSE= 4.1224301009475182011E-06
normError = 0.000969, normErr_norm = 0.000005
acEff=1.000000
compressionRatio=4.428019
decompression time = 0.006544 seconds.
decompressed data file: ../../CESM-LAND-MODELS/4/log_normalized/sz_1E-5/FPSN_1_192_288.dat.sz.out
  ✓ Compression and decompression successful (ratio: 4.42x)

[71/176] Processing: FROOTC_1_192_288.dat
compression time = 0.012960
compressed data file: ../../CESM-LAND-MODELS/4/log_normalized/FROOTC_1_192_288.dat.sz
Min=0, Max=1, range=1
Max absolute error = 0.0000099987
Max relative error = 0.000010
Max pw relative error = 498.358722
PSNR = 107.625399, NRMSE= 4.1565219141292280186E-06
normError = 0.000977, normErr_norm = 0.000005
acEff=1.000000
compressionRatio=3.422947
decompression time = 0.006735 seconds.
decompressed data file: ../../CESM-LAND-MODELS/4/log_normalized/sz_1E-5/FROOTC_1_192_288.dat.sz.out
  ✓ Compression and decompression successful (ratio: 3.42x)

[72/176] Processing: FROOTC_ALLOC_1_192_288.dat
compression time = 0.011623
compressed data file: ../../CESM-LAND-MODELS/4/log_normalized/FROOTC_ALLOC_1_192_288.dat.sz
Min=0, Max=1, range=1
Max absolute error = 0.0000099987
Max relative error = 0.000010
Max pw relative error = 6943.131544
PSNR = 110.741870, NRMSE= 2.9033974224116607492E-06
normError = 0.000683, normErr_norm = 0.000004
acEff=1.000000
compressionRatio=12.752768
decompression time = 0.005574 seconds.
decompressed data file: ../../CESM-LAND-MODELS/4/log_normalized/sz_1E-5/FROOTC_ALLOC_1_192_288.dat.sz.out
  ✓ Compression and decompression successful (ratio: 12.75x)

[73/176] Processing: FROOTC_LOSS_1_192_288.dat
compression time = 0.009967
compressed data file: ../../CESM-LAND-MODELS/4/log_normalized/FROOTC_LOSS_1_192_288.dat.sz
Min=0, Max=1, range=1
Max absolute error = 0.0000099957
Max relative error = 0.000010
Max pw relative error = 6945.131268
PSNR = 111.812475, NRMSE= 2.5667066426556412809E-06
normError = 0.000604, normErr_norm = 0.000003
acEff=1.000000
compressionRatio=12.397511
decompression time = 0.005847 seconds.
decompressed data file: ../../CESM-LAND-MODELS/4/log_normalized/sz_1E-5/FROOTC_LOSS_1_192_288.dat.sz.out
  ✓ Compression and decompression successful (ratio: 12.39x)

[74/176] Processing: FROOTN_1_192_288.dat
compression time = 0.011613
compressed data file: ../../CESM-LAND-MODELS/4/log_normalized/FROOTN_1_192_288.dat.sz
Min=0, Max=1, range=1
Max absolute error = 0.0000099996
Max relative error = 0.000010
Max pw relative error = 2390.311509
PSNR = 107.577117, NRMSE= 4.1796909583243005415E-06
normError = 0.000983, normErr_norm = 0.000005
acEff=1.000000
compressionRatio=4.051063
decompression time = 0.006702 seconds.
decompressed data file: ../../CESM-LAND-MODELS/4/log_normalized/sz_1E-5/FROOTN_1_192_288.dat.sz.out
  ✓ Compression and decompression successful (ratio: 4.05x)

[75/176] Processing: FSA_1_192_288.dat
compression time = 0.012159
compressed data file: ../../CESM-LAND-MODELS/4/log_normalized/FSA_1_192_288.dat.sz
Min=0, Max=1, range=1
Max absolute error = 0.0000099987
Max relative error = 0.000010
Max pw relative error = 170.729221
PSNR = 106.398267, NRMSE= 4.7872561065944423329E-06
normError = 0.001126, normErr_norm = 0.000006
acEff=1.000000
compressionRatio=4.112144
decompression time = 0.006877 seconds.
decompressed data file: ../../CESM-LAND-MODELS/4/log_normalized/sz_1E-5/FSA_1_192_288.dat.sz.out
  ✓ Compression and decompression successful (ratio: 4.11x)

[76/176] Processing: FSA_R_1_192_288.dat
compression time = 0.011951
compressed data file: ../../CESM-LAND-MODELS/4/log_normalized/FSA_R_1_192_288.dat.sz
Min=0, Max=1, range=1
Max absolute error = 0.0000099987
Max relative error = 0.000010
Max pw relative error = 101.177551
PSNR = 107.645278, NRMSE= 4.1470195952372974381E-06
normError = 0.000975, normErr_norm = 0.000005
acEff=1.000000
compressionRatio=4.841396
decompression time = 0.007059 seconds.
decompressed data file: ../../CESM-LAND-MODELS/4/log_normalized/sz_1E-5/FSA_R_1_192_288.dat.sz.out
  ✓ Compression and decompression successful (ratio: 4.84x)

[77/176] Processing: FSAT_1_192_288.dat
compression time = 0.013014
compressed data file: ../../CESM-LAND-MODELS/4/log_normalized/FSAT_1_192_288.dat.sz
Min=0, Max=1, range=1
Max absolute error = 0.0000099995
Max relative error = 0.000010
Max pw relative error = 563.982488
PSNR = 107.592426, NRMSE= 4.1723304981174175529E-06
normError = 0.000981, normErr_norm = 0.000005
acEff=1.000000
compressionRatio=5.482315
decompression time = 0.006526 seconds.
decompressed data file: ../../CESM-LAND-MODELS/4/log_normalized/sz_1E-5/FSAT_1_192_288.dat.sz.out
  ✓ Compression and decompression successful (ratio: 5.48x)

[78/176] Processing: FSA_U_1_192_288.dat
compression time = 0.015844
compressed data file: ../../CESM-LAND-MODELS/4/log_normalized/FSA_U_1_192_288.dat.sz
Min=0, Max=1, range=1
Max absolute error = 0.0000099987
Max relative error = 0.000010
Max pw relative error = 0.051071
PSNR = 108.342770, NRMSE= 3.8270267539482007743E-06
normError = 0.000900, normErr_norm = 0.000004
acEff=1.000000
compressionRatio=2.364719
decompression time = 0.007651 seconds.
decompressed data file: ../../CESM-LAND-MODELS/4/log_normalized/sz_1E-5/FSA_U_1_192_288.dat.sz.out
  ✓ Compression and decompression successful (ratio: 2.36x)

[79/176] Processing: FSDS_1_192_288.dat
compression time = 0.013037
compressed data file: ../../CESM-LAND-MODELS/4/log_normalized/FSDS_1_192_288.dat.sz
Min=0, Max=1, range=1
Max absolute error = 0.0000099987
Max relative error = 0.000010
Max pw relative error = 33.008163
PSNR = 106.421984, NRMSE= 4.7742020197864097207E-06
normError = 0.001123, normErr_norm = 0.000006
acEff=1.000000
compressionRatio=4.567747
decompression time = 0.006700 seconds.
decompressed data file: ../../CESM-LAND-MODELS/4/log_normalized/sz_1E-5/FSDS_1_192_288.dat.sz.out
  ✓ Compression and decompression successful (ratio: 4.56x)

[80/176] Processing: FSDSND_1_192_288.dat
compression time = 0.011991
compressed data file: ../../CESM-LAND-MODELS/4/log_normalized/FSDSND_1_192_288.dat.sz
Min=0, Max=1, range=1
Max absolute error = 0.0000099991
Max relative error = 0.000010
Max pw relative error = 29.992870
PSNR = 106.305611, NRMSE= 4.8385972028332851236E-06
normError = 0.001138, normErr_norm = 0.000006
acEff=1.000000
compressionRatio=4.264199
decompression time = 0.007350 seconds.
decompressed data file: ../../CESM-LAND-MODELS/4/log_normalized/sz_1E-5/FSDSND_1_192_288.dat.sz.out
  ✓ Compression and decompression successful (ratio: 4.26x)

[81/176] Processing: FSDSNDLN_1_192_288.dat
compression time = 0.013170
compressed data file: ../../CESM-LAND-MODELS/4/log_normalized/FSDSNDLN_1_192_288.dat.sz
Min=0, Max=1, range=1
Max absolute error = 0.0000099987
Max relative error = 0.000010
Max pw relative error = 2224.865739
PSNR = 106.256315, NRMSE= 4.8661361169071435097E-06
normError = 0.001144, normErr_norm = 0.000006
acEff=1.000000
compressionRatio=4.171079
decompression time = 0.007248 seconds.
decompressed data file: ../../CESM-LAND-MODELS/4/log_normalized/sz_1E-5/FSDSNDLN_1_192_288.dat.sz.out
  ✓ Compression and decompression successful (ratio: 4.17x)

[82/176] Processing: FSDSNI_1_192_288.dat
compression time = 0.010178
compressed data file: ../../CESM-LAND-MODELS/4/log_normalized/FSDSNI_1_192_288.dat.sz
Min=0, Max=1, range=1
Max absolute error = 0.0000099987
Max relative error = 0.000010
Max pw relative error = 54.717257
PSNR = 106.389440, NRMSE= 4.7921235764420175868E-06
normError = 0.001127, normErr_norm = 0.000006
acEff=1.000000
compressionRatio=4.114133
decompression time = 0.007410 seconds.
decompressed data file: ../../CESM-LAND-MODELS/4/log_normalized/sz_1E-5/FSDSNI_1_192_288.dat.sz.out
  ✓ Compression and decompression successful (ratio: 4.11x)

[83/176] Processing: FSDSVD_1_192_288.dat
compression time = 0.012666
compressed data file: ../../CESM-LAND-MODELS/4/log_normalized/FSDSVD_1_192_288.dat.sz
Min=0, Max=1, range=1
Max absolute error = 0.0000099987
Max relative error = 0.000010
Max pw relative error = 1868.627477
PSNR = 106.374763, NRMSE= 4.8002276649467183361E-06
normError = 0.001129, normErr_norm = 0.000006
acEff=1.000000
compressionRatio=4.348794
decompression time = 0.006726 seconds.
decompressed data file: ../../CESM-LAND-MODELS/4/log_normalized/sz_1E-5/FSDSVD_1_192_288.dat.sz.out
  ✓ Compression and decompression successful (ratio: 4.34x)

[84/176] Processing: FSDSVDLN_1_192_288.dat
compression time = 0.012038
compressed data file: ../../CESM-LAND-MODELS/4/log_normalized/FSDSVDLN_1_192_288.dat.sz
Min=0, Max=1, range=1
Max absolute error = 0.0000099987
Max relative error = 0.000010
Max pw relative error = 514.779364
PSNR = 106.480656, NRMSE= 4.7420618114859380883E-06
normError = 0.001115, normErr_norm = 0.000006
acEff=1.000000
compressionRatio=4.244152
decompression time = 0.006229 seconds.
decompressed data file: ../../CESM-LAND-MODELS/4/log_normalized/sz_1E-5/FSDSVDLN_1_192_288.dat.sz.out
  ✓ Compression and decompression successful (ratio: 4.24x)

[85/176] Processing: FSDSVI_1_192_288.dat
compression time = 0.011838
compressed data file: ../../CESM-LAND-MODELS/4/log_normalized/FSDSVI_1_192_288.dat.sz
Min=0, Max=1, range=1
Max absolute error = 0.0000099987
Max relative error = 0.000010
Max pw relative error = 158.310474
PSNR = 106.514425, NRMSE= 4.7236611675868308169E-06
normError = 0.001111, normErr_norm = 0.000006
acEff=1.000000
compressionRatio=4.363981
decompression time = 0.006067 seconds.
decompressed data file: ../../CESM-LAND-MODELS/4/log_normalized/sz_1E-5/FSDSVI_1_192_288.dat.sz.out
  ✓ Compression and decompression successful (ratio: 4.36x)

[86/176] Processing: FSH_1_192_288.dat
compression time = 0.011986
compressed data file: ../../CESM-LAND-MODELS/4/log_normalized/FSH_1_192_288.dat.sz
Min=0, Max=1, range=1
Max absolute error = 0.0000099987
Max relative error = 0.000010
Max pw relative error = 0.000873
PSNR = 106.417866, NRMSE= 4.7764661856723294106E-06
normError = 0.001123, normErr_norm = 0.000006
acEff=1.000000
compressionRatio=4.020358
decompression time = 0.006840 seconds.
decompressed data file: ../../CESM-LAND-MODELS/4/log_normalized/sz_1E-5/FSH_1_192_288.dat.sz.out
  ✓ Compression and decompression successful (ratio: 4.02x)

[87/176] Processing: FSH_G_1_192_288.dat
compression time = 0.011750
compressed data file: ../../CESM-LAND-MODELS/4/log_normalized/FSH_G_1_192_288.dat.sz
Min=0, Max=1, range=1
Max absolute error = 0.0000099987
Max relative error = 0.000010
Max pw relative error = 0.000321
PSNR = 106.346538, NRMSE= 4.8158516116972256826E-06
normError = 0.001132, normErr_norm = 0.000006
acEff=1.000000
compressionRatio=4.129803
decompression time = 0.006468 seconds.
decompressed data file: ../../CESM-LAND-MODELS/4/log_normalized/sz_1E-5/FSH_G_1_192_288.dat.sz.out
  ✓ Compression and decompression successful (ratio: 4.12x)

[88/176] Processing: FSH_NODYNLNDUSE_1_192_288.dat
compression time = 0.010978
compressed data file: ../../CESM-LAND-MODELS/4/log_normalized/FSH_NODYNLNDUSE_1_192_288.dat.sz
Min=0, Max=1, range=1
Max absolute error = 0.0000099987
Max relative error = 0.000010
Max pw relative error = 0.000873
PSNR = 106.417866, NRMSE= 4.7764661856723294106E-06
normError = 0.001123, normErr_norm = 0.000006
acEff=1.000000
compressionRatio=4.020358
decompression time = 0.006539 seconds.
decompressed data file: ../../CESM-LAND-MODELS/4/log_normalized/sz_1E-5/FSH_NODYNLNDUSE_1_192_288.dat.sz.out
  ✓ Compression and decompression successful (ratio: 4.02x)

[89/176] Processing: FSH_R_1_192_288.dat
compression time = 0.010895
compressed data file: ../../CESM-LAND-MODELS/4/log_normalized/FSH_R_1_192_288.dat.sz
Min=0, Max=1, range=1
Max absolute error = 0.0000099987
Max relative error = 0.000010
Max pw relative error = 0.000315
PSNR = 107.664947, NRMSE= 4.1376396600894554362E-06
normError = 0.000973, normErr_norm = 0.000005
acEff=1.000000
compressionRatio=4.689579
decompression time = 0.006099 seconds.
decompressed data file: ../../CESM-LAND-MODELS/4/log_normalized/sz_1E-5/FSH_R_1_192_288.dat.sz.out
  ✓ Compression and decompression successful (ratio: 4.68x)

[90/176] Processing: FSH_U_1_192_288.dat
compression time = 0.017361
compressed data file: ../../CESM-LAND-MODELS/4/log_normalized/FSH_U_1_192_288.dat.sz
Min=0, Max=1, range=1
Max absolute error = 0.0000099875
Max relative error = 0.000010
Max pw relative error = 0.000335
PSNR = 108.451620, NRMSE= 3.7793663511183645873E-06
normError = 0.000889, normErr_norm = 0.000004
acEff=1.000000
compressionRatio=2.315457
decompression time = 0.006899 seconds.
decompressed data file: ../../CESM-LAND-MODELS/4/log_normalized/sz_1E-5/FSH_U_1_192_288.dat.sz.out
  ✓ Compression and decompression successful (ratio: 2.31x)

[91/176] Processing: FSH_V_1_192_288.dat
compression time = 0.011761
compressed data file: ../../CESM-LAND-MODELS/4/log_normalized/FSH_V_1_192_288.dat.sz
Min=0, Max=1, range=1
Max absolute error = 0.0000099987
Max relative error = 0.000010
Max pw relative error = 0.000313
PSNR = 107.496627, NRMSE= 4.2186029131807911574E-06
normError = 0.000992, normErr_norm = 0.000005
acEff=1.000000
compressionRatio=4.795421
decompression time = 0.006531 seconds.
decompressed data file: ../../CESM-LAND-MODELS/4/log_normalized/sz_1E-5/FSH_V_1_192_288.dat.sz.out
  ✓ Compression and decompression successful (ratio: 4.79x)

[92/176] Processing: FSM_1_192_288.dat
compression time = 0.012042
compressed data file: ../../CESM-LAND-MODELS/4/log_normalized/FSM_1_192_288.dat.sz
Min=0, Max=1, range=1
Max absolute error = 0.0000099994
Max relative error = 0.000010
Max pw relative error = 6860.238471
PSNR = 107.033241, NRMSE= 4.4497741098879761283E-06
normError = 0.001046, normErr_norm = 0.000006
acEff=1.000000
compressionRatio=4.551111
decompression time = 0.006346 seconds.
decompressed data file: ../../CESM-LAND-MODELS/4/log_normalized/sz_1E-5/FSM_1_192_288.dat.sz.out
  ✓ Compression and decompression successful (ratio: 4.55x)

[93/176] Processing: FSM_R_1_192_288.dat
compression time = 0.010047
compressed data file: ../../CESM-LAND-MODELS/4/log_normalized/FSM_R_1_192_288.dat.sz
Min=0, Max=1, range=1
Max absolute error = 0.0000099987
Max relative error = 0.000010
Max pw relative error = 6815.395818
PSNR = 109.191645, NRMSE= 3.4707054750904882429E-06
normError = 0.000816, normErr_norm = 0.000004
acEff=1.000000
compressionRatio=6.024842
decompression time = 0.005869 seconds.
decompressed data file: ../../CESM-LAND-MODELS/4/log_normalized/sz_1E-5/FSM_R_1_192_288.dat.sz.out
  ✓ Compression and decompression successful (ratio: 6.02x)

[94/176] Processing: FSM_U_1_192_288.dat
compression time = 0.013699
compressed data file: ../../CESM-LAND-MODELS/4/log_normalized/FSM_U_1_192_288.dat.sz
Min=0, Max=1, range=1
Max absolute error = 0.0000099970
Max relative error = 0.000010
Max pw relative error = 6798.231832
PSNR = 108.518411, NRMSE= 3.7504160915766013174E-06
normError = 0.000882, normErr_norm = 0.000004
acEff=1.000000
compressionRatio=2.741191
decompression time = 0.006700 seconds.
decompressed data file: ../../CESM-LAND-MODELS/4/log_normalized/sz_1E-5/FSM_U_1_192_288.dat.sz.out
  ✓ Compression and decompression successful (ratio: 2.74x)

[95/176] Processing: FSNO_1_192_288.dat
compression time = 0.013036
compressed data file: ../../CESM-LAND-MODELS/4/log_normalized/FSNO_1_192_288.dat.sz
Min=0, Max=1, range=1
Max absolute error = 0.0000099987
Max relative error = 0.000010
Max pw relative error = 6010.747640
PSNR = 108.089824, NRMSE= 3.9401141736199495936E-06
normError = 0.000927, normErr_norm = 0.000005
acEff=1.000000
compressionRatio=7.519685
decompression time = 0.006478 seconds.
decompressed data file: ../../CESM-LAND-MODELS/4/log_normalized/sz_1E-5/FSNO_1_192_288.dat.sz.out
  ✓ Compression and decompression successful (ratio: 7.51x)

[96/176] Processing: FSR_1_192_288.dat
compression time = 0.012275
compressed data file: ../../CESM-LAND-MODELS/4/log_normalized/FSR_1_192_288.dat.sz
Min=0, Max=1, range=1
Max absolute error = 0.0000099987
Max relative error = 0.000010
Max pw relative error = 38.907331
PSNR = 106.271063, NRMSE= 4.8578805624472673911E-06
normError = 0.001142, normErr_norm = 0.000006
acEff=1.000000
compressionRatio=3.882805
decompression time = 0.006683 seconds.
decompressed data file: ../../CESM-LAND-MODELS/4/log_normalized/sz_1E-5/FSR_1_192_288.dat.sz.out
  ✓ Compression and decompression successful (ratio: 3.88x)

[97/176] Processing: FSRND_1_192_288.dat
compression time = 0.010411
compressed data file: ../../CESM-LAND-MODELS/4/log_normalized/FSRND_1_192_288.dat.sz
Min=0, Max=1, range=1
Max absolute error = 0.0000099991
Max relative error = 0.000010
Max pw relative error = 192.727628
PSNR = 106.443349, NRMSE= 4.762473361142711464E-06
normError = 0.001120, normErr_norm = 0.000006
acEff=1.000000
compressionRatio=3.919478
decompression time = 0.006935 seconds.
decompressed data file: ../../CESM-LAND-MODELS/4/log_normalized/sz_1E-5/FSRND_1_192_288.dat.sz.out
  ✓ Compression and decompression successful (ratio: 3.91x)

[98/176] Processing: FSRNDLN_1_192_288.dat
compression time = 0.011784
compressed data file: ../../CESM-LAND-MODELS/4/log_normalized/FSRNDLN_1_192_288.dat.sz
Min=0, Max=1, range=1
Max absolute error = 0.0000099987
Max relative error = 0.000010
Max pw relative error = 26.713322
PSNR = 106.179110, NRMSE= 4.9095817976353749854E-06
normError = 0.001154, normErr_norm = 0.000006
acEff=1.000000
compressionRatio=3.792918
decompression time = 0.006635 seconds.
decompressed data file: ../../CESM-LAND-MODELS/4/log_normalized/sz_1E-5/FSRNDLN_1_192_288.dat.sz.out
  ✓ Compression and decompression successful (ratio: 3.79x)

[99/176] Processing: FSRNI_1_192_288.dat
compression time = 0.011565
compressed data file: ../../CESM-LAND-MODELS/4/log_normalized/FSRNI_1_192_288.dat.sz
Min=0, Max=1, range=1
Max absolute error = 0.0000099996
Max relative error = 0.000010
Max pw relative error = 52.637069
PSNR = 106.362079, NRMSE= 4.8072426120735812201E-06
normError = 0.001130, normErr_norm = 0.000006
acEff=1.000000
compressionRatio=3.896623
decompression time = 0.006890 seconds.
decompressed data file: ../../CESM-LAND-MODELS/4/log_normalized/sz_1E-5/FSRNI_1_192_288.dat.sz.out
  ✓ Compression and decompression successful (ratio: 3.89x)

[100/176] Processing: FSRVD_1_192_288.dat
compression time = 0.011642
compressed data file: ../../CESM-LAND-MODELS/4/log_normalized/FSRVD_1_192_288.dat.sz
Min=0, Max=1, range=1
Max absolute error = 0.0000099998
Max relative error = 0.000010
Max pw relative error = 4161.786637
PSNR = 106.509087, NRMSE= 4.7265649363047248195E-06
normError = 0.001111, normErr_norm = 0.000006
acEff=1.000000
compressionRatio=3.846411
decompression time = 0.006429 seconds.
decompressed data file: ../../CESM-LAND-MODELS/4/log_normalized/sz_1E-5/FSRVD_1_192_288.dat.sz.out
  ✓ Compression and decompression successful (ratio: 3.84x)

[101/176] Processing: FSRVDLN_1_192_288.dat
compression time = 0.011773
compressed data file: ../../CESM-LAND-MODELS/4/log_normalized/FSRVDLN_1_192_288.dat.sz
Min=0, Max=1, range=1
Max absolute error = 0.0000099987
Max relative error = 0.000010
Max pw relative error = 1000.229013
PSNR = 106.417818, NRMSE= 4.7764923595305829721E-06
normError = 0.001123, normErr_norm = 0.000006
acEff=1.000000
compressionRatio=3.679838
decompression time = 0.006646 seconds.
decompressed data file: ../../CESM-LAND-MODELS/4/log_normalized/sz_1E-5/FSRVDLN_1_192_288.dat.sz.out
  ✓ Compression and decompression successful (ratio: 3.67x)

[102/176] Processing: FSRVI_1_192_288.dat
compression time = 0.011973
compressed data file: ../../CESM-LAND-MODELS/4/log_normalized/FSRVI_1_192_288.dat.sz
Min=0, Max=1, range=1
Max absolute error = 0.0000099987
Max relative error = 0.000010
Max pw relative error = 127.127340
PSNR = 106.243686, NRMSE= 4.8732166697243118472E-06
normError = 0.001146, normErr_norm = 0.000006
acEff=1.000000
compressionRatio=3.839000
decompression time = 0.006742 seconds.
decompressed data file: ../../CESM-LAND-MODELS/4/log_normalized/sz_1E-5/FSRVI_1_192_288.dat.sz.out
  ✓ Compression and decompression successful (ratio: 3.83x)

[103/176] Processing: GC_HEAT1_1_192_288.dat
compression time = 0.013452
compressed data file: ../../CESM-LAND-MODELS/4/log_normalized/GC_HEAT1_1_192_288.dat.sz
Min=0, Max=1, range=1
Max absolute error = 0.0000099987
Max relative error = 0.000010
Max pw relative error = 0.000112
PSNR = 106.329739, NRMSE= 4.8251746922099346553E-06
normError = 0.001135, normErr_norm = 0.000006
acEff=1.000000
compressionRatio=4.444569
decompression time = 0.006844 seconds.
decompressed data file: ../../CESM-LAND-MODELS/4/log_normalized/sz_1E-5/GC_HEAT1_1_192_288.dat.sz.out
  ✓ Compression and decompression successful (ratio: 4.44x)

[104/176] Processing: GC_HEAT2_1_192_288.dat
compression time = 0.010317
compressed data file: ../../CESM-LAND-MODELS/4/log_normalized/GC_HEAT2_1_192_288.dat.sz
Min=0, Max=1, range=1
Max absolute error = 0.0000099987
Max relative error = 0.000010
Max pw relative error = 0.000010
PSNR = 113.404633, NRMSE= 2.1368220527692333662E-06
normError = 0.000502, normErr_norm = 0.000003
acEff=1.000000
compressionRatio=14.565953
decompression time = 0.005364 seconds.
decompressed data file: ../../CESM-LAND-MODELS/4/log_normalized/sz_1E-5/GC_HEAT2_1_192_288.dat.sz.out
  ✓ Compression and decompression successful (ratio: 14.56x)

[105/176] Processing: GC_ICE1_1_192_288.dat
compression time = 0.012246
compressed data file: ../../CESM-LAND-MODELS/4/log_normalized/GC_ICE1_1_192_288.dat.sz
Min=0, Max=1, range=1
Max absolute error = 0.0000099987
Max relative error = 0.000010
Max pw relative error = 3003.084761
PSNR = 108.837988, NRMSE= 3.6149359299807634605E-06
normError = 0.000850, normErr_norm = 0.000005
acEff=1.000000
compressionRatio=4.562000
decompression time = 0.006334 seconds.
decompressed data file: ../../CESM-LAND-MODELS/4/log_normalized/sz_1E-5/GC_ICE1_1_192_288.dat.sz.out
  ✓ Compression and decompression successful (ratio: 4.56x)

[106/176] Processing: GC_ICE2_1_192_288.dat
compression time = 0.013219
compressed data file: ../../CESM-LAND-MODELS/4/log_normalized/GC_ICE2_1_192_288.dat.sz
Min=0, Max=1, range=1
Max absolute error = 0.0000099987
Max relative error = 0.000010
Max pw relative error = 0.000010
PSNR = 113.404633, NRMSE= 2.1368220527692333662E-06
normError = 0.000502, normErr_norm = 0.000003
acEff=1.000000
compressionRatio=14.565953
decompression time = 0.005565 seconds.
decompressed data file: ../../CESM-LAND-MODELS/4/log_normalized/sz_1E-5/GC_ICE2_1_192_288.dat.sz.out
  ✓ Compression and decompression successful (ratio: 14.56x)

[107/176] Processing: GC_LIQ1_1_192_288.dat
compression time = 0.010740
compressed data file: ../../CESM-LAND-MODELS/4/log_normalized/GC_LIQ1_1_192_288.dat.sz
Min=0, Max=1, range=1
Max absolute error = 0.0000099987
Max relative error = 0.000010
Max pw relative error = 0.000065
PSNR = 107.717688, NRMSE= 4.1125915794226239845E-06
normError = 0.000967, normErr_norm = 0.000005
acEff=1.000000
compressionRatio=7.604745
decompression time = 0.005738 seconds.
decompressed data file: ../../CESM-LAND-MODELS/4/log_normalized/sz_1E-5/GC_LIQ1_1_192_288.dat.sz.out
  ✓ Compression and decompression successful (ratio: 7.60x)

[108/176] Processing: GC_LIQ2_1_192_288.dat
compression time = 0.011475
compressed data file: ../../CESM-LAND-MODELS/4/log_normalized/GC_LIQ2_1_192_288.dat.sz
Min=0, Max=1, range=1
Max absolute error = 0.0000099987
Max relative error = 0.000010
Max pw relative error = 0.000010
PSNR = 113.404633, NRMSE= 2.1368220527692333662E-06
normError = 0.000502, normErr_norm = 0.000003
acEff=1.000000
compressionRatio=14.565953
decompression time = 0.005865 seconds.
decompressed data file: ../../CESM-LAND-MODELS/4/log_normalized/sz_1E-5/GC_LIQ2_1_192_288.dat.sz.out
  ✓ Compression and decompression successful (ratio: 14.56x)

[109/176] Processing: GPP_1_192_288.dat
compression time = 0.010706
compressed data file: ../../CESM-LAND-MODELS/4/log_normalized/GPP_1_192_288.dat.sz
Min=0, Max=1, range=1
Max absolute error = 0.0000099875
Max relative error = 0.000010
Max pw relative error = 6929.638146
PSNR = 110.577346, NRMSE= 2.9589165098823239571E-06
normError = 0.000696, normErr_norm = 0.000004
acEff=1.000000
compressionRatio=11.717116
decompression time = 0.005519 seconds.
decompressed data file: ../../CESM-LAND-MODELS/4/log_normalized/sz_1E-5/GPP_1_192_288.dat.sz.out
  ✓ Compression and decompression successful (ratio: 11.71x)

[110/176] Processing: GR_1_192_288.dat
compression time = 0.012005
compressed data file: ../../CESM-LAND-MODELS/4/log_normalized/GR_1_192_288.dat.sz
Min=0, Max=1, range=1
Max absolute error = 0.0000099987
Max relative error = 0.000010
Max pw relative error = 6744.423937
PSNR = 111.639629, NRMSE= 2.6182947803863623298E-06
normError = 0.000616, normErr_norm = 0.000003
acEff=1.000000
compressionRatio=12.794077
decompression time = 0.005284 seconds.
decompressed data file: ../../CESM-LAND-MODELS/4/log_normalized/sz_1E-5/GR_1_192_288.dat.sz.out
  ✓ Compression and decompression successful (ratio: 12.79x)

[111/176] Processing: GROSS_NMIN_1_192_288.dat
compression time = 0.011257
compressed data file: ../../CESM-LAND-MODELS/4/log_normalized/GROSS_NMIN_1_192_288.dat.sz
Min=0, Max=1, range=1
Max absolute error = 0.0000099991
Max relative error = 0.000010
Max pw relative error = 6952.951823
PSNR = 113.245515, NRMSE= 2.1763276207281985154E-06
normError = 0.000512, normErr_norm = 0.000003
acEff=1.000000
compressionRatio=13.555433
decompression time = 0.005236 seconds.
decompressed data file: ../../CESM-LAND-MODELS/4/log_normalized/sz_1E-5/GROSS_NMIN_1_192_288.dat.sz.out
  ✓ Compression and decompression successful (ratio: 13.55x)

[112/176] Processing: H2OCAN_1_192_288.dat
compression time = 0.011854
compressed data file: ../../CESM-LAND-MODELS/4/log_normalized/H2OCAN_1_192_288.dat.sz
Min=0, Max=1, range=1
Max absolute error = 0.0000099998
Max relative error = 0.000010
Max pw relative error = 6943.131544
PSNR = 107.555525, NRMSE= 4.1900939841184110839E-06
normError = 0.000985, normErr_norm = 0.000005
acEff=1.000000
compressionRatio=5.714611
decompression time = 0.006525 seconds.
decompressed data file: ../../CESM-LAND-MODELS/4/log_normalized/sz_1E-5/H2OCAN_1_192_288.dat.sz.out
  ✓ Compression and decompression successful (ratio: 5.71x)

[113/176] Processing: H2OSNO_1_192_288.dat
compression time = 0.012921
compressed data file: ../../CESM-LAND-MODELS/4/log_normalized/H2OSNO_1_192_288.dat.sz
Min=0, Max=1, range=1
Max absolute error = 0.0000099987
Max relative error = 0.000010
Max pw relative error = 6466.659540
PSNR = 107.536353, NRMSE= 4.1993527499325743733E-06
normError = 0.000987, normErr_norm = 0.000005
acEff=1.000000
compressionRatio=4.711556
decompression time = 0.006293 seconds.
decompressed data file: ../../CESM-LAND-MODELS/4/log_normalized/sz_1E-5/H2OSNO_1_192_288.dat.sz.out
  ✓ Compression and decompression successful (ratio: 4.71x)

[114/176] Processing: H2OSNO_TOP_1_192_288.dat
compression time = 0.012077
compressed data file: ../../CESM-LAND-MODELS/4/log_normalized/H2OSNO_TOP_1_192_288.dat.sz
Min=0, Max=1, range=1
Max absolute error = 0.0000099996
Max relative error = 0.000010
Max pw relative error = 58.487225
PSNR = 107.198772, NRMSE= 4.3657756484757745456E-06
normError = 0.001027, normErr_norm = 0.000006
acEff=1.000000
compressionRatio=4.868463
decompression time = 0.005996 seconds.
decompressed data file: ../../CESM-LAND-MODELS/4/log_normalized/sz_1E-5/H2OSNO_TOP_1_192_288.dat.sz.out
  ✓ Compression and decompression successful (ratio: 4.86x)

[115/176] Processing: HC_1_192_288.dat
compression time = 0.011572
compressed data file: ../../CESM-LAND-MODELS/4/log_normalized/HC_1_192_288.dat.sz
Min=0, Max=1, range=1
Max absolute error = 0.0000099987
Max relative error = 0.000010
Max pw relative error = 0.000551
PSNR = 106.393283, NRMSE= 4.7900038221311244904E-06
normError = 0.001126, normErr_norm = 0.000006
acEff=1.000000
compressionRatio=3.295892
decompression time = 0.007683 seconds.
decompressed data file: ../../CESM-LAND-MODELS/4/log_normalized/sz_1E-5/HC_1_192_288.dat.sz.out
  ✓ Compression and decompression successful (ratio: 3.29x)

[116/176] Processing: HCSOI_1_192_288.dat
compression time = 0.012066
compressed data file: ../../CESM-LAND-MODELS/4/log_normalized/HCSOI_1_192_288.dat.sz
Min=0, Max=1, range=1
Max absolute error = 0.0000099987
Max relative error = 0.000010
Max pw relative error = 0.000240
PSNR = 106.318120, NRMSE= 4.8316337769745175003E-06
normError = 0.001136, normErr_norm = 0.000006
acEff=1.000000
compressionRatio=3.503017
decompression time = 0.006798 seconds.
decompressed data file: ../../CESM-LAND-MODELS/4/log_normalized/sz_1E-5/HCSOI_1_192_288.dat.sz.out
  ✓ Compression and decompression successful (ratio: 3.50x)

[117/176] Processing: HEAT_FROM_AC_1_192_288.dat
compression time = 0.011369
compressed data file: ../../CESM-LAND-MODELS/4/log_normalized/HEAT_FROM_AC_1_192_288.dat.sz
Min=0, Max=1, range=1
Max absolute error = 0.0000099987
Max relative error = 0.000010
Max pw relative error = 4.909105
PSNR = 113.564061, NRMSE= 2.0979588192337792716E-06
normError = 0.000493, normErr_norm = 0.000003
acEff=1.000000
compressionRatio=13.972457
decompression time = 0.006015 seconds.
decompressed data file: ../../CESM-LAND-MODELS/4/log_normalized/sz_1E-5/HEAT_FROM_AC_1_192_288.dat.sz.out
  ✓ Compression and decompression successful (ratio: 13.97x)

[118/176] Processing: HR_1_192_288.dat
compression time = 0.011283
compressed data file: ../../CESM-LAND-MODELS/4/log_normalized/HR_1_192_288.dat.sz
Min=0, Max=1, range=1
Max absolute error = 0.0000099949
Max relative error = 0.000010
Max pw relative error = 6945.131268
PSNR = 110.936417, NRMSE= 2.839089894544185667E-06
normError = 0.000668, normErr_norm = 0.000004
acEff=1.000000
compressionRatio=11.780145
decompression time = 0.005533 seconds.
decompressed data file: ../../CESM-LAND-MODELS/4/log_normalized/sz_1E-5/HR_1_192_288.dat.sz.out
  ✓ Compression and decompression successful (ratio: 11.78x)

[119/176] Processing: HTOP_1_192_288.dat
compression time = 0.013637
compressed data file: ../../CESM-LAND-MODELS/4/log_normalized/HTOP_1_192_288.dat.sz
Min=0, Max=1, range=1
Max absolute error = 0.0000099985
Max relative error = 0.000010
Max pw relative error = 1060.031539
PSNR = 107.499595, NRMSE= 4.2171618385223625666E-06
normError = 0.000992, normErr_norm = 0.000005
acEff=1.000000
compressionRatio=3.729979
decompression time = 0.007133 seconds.
decompressed data file: ../../CESM-LAND-MODELS/4/log_normalized/sz_1E-5/HTOP_1_192_288.dat.sz.out
  ✓ Compression and decompression successful (ratio: 3.72x)

[120/176] Processing: LAISHA_1_192_288.dat
compression time = 0.011435
compressed data file: ../../CESM-LAND-MODELS/4/log_normalized/LAISHA_1_192_288.dat.sz
Min=0, Max=1, range=1
Max absolute error = 0.0000099996
Max relative error = 0.000010
Max pw relative error = 2399.677839
PSNR = 107.595678, NRMSE= 4.1707685668183308689E-06
normError = 0.000981, normErr_norm = 0.000005
acEff=1.000000
compressionRatio=4.157047
decompression time = 0.007204 seconds.
decompressed data file: ../../CESM-LAND-MODELS/4/log_normalized/sz_1E-5/LAISHA_1_192_288.dat.sz.out
  ✓ Compression and decompression successful (ratio: 4.15x)

[121/176] Processing: LAISUN_1_192_288.dat
compression time = 0.012176
compressed data file: ../../CESM-LAND-MODELS/4/log_normalized/LAISUN_1_192_288.dat.sz
Min=0, Max=1, range=1
Max absolute error = 0.0000099991
Max relative error = 0.000010
Max pw relative error = 2446.345857
PSNR = 107.669195, NRMSE= 4.1356165616010699213E-06
normError = 0.000972, normErr_norm = 0.000005
acEff=1.000000
compressionRatio=5.735207
decompression time = 0.006713 seconds.
decompressed data file: ../../CESM-LAND-MODELS/4/log_normalized/sz_1E-5/LAISUN_1_192_288.dat.sz.out
  ✓ Compression and decompression successful (ratio: 5.73x)

[122/176] Processing: landfrac_192_288.dat
compression time = 0.012031
compressed data file: ../../CESM-LAND-MODELS/4/log_normalized/landfrac_192_288.dat.sz
Min=0, Max=1, range=1
Max absolute error = 0.0000099976
Max relative error = 0.000010
Max pw relative error = 255.939561
PSNR = 107.635287, NRMSE= 4.1517925021033845129E-06
normError = 0.000976, normErr_norm = 0.000005
acEff=1.000000
compressionRatio=6.359883
decompression time = 0.006529 seconds.
decompressed data file: ../../CESM-LAND-MODELS/4/log_normalized/sz_1E-5/landfrac_192_288.dat.sz.out
  ✓ Compression and decompression successful (ratio: 6.35x)

[123/176] Processing: latixy_192_288.dat
compression time = 0.010262
compressed data file: ../../CESM-LAND-MODELS/4/log_normalized/latixy_192_288.dat.sz
Min=0, Max=1, range=1
Max absolute error = 0.0000099987
Max relative error = 0.000010
Max pw relative error = 0.001179
PSNR = 108.489269, NRMSE= 3.7630202324279518859E-06
normError = 0.000885, normErr_norm = 0.000005
acEff=1.000000
compressionRatio=11.853376
decompression time = 0.006545 seconds.
decompressed data file: ../../CESM-LAND-MODELS/4/log_normalized/sz_1E-5/latixy_192_288.dat.sz.out
  ✓ Compression and decompression successful (ratio: 11.85x)

[124/176] Processing: latixyatm_192_288.dat
compression time = 0.010071
compressed data file: ../../CESM-LAND-MODELS/4/log_normalized/latixyatm_192_288.dat.sz
Min=0, Max=1, range=1
Max absolute error = 0.0000099540
Max relative error = 0.000010
Max pw relative error = 0.000032
PSNR = 106.381124, NRMSE= 4.7967135877292703915E-06
normError = 0.001128, normErr_norm = 0.000006
acEff=1.000000
compressionRatio=9.998825
decompression time = 0.005871 seconds.
decompressed data file: ../../CESM-LAND-MODELS/4/log_normalized/sz_1E-5/latixyatm_192_288.dat.sz.out
  ✓ Compression and decompression successful (ratio: 9.99x)

[125/176] Processing: LEAFC_1_192_288.dat
compression time = 0.010280
compressed data file: ../../CESM-LAND-MODELS/4/log_normalized/LEAFC_1_192_288.dat.sz
Min=0, Max=1, range=1
Max absolute error = 0.0000099987
Max relative error = 0.000010
Max pw relative error = 556.644674
PSNR = 107.639251, NRMSE= 4.149898229051886801E-06
normError = 0.000976, normErr_norm = 0.000005
acEff=1.000000
compressionRatio=3.453895
decompression time = 0.005722 seconds.
decompressed data file: ../../CESM-LAND-MODELS/4/log_normalized/sz_1E-5/LEAFC_1_192_288.dat.sz.out
  ✓ Compression and decompression successful (ratio: 3.45x)

[126/176] Processing: LEAFC_ALLOC_1_192_288.dat
compression time = 0.012626
compressed data file: ../../CESM-LAND-MODELS/4/log_normalized/LEAFC_ALLOC_1_192_288.dat.sz
Min=0, Max=1, range=1
Max absolute error = 0.0000099987
Max relative error = 0.000010
Max pw relative error = 6881.124904
PSNR = 112.271197, NRMSE= 2.4346701949411694808E-06
normError = 0.000573, normErr_norm = 0.000003
acEff=1.000000
compressionRatio=13.055365
decompression time = 0.005826 seconds.
decompressed data file: ../../CESM-LAND-MODELS/4/log_normalized/sz_1E-5/LEAFC_ALLOC_1_192_288.dat.sz.out
  ✓ Compression and decompression successful (ratio: 13.05x)

[127/176] Processing: LEAFC_LOSS_1_192_288.dat
compression time = 0.011220
compressed data file: ../../CESM-LAND-MODELS/4/log_normalized/LEAFC_LOSS_1_192_288.dat.sz
Min=0, Max=1, range=1
Max absolute error = 0.0000099987
Max relative error = 0.000010
Max pw relative error = 6945.131268
PSNR = 111.950567, NRMSE= 2.5262229119077921526E-06
normError = 0.000594, normErr_norm = 0.000003
acEff=1.000000
compressionRatio=12.585865
decompression time = 0.005904 seconds.
decompressed data file: ../../CESM-LAND-MODELS/4/log_normalized/sz_1E-5/LEAFC_LOSS_1_192_288.dat.sz.out
  ✓ Compression and decompression successful (ratio: 12.58x)

[128/176] Processing: LEAFN_1_192_288.dat
compression time = 0.013492
compressed data file: ../../CESM-LAND-MODELS/4/log_normalized/LEAFN_1_192_288.dat.sz
Min=0, Max=1, range=1
Max absolute error = 0.0000099987
Max relative error = 0.000010
Max pw relative error = 1968.402059
PSNR = 107.669119, NRMSE= 4.1356526160084662182E-06
normError = 0.000973, normErr_norm = 0.000005
acEff=1.000000
compressionRatio=4.060955
decompression time = 0.006893 seconds.
decompressed data file: ../../CESM-LAND-MODELS/4/log_normalized/sz_1E-5/LEAFN_1_192_288.dat.sz.out
  ✓ Compression and decompression successful (ratio: 4.06x)

[129/176] Processing: LITFALL_1_192_288.dat
compression time = 0.011457
compressed data file: ../../CESM-LAND-MODELS/4/log_normalized/LITFALL_1_192_288.dat.sz
Min=0, Max=1, range=1
Max absolute error = 0.0000099990
Max relative error = 0.000010
Max pw relative error = 6877.124823
PSNR = 111.497685, NRMSE= 2.6614342955188255132E-06
normError = 0.000626, normErr_norm = 0.000003
acEff=1.000000
compressionRatio=11.908259
decompression time = 0.005741 seconds.
decompressed data file: ../../CESM-LAND-MODELS/4/log_normalized/sz_1E-5/LITFALL_1_192_288.dat.sz.out
  ✓ Compression and decompression successful (ratio: 11.90x)

[130/176] Processing: LITHR_1_192_288.dat
compression time = 0.011750
compressed data file: ../../CESM-LAND-MODELS/4/log_normalized/LITHR_1_192_288.dat.sz
Min=0, Max=1, range=1
Max absolute error = 0.0000099965
Max relative error = 0.000010
Max pw relative error = 6945.131268
PSNR = 111.364379, NRMSE= 2.7025955564908604037E-06
normError = 0.000636, normErr_norm = 0.000003
acEff=1.000000
compressionRatio=12.043123
decompression time = 0.006252 seconds.
decompressed data file: ../../CESM-LAND-MODELS/4/log_normalized/sz_1E-5/LITHR_1_192_288.dat.sz.out
  ✓ Compression and decompression successful (ratio: 12.04x)

[131/176] Processing: LITR1C_1_192_288.dat
compression time = 0.012588
compressed data file: ../../CESM-LAND-MODELS/4/log_normalized/LITR1C_1_192_288.dat.sz
Min=0, Max=1, range=1
Max absolute error = 0.0000099991
Max relative error = 0.000010
Max pw relative error = 1935.171971
PSNR = 107.505012, NRMSE= 4.214532671024143491E-06
normError = 0.000991, normErr_norm = 0.000005
acEff=1.000000
compressionRatio=3.565414
decompression time = 0.007001 seconds.
decompressed data file: ../../CESM-LAND-MODELS/4/log_normalized/sz_1E-5/LITR1C_1_192_288.dat.sz.out
  ✓ Compression and decompression successful (ratio: 3.56x)

[132/176] Processing: LITR1C_TO_SOIL1C_1_192_288.dat
compression time = 0.012149
compressed data file: ../../CESM-LAND-MODELS/4/log_normalized/LITR1C_TO_SOIL1C_1_192_288.dat.sz
Min=0, Max=1, range=1
Max absolute error = 0.0000099994
Max relative error = 0.000010
Max pw relative error = 6912.209807
PSNR = 112.777152, NRMSE= 2.2969016113199146045E-06
normError = 0.000540, normErr_norm = 0.000003
acEff=1.000000
compressionRatio=13.083940
decompression time = 0.005947 seconds.
decompressed data file: ../../CESM-LAND-MODELS/4/log_normalized/sz_1E-5/LITR1C_TO_SOIL1C_1_192_288.dat.sz.out
  ✓ Compression and decompression successful (ratio: 13.08x)

[133/176] Processing: LITR1N_1_192_288.dat
compression time = 0.012737
compressed data file: ../../CESM-LAND-MODELS/4/log_normalized/LITR1N_1_192_288.dat.sz
Min=0, Max=1, range=1
Max absolute error = 0.0000099992
Max relative error = 0.000010
Max pw relative error = 827.570229
PSNR = 107.641599, NRMSE= 4.1487766358821077741E-06
normError = 0.000976, normErr_norm = 0.000005
acEff=1.000000
compressionRatio=5.619084
decompression time = 0.006885 seconds.
decompressed data file: ../../CESM-LAND-MODELS/4/log_normalized/sz_1E-5/LITR1N_1_192_288.dat.sz.out
  ✓ Compression and decompression successful (ratio: 5.61x)

[134/176] Processing: LITR2C_1_192_288.dat
compression time = 0.013837
compressed data file: ../../CESM-LAND-MODELS/4/log_normalized/LITR2C_1_192_288.dat.sz
Min=0, Max=1, range=1
Max absolute error = 0.0000099987
Max relative error = 0.000010
Max pw relative error = 5635.729088
PSNR = 107.671426, NRMSE= 4.1345543016363448433E-06
normError = 0.000972, normErr_norm = 0.000005
acEff=1.000000
compressionRatio=3.204404
decompression time = 0.007100 seconds.
decompressed data file: ../../CESM-LAND-MODELS/4/log_normalized/sz_1E-5/LITR2C_1_192_288.dat.sz.out
  ✓ Compression and decompression successful (ratio: 3.20x)

[135/176] Processing: LITR2C_TO_SOIL2C_1_192_288.dat
compression time = 0.013300
compressed data file: ../../CESM-LAND-MODELS/4/log_normalized/LITR2C_TO_SOIL2C_1_192_288.dat.sz
Min=0, Max=1, range=1
Max absolute error = 0.0000099999
Max relative error = 0.000010
Max pw relative error = 6945.571435
PSNR = 111.513202, NRMSE= 2.656684062215144153E-06
normError = 0.000625, normErr_norm = 0.000003
acEff=1.000000
compressionRatio=12.353197
decompression time = 0.005922 seconds.
decompressed data file: ../../CESM-LAND-MODELS/4/log_normalized/sz_1E-5/LITR2C_TO_SOIL2C_1_192_288.dat.sz.out
  ✓ Compression and decompression successful (ratio: 12.35x)

[136/176] Processing: LITR2N_1_192_288.dat
compression time = 0.012722
compressed data file: ../../CESM-LAND-MODELS/4/log_normalized/LITR2N_1_192_288.dat.sz
Min=0, Max=1, range=1
Max absolute error = 0.0000099977
Max relative error = 0.000010
Max pw relative error = 6881.124904
PSNR = 107.511759, NRMSE= 4.2112599919574556019E-06
normError = 0.000990, normErr_norm = 0.000005
acEff=1.000000
compressionRatio=4.205579
decompression time = 0.007071 seconds.
decompressed data file: ../../CESM-LAND-MODELS/4/log_normalized/sz_1E-5/LITR2N_1_192_288.dat.sz.out
  ✓ Compression and decompression successful (ratio: 4.20x)

[137/176] Processing: LITR3C_1_192_288.dat
compression time = 0.016765
compressed data file: ../../CESM-LAND-MODELS/4/log_normalized/LITR3C_1_192_288.dat.sz
Min=0, Max=1, range=1
Max absolute error = 0.0000099987
Max relative error = 0.000010
Max pw relative error = 6215.980597
PSNR = 107.585297, NRMSE= 4.1757564001113138159E-06
normError = 0.000982, normErr_norm = 0.000005
acEff=1.000000
compressionRatio=3.403878
decompression time = 0.007346 seconds.
decompressed data file: ../../CESM-LAND-MODELS/4/log_normalized/sz_1E-5/LITR3C_1_192_288.dat.sz.out
  ✓ Compression and decompression successful (ratio: 3.40x)

[138/176] Processing: LITR3C_TO_SOIL3C_1_192_288.dat
compression time = 0.011602
compressed data file: ../../CESM-LAND-MODELS/4/log_normalized/LITR3C_TO_SOIL3C_1_192_288.dat.sz
Min=0, Max=1, range=1
Max absolute error = 0.0000099970
Max relative error = 0.000010
Max pw relative error = 6943.885393
PSNR = 113.063811, NRMSE= 2.2223345112915218741E-06
normError = 0.000523, normErr_norm = 0.000003
acEff=1.000000
compressionRatio=12.780031
decompression time = 0.005703 seconds.
decompressed data file: ../../CESM-LAND-MODELS/4/log_normalized/sz_1E-5/LITR3C_TO_SOIL3C_1_192_288.dat.sz.out
  ✓ Compression and decompression successful (ratio: 12.78x)

[139/176] Processing: LITR3N_1_192_288.dat
compression time = 0.011173
compressed data file: ../../CESM-LAND-MODELS/4/log_normalized/LITR3N_1_192_288.dat.sz
Min=0, Max=1, range=1
Max absolute error = 0.0000099996
Max relative error = 0.000010
Max pw relative error = 6215.980597
PSNR = 107.504891, NRMSE= 4.2145913400632011375E-06
normError = 0.000991, normErr_norm = 0.000005
acEff=1.000000
compressionRatio=4.259682
decompression time = 0.006308 seconds.
decompressed data file: ../../CESM-LAND-MODELS/4/log_normalized/sz_1E-5/LITR3N_1_192_288.dat.sz.out
  ✓ Compression and decompression successful (ratio: 4.25x)

[140/176] Processing: LITTERC_1_192_288.dat
compression time = 0.012683
compressed data file: ../../CESM-LAND-MODELS/4/log_normalized/LITTERC_1_192_288.dat.sz
Min=0, Max=1, range=1
Max absolute error = 0.0000099987
Max relative error = 0.000010
Max pw relative error = 6217.980322
PSNR = 107.556390, NRMSE= 4.1896763970227315311E-06
normError = 0.000985, normErr_norm = 0.000005
acEff=1.000000
compressionRatio=3.285317
decompression time = 0.007807 seconds.
decompressed data file: ../../CESM-LAND-MODELS/4/log_normalized/sz_1E-5/LITTERC_1_192_288.dat.sz.out
  ✓ Compression and decompression successful (ratio: 3.28x)

[141/176] Processing: LITTERC_HR_1_192_288.dat
compression time = 0.012129
compressed data file: ../../CESM-LAND-MODELS/4/log_normalized/LITTERC_HR_1_192_288.dat.sz
Min=0, Max=1, range=1
Max absolute error = 0.0000099965
Max relative error = 0.000010
Max pw relative error = 6945.131268
PSNR = 111.364379, NRMSE= 2.7025955564908604037E-06
normError = 0.000636, normErr_norm = 0.000003
acEff=1.000000
compressionRatio=12.043123
decompression time = 0.006209 seconds.
decompressed data file: ../../CESM-LAND-MODELS/4/log_normalized/sz_1E-5/LITTERC_HR_1_192_288.dat.sz.out
  ✓ Compression and decompression successful (ratio: 12.04x)

[142/176] Processing: LITTERC_LOSS_1_192_288.dat
compression time = 0.011656
compressed data file: ../../CESM-LAND-MODELS/4/log_normalized/LITTERC_LOSS_1_192_288.dat.sz
Min=0, Max=1, range=1
Max absolute error = 0.0000099861
Max relative error = 0.000010
Max pw relative error = 6796.232107
PSNR = 111.324081, NRMSE= 2.7151631497093023291E-06
normError = 0.000638, normErr_norm = 0.000003
acEff=1.000000
compressionRatio=11.715875
decompression time = 0.005921 seconds.
decompressed data file: ../../CESM-LAND-MODELS/4/log_normalized/sz_1E-5/LITTERC_LOSS_1_192_288.dat.sz.out
  ✓ Compression and decompression successful (ratio: 11.71x)

[143/176] Processing: LIVECROOTC_1_192_288.dat
compression time = 0.012086
compressed data file: ../../CESM-LAND-MODELS/4/log_normalized/LIVECROOTC_1_192_288.dat.sz
Min=0, Max=1, range=1
Max absolute error = 0.0000099987
Max relative error = 0.000010
Max pw relative error = 485.996897
PSNR = 107.562886, NRMSE= 4.1865441963335398495E-06
normError = 0.000984, normErr_norm = 0.000005
acEff=1.000000
compressionRatio=4.014010
decompression time = 0.006603 seconds.
decompressed data file: ../../CESM-LAND-MODELS/4/log_normalized/sz_1E-5/LIVECROOTC_1_192_288.dat.sz.out
  ✓ Compression and decompression successful (ratio: 4.01x)

[144/176] Processing: LIVECROOTN_1_192_288.dat
compression time = 0.012318
compressed data file: ../../CESM-LAND-MODELS/4/log_normalized/LIVECROOTN_1_192_288.dat.sz
Min=0, Max=1, range=1
Max absolute error = 0.0000099979
Max relative error = 0.000010
Max pw relative error = 5857.701043
PSNR = 107.734704, NRMSE= 4.1045430053773026549E-06
normError = 0.000965, normErr_norm = 0.000005
acEff=1.000000
compressionRatio=5.852512
decompression time = 0.006424 seconds.
decompressed data file: ../../CESM-LAND-MODELS/4/log_normalized/sz_1E-5/LIVECROOTN_1_192_288.dat.sz.out
  ✓ Compression and decompression successful (ratio: 5.85x)

[145/176] Processing: LIVESTEMC_1_192_288.dat
compression time = 0.013024
compressed data file: ../../CESM-LAND-MODELS/4/log_normalized/LIVESTEMC_1_192_288.dat.sz
Min=0, Max=1, range=1
Max absolute error = 0.0000099997
Max relative error = 0.000010
Max pw relative error = 537.805285
PSNR = 107.566798, NRMSE= 4.1846593004586294767E-06
normError = 0.000984, normErr_norm = 0.000005
acEff=1.000000
compressionRatio=3.704304
decompression time = 0.007698 seconds.
decompressed data file: ../../CESM-LAND-MODELS/4/log_normalized/sz_1E-5/LIVESTEMC_1_192_288.dat.sz.out
  ✓ Compression and decompression successful (ratio: 3.70x)

[146/176] Processing: LIVESTEMN_1_192_288.dat
compression time = 0.013387
compressed data file: ../../CESM-LAND-MODELS/4/log_normalized/LIVESTEMN_1_192_288.dat.sz
Min=0, Max=1, range=1
Max absolute error = 0.0000099987
Max relative error = 0.000010
Max pw relative error = 731.231022
PSNR = 107.617478, NRMSE= 4.1603136697072709593E-06
normError = 0.000978, normErr_norm = 0.000005
acEff=1.000000
compressionRatio=5.119407
decompression time = 0.007601 seconds.
decompressed data file: ../../CESM-LAND-MODELS/4/log_normalized/sz_1E-5/LIVESTEMN_1_192_288.dat.sz.out
  ✓ Compression and decompression successful (ratio: 5.11x)

[147/176] Processing: longxy_192_288.dat
compression time = 0.014687
compressed data file: ../../CESM-LAND-MODELS/4/log_normalized/longxy_192_288.dat.sz
Min=0, Max=1, range=1
Max absolute error = 0.0000099987
Max relative error = 0.000010
Max pw relative error = 0.000934
PSNR = 106.322415, NRMSE= 4.8292452764943061781E-06
normError = 0.001136, normErr_norm = 0.000006
acEff=1.000000
compressionRatio=5.382785
decompression time = 0.009784 seconds.
decompressed data file: ../../CESM-LAND-MODELS/4/log_normalized/sz_1E-5/longxy_192_288.dat.sz.out
  ✓ Compression and decompression successful (ratio: 5.38x)

[148/176] Processing: longxyatm_192_288.dat
compression time = 0.016059
compressed data file: ../../CESM-LAND-MODELS/4/log_normalized/longxyatm_192_288.dat.sz
Min=0, Max=1, range=1
Max absolute error = 0.0000099996
Max relative error = 0.000010
Max pw relative error = 0.000051
PSNR = 106.024478, NRMSE= 4.9977683192770329133E-06
normError = 0.001175, normErr_norm = 0.000010
acEff=1.000000
compressionRatio=4.346230
decompression time = 0.008620 seconds.
decompressed data file: ../../CESM-LAND-MODELS/4/log_normalized/sz_1E-5/longxyatm_192_288.dat.sz.out
  ✓ Compression and decompression successful (ratio: 4.34x)

[149/176] Processing: MEAN_FIRE_PROB_1_192_288.dat
compression time = 0.012959
compressed data file: ../../CESM-LAND-MODELS/4/log_normalized/MEAN_FIRE_PROB_1_192_288.dat.sz
Min=0, Max=1, range=1
Max absolute error = 0.0000099993
Max relative error = 0.000010
Max pw relative error = 6278.028977
PSNR = 107.653842, NRMSE= 4.1429330439588339657E-06
normError = 0.000974, normErr_norm = 0.000005
acEff=1.000000
compressionRatio=5.368023
decompression time = 0.006086 seconds.
decompressed data file: ../../CESM-LAND-MODELS/4/log_normalized/sz_1E-5/MEAN_FIRE_PROB_1_192_288.dat.sz.out
  ✓ Compression and decompression successful (ratio: 5.36x)

[150/176] Processing: MR_1_192_288.dat
compression time = 0.011663
compressed data file: ../../CESM-LAND-MODELS/4/log_normalized/MR_1_192_288.dat.sz
Min=0, Max=1, range=1
Max absolute error = 0.0000099978
Max relative error = 0.000010
Max pw relative error = 6943.131544
PSNR = 110.448769, NRMSE= 3.0030430085054855811E-06
normError = 0.000706, normErr_norm = 0.000004
acEff=1.000000
compressionRatio=11.532013
decompression time = 0.007408 seconds.
decompressed data file: ../../CESM-LAND-MODELS/4/log_normalized/sz_1E-5/MR_1_192_288.dat.sz.out
  ✓ Compression and decompression successful (ratio: 11.53x)

[151/176] Processing: NBP_1_192_288.dat
compression time = 0.011321
compressed data file: ../../CESM-LAND-MODELS/4/log_normalized/NBP_1_192_288.dat.sz
Min=0, Max=1, range=1
Max absolute error = 0.0000099975
Max relative error = 0.000010
Max pw relative error = 31.820993
PSNR = 111.220911, NRMSE= 2.7476058932240599631E-06
normError = 0.000646, normErr_norm = 0.000003
acEff=1.000000
compressionRatio=11.938468
decompression time = 0.006839 seconds.
decompressed data file: ../../CESM-LAND-MODELS/4/log_normalized/sz_1E-5/NBP_1_192_288.dat.sz.out
  ✓ Compression and decompression successful (ratio: 11.93x)

[152/176] Processing: NDEPLOY_1_192_288.dat
compression time = 0.010824
compressed data file: ../../CESM-LAND-MODELS/4/log_normalized/NDEPLOY_1_192_288.dat.sz
Min=0, Max=1, range=1
Max absolute error = 0.0000099987
Max relative error = 0.000010
Max pw relative error = 6951.656618
PSNR = 113.404638, NRMSE= 2.1368208505222424571E-06
normError = 0.000502, normErr_norm = 0.000003
acEff=1.000000
compressionRatio=14.062178
decompression time = 0.006434 seconds.
decompressed data file: ../../CESM-LAND-MODELS/4/log_normalized/sz_1E-5/NDEPLOY_1_192_288.dat.sz.out
  ✓ Compression and decompression successful (ratio: 14.06x)

[153/176] Processing: NDEP_TO_SMINN_1_192_288.dat
compression time = 0.012589
compressed data file: ../../CESM-LAND-MODELS/4/log_normalized/NDEP_TO_SMINN_1_192_288.dat.sz
Min=0, Max=1, range=1
Max absolute error = 0.0000099987
Max relative error = 0.000010
Max pw relative error = 0.000010
PSNR = 113.404633, NRMSE= 2.1368220527692333662E-06
normError = 0.000502, normErr_norm = 0.000003
acEff=1.000000
compressionRatio=14.565953
decompression time = 0.006323 seconds.
decompressed data file: ../../CESM-LAND-MODELS/4/log_normalized/sz_1E-5/NDEP_TO_SMINN_1_192_288.dat.sz.out
  ✓ Compression and decompression successful (ratio: 14.56x)

[154/176] Processing: NEE_1_192_288.dat
compression time = 0.012225
compressed data file: ../../CESM-LAND-MODELS/4/log_normalized/NEE_1_192_288.dat.sz
Min=0, Max=1, range=1
Max absolute error = 0.0000099853
Max relative error = 0.000010
Max pw relative error = 105.576847
PSNR = 111.994359, NRMSE= 2.5135182402495454805E-06
normError = 0.000591, normErr_norm = 0.000003
acEff=1.000000
compressionRatio=11.888417
decompression time = 0.006022 seconds.
decompressed data file: ../../CESM-LAND-MODELS/4/log_normalized/sz_1E-5/NEE_1_192_288.dat.sz.out
  ✓ Compression and decompression successful (ratio: 11.88x)

[155/176] Processing: NEP_1_192_288.dat
compression time = 0.013023
compressed data file: ../../CESM-LAND-MODELS/4/log_normalized/NEP_1_192_288.dat.sz
Min=0, Max=1, range=1
Max absolute error = 0.0000099975
Max relative error = 0.000010
Max pw relative error = 31.820993
PSNR = 111.876157, NRMSE= 2.5479573752566315678E-06
normError = 0.000599, normErr_norm = 0.000003
acEff=1.000000
compressionRatio=11.937824
decompression time = 0.005569 seconds.
decompressed data file: ../../CESM-LAND-MODELS/4/log_normalized/sz_1E-5/NEP_1_192_288.dat.sz.out
  ✓ Compression and decompression successful (ratio: 11.93x)

[156/176] Processing: NET_NMIN_1_192_288.dat
compression time = 0.011292
compressed data file: ../../CESM-LAND-MODELS/4/log_normalized/NET_NMIN_1_192_288.dat.sz
Min=0, Max=1, range=1
Max absolute error = 0.0000099991
Max relative error = 0.000010
Max pw relative error = 6952.951823
PSNR = 113.404478, NRMSE= 2.1368601543025926878E-06
normError = 0.000502, normErr_norm = 0.000003
acEff=1.000000
compressionRatio=14.022062
decompression time = 0.006017 seconds.
decompressed data file: ../../CESM-LAND-MODELS/4/log_normalized/sz_1E-5/NET_NMIN_1_192_288.dat.sz.out
  ✓ Compression and decompression successful (ratio: 14.02x)

[157/176] Processing: NFIX_TO_SMINN_1_192_288.dat
compression time = 0.010772
compressed data file: ../../CESM-LAND-MODELS/4/log_normalized/NFIX_TO_SMINN_1_192_288.dat.sz
Min=0, Max=1, range=1
Max absolute error = 0.0000099987
Max relative error = 0.000010
Max pw relative error = 0.000010
PSNR = 113.404633, NRMSE= 2.1368220527692333662E-06
normError = 0.000502, normErr_norm = 0.000003
acEff=1.000000
compressionRatio=14.565953
decompression time = 0.005470 seconds.
decompressed data file: ../../CESM-LAND-MODELS/4/log_normalized/sz_1E-5/NFIX_TO_SMINN_1_192_288.dat.sz.out
  ✓ Compression and decompression successful (ratio: 14.56x)

[158/176] Processing: NPP_1_192_288.dat
compression time = 0.011623
compressed data file: ../../CESM-LAND-MODELS/4/log_normalized/NPP_1_192_288.dat.sz
Min=0, Max=1, range=1
Max absolute error = 0.0000099997
Max relative error = 0.000010
Max pw relative error = 5138.370651
PSNR = 111.179275, NRMSE= 2.7608082442369385605E-06
normError = 0.000649, normErr_norm = 0.000004
acEff=1.000000
compressionRatio=11.705954
decompression time = 0.006155 seconds.
decompressed data file: ../../CESM-LAND-MODELS/4/log_normalized/sz_1E-5/NPP_1_192_288.dat.sz.out
  ✓ Compression and decompression successful (ratio: 11.70x)

[159/176] Processing: OCDEP_1_192_288.dat
compression time = 0.011192
compressed data file: ../../CESM-LAND-MODELS/4/log_normalized/OCDEP_1_192_288.dat.sz
Min=0, Max=1, range=1
Max absolute error = 0.0000099987
Max relative error = 0.000010
Max pw relative error = 0.000010
PSNR = 113.404633, NRMSE= 2.1368220527692333662E-06
normError = 0.000502, normErr_norm = 0.000003
acEff=1.000000
compressionRatio=14.565953
decompression time = 0.005802 seconds.
decompressed data file: ../../CESM-LAND-MODELS/4/log_normalized/sz_1E-5/OCDEP_1_192_288.dat.sz.out
  ✓ Compression and decompression successful (ratio: 14.56x)

[160/176] Processing: PBOT_1_192_288.dat
compression time = 0.009718
compressed data file: ../../CESM-LAND-MODELS/4/log_normalized/PBOT_1_192_288.dat.sz
Min=0, Max=1, range=1
Max absolute error = 0.0000099987
Max relative error = 0.000010
Max pw relative error = 0.000110
PSNR = 106.444964, NRMSE= 4.7615876592362608766E-06
normError = 0.001120, normErr_norm = 0.000006
acEff=1.000000
compressionRatio=4.229463
decompression time = 0.006027 seconds.
decompressed data file: ../../CESM-LAND-MODELS/4/log_normalized/sz_1E-5/PBOT_1_192_288.dat.sz.out
  ✓ Compression and decompression successful (ratio: 4.22x)

[161/176] Processing: PCO2_1_192_288.dat
compression time = 0.011680
compressed data file: ../../CESM-LAND-MODELS/4/log_normalized/PCO2_1_192_288.dat.sz
Min=0, Max=1, range=1
Max absolute error = 0.0000099987
Max relative error = 0.000010
Max pw relative error = 0.003837
PSNR = 106.213316, NRMSE= 4.8902851856486251621E-06
normError = 0.001150, normErr_norm = 0.000006
acEff=1.000000
compressionRatio=4.217206
decompression time = 0.006689 seconds.
decompressed data file: ../../CESM-LAND-MODELS/4/log_normalized/sz_1E-5/PCO2_1_192_288.dat.sz.out
  ✓ Compression and decompression successful (ratio: 4.21x)

[162/176] Processing: PFT_CTRUNC_1_192_288.dat
compression time = 0.012562
compressed data file: ../../CESM-LAND-MODELS/4/log_normalized/PFT_CTRUNC_1_192_288.dat.sz
Min=0, Max=1, range=1
Max absolute error = 0.0000099992
Max relative error = 0.000010
Max pw relative error = 6931.889575
PSNR = 110.320314, NRMSE= 3.0477848886289038461E-06
normError = 0.000717, normErr_norm = 0.000004
acEff=1.000000
compressionRatio=11.893531
decompression time = 0.006682 seconds.
decompressed data file: ../../CESM-LAND-MODELS/4/log_normalized/sz_1E-5/PFT_CTRUNC_1_192_288.dat.sz.out
  ✓ Compression and decompression successful (ratio: 11.89x)

[163/176] Processing: PFT_FIRE_CLOSS_1_192_288.dat
compression time = 0.010447
compressed data file: ../../CESM-LAND-MODELS/4/log_normalized/PFT_FIRE_CLOSS_1_192_288.dat.sz
Min=0, Max=1, range=1
Max absolute error = 0.0000099987
Max relative error = 0.000010
Max pw relative error = 5720.621885
PSNR = 114.127819, NRMSE= 1.9661155542677725237E-06
normError = 0.000462, normErr_norm = 0.000002
acEff=1.000000
compressionRatio=14.158494
decompression time = 0.005488 seconds.
decompressed data file: ../../CESM-LAND-MODELS/4/log_normalized/sz_1E-5/PFT_FIRE_CLOSS_1_192_288.dat.sz.out
  ✓ Compression and decompression successful (ratio: 14.15x)

[164/176] Processing: PFT_FIRE_NLOSS_1_192_288.dat
compression time = 0.011790
compressed data file: ../../CESM-LAND-MODELS/4/log_normalized/PFT_FIRE_NLOSS_1_192_288.dat.sz
Min=0, Max=1, range=1
Max absolute error = 0.0000099987
Max relative error = 0.000010
Max pw relative error = 6796.232107
PSNR = 113.404633, NRMSE= 2.136821994140960655E-06
normError = 0.000502, normErr_norm = 0.000003
acEff=1.000000
compressionRatio=14.529593
decompression time = 0.005498 seconds.
decompressed data file: ../../CESM-LAND-MODELS/4/log_normalized/sz_1E-5/PFT_FIRE_NLOSS_1_192_288.dat.sz.out
  ✓ Compression and decompression successful (ratio: 14.52x)

[165/176] Processing: PFT_NTRUNC_1_192_288.dat
compression time = 0.013070
compressed data file: ../../CESM-LAND-MODELS/4/log_normalized/PFT_NTRUNC_1_192_288.dat.sz
Min=0, Max=1, range=1
Max absolute error = 0.0000099987
Max relative error = 0.000010
Max pw relative error = 6798.231832
PSNR = 112.641715, NRMSE= 2.3329973511659224969E-06
normError = 0.000549, normErr_norm = 0.000003
acEff=1.000000
compressionRatio=12.160317
decompression time = 0.006087 seconds.
decompressed data file: ../../CESM-LAND-MODELS/4/log_normalized/sz_1E-5/PFT_NTRUNC_1_192_288.dat.sz.out
  ✓ Compression and decompression successful (ratio: 12.16x)

[166/176] Processing: PLANT_NDEMAND_1_192_288.dat
compression time = 0.011281
compressed data file: ../../CESM-LAND-MODELS/4/log_normalized/PLANT_NDEMAND_1_192_288.dat.sz
Min=0, Max=1, range=1
Max absolute error = 0.0000099987
Max relative error = 0.000010
Max pw relative error = 6943.885393
PSNR = 113.418875, NRMSE= 2.1333211995942621188E-06
normError = 0.000502, normErr_norm = 0.000003
acEff=1.000000
compressionRatio=13.638180
decompression time = 0.005550 seconds.
decompressed data file: ../../CESM-LAND-MODELS/4/log_normalized/sz_1E-5/PLANT_NDEMAND_1_192_288.dat.sz.out
  ✓ Compression and decompression successful (ratio: 13.63x)

[167/176] Processing: POTENTIAL_IMMOB_1_192_288.dat
compression time = 0.012088
compressed data file: ../../CESM-LAND-MODELS/4/log_normalized/POTENTIAL_IMMOB_1_192_288.dat.sz
Min=0, Max=1, range=1
Max absolute error = 0.0000099991
Max relative error = 0.000010
Max pw relative error = 6952.951823
PSNR = 113.880090, NRMSE= 2.022998245041263034E-06
normError = 0.000476, normErr_norm = 0.000003
acEff=1.000000
compressionRatio=13.449924
decompression time = 0.005832 seconds.
decompressed data file: ../../CESM-LAND-MODELS/4/log_normalized/sz_1E-5/POTENTIAL_IMMOB_1_192_288.dat.sz.out
  ✓ Compression and decompression successful (ratio: 13.44x)

[168/176] Processing: PROD100C_1_192_288.dat
compression time = 0.011039
compressed data file: ../../CESM-LAND-MODELS/4/log_normalized/PROD100C_1_192_288.dat.sz
Min=0, Max=1, range=1
Max absolute error = 0.0000099987
Max relative error = 0.000010
Max pw relative error = 0.000010
PSNR = 113.404633, NRMSE= 2.1368220527692333662E-06
normError = 0.000502, normErr_norm = 0.000003
acEff=1.000000
compressionRatio=14.565953
decompression time = 0.005537 seconds.
decompressed data file: ../../CESM-LAND-MODELS/4/log_normalized/sz_1E-5/PROD100C_1_192_288.dat.sz.out
  ✓ Compression and decompression successful (ratio: 14.56x)

[169/176] Processing: PROD100C_LOSS_1_192_288.dat
compression time = 0.011676
compressed data file: ../../CESM-LAND-MODELS/4/log_normalized/PROD100C_LOSS_1_192_288.dat.sz
Min=0, Max=1, range=1
Max absolute error = 0.0000099987
Max relative error = 0.000010
Max pw relative error = 0.000010
PSNR = 113.404633, NRMSE= 2.1368220527692333662E-06
normError = 0.000502, normErr_norm = 0.000003
acEff=1.000000
compressionRatio=14.565953
decompression time = 0.005286 seconds.
decompressed data file: ../../CESM-LAND-MODELS/4/log_normalized/sz_1E-5/PROD100C_LOSS_1_192_288.dat.sz.out
  ✓ Compression and decompression successful (ratio: 14.56x)

[170/176] Processing: PROD100N_1_192_288.dat
compression time = 0.011647
compressed data file: ../../CESM-LAND-MODELS/4/log_normalized/PROD100N_1_192_288.dat.sz
Min=0, Max=1, range=1
Max absolute error = 0.0000099987
Max relative error = 0.000010
Max pw relative error = 0.000010
PSNR = 113.404633, NRMSE= 2.1368220527692333662E-06
normError = 0.000502, normErr_norm = 0.000003
acEff=1.000000
compressionRatio=14.565953
decompression time = 0.005931 seconds.
decompressed data file: ../../CESM-LAND-MODELS/4/log_normalized/sz_1E-5/PROD100N_1_192_288.dat.sz.out
  ✓ Compression and decompression successful (ratio: 14.56x)

[171/176] Processing: PROD100N_LOSS_1_192_288.dat
compression time = 0.011418
compressed data file: ../../CESM-LAND-MODELS/4/log_normalized/PROD100N_LOSS_1_192_288.dat.sz
Min=0, Max=1, range=1
Max absolute error = 0.0000099987
Max relative error = 0.000010
Max pw relative error = 0.000010
PSNR = 113.404633, NRMSE= 2.1368220527692333662E-06
normError = 0.000502, normErr_norm = 0.000003
acEff=1.000000
compressionRatio=14.565953
decompression time = 0.005992 seconds.
decompressed data file: ../../CESM-LAND-MODELS/4/log_normalized/sz_1E-5/PROD100N_LOSS_1_192_288.dat.sz.out
  ✓ Compression and decompression successful (ratio: 14.56x)

[172/176] Processing: PROD10C_1_192_288.dat
compression time = 0.011838
compressed data file: ../../CESM-LAND-MODELS/4/log_normalized/PROD10C_1_192_288.dat.sz
Min=0, Max=1, range=1
Max absolute error = 0.0000099987
Max relative error = 0.000010
Max pw relative error = 0.000010
PSNR = 113.404633, NRMSE= 2.1368220527692333662E-06
normError = 0.000502, normErr_norm = 0.000003
acEff=1.000000
compressionRatio=14.565953
decompression time = 0.005568 seconds.
decompressed data file: ../../CESM-LAND-MODELS/4/log_normalized/sz_1E-5/PROD10C_1_192_288.dat.sz.out
  ✓ Compression and decompression successful (ratio: 14.56x)

[173/176] Processing: PROD10C_LOSS_1_192_288.dat
compression time = 0.011196
compressed data file: ../../CESM-LAND-MODELS/4/log_normalized/PROD10C_LOSS_1_192_288.dat.sz
Min=0, Max=1, range=1
Max absolute error = 0.0000099987
Max relative error = 0.000010
Max pw relative error = 0.000010
PSNR = 113.404633, NRMSE= 2.1368220527692333662E-06
normError = 0.000502, normErr_norm = 0.000003
acEff=1.000000
compressionRatio=14.565953
decompression time = 0.005523 seconds.
decompressed data file: ../../CESM-LAND-MODELS/4/log_normalized/sz_1E-5/PROD10C_LOSS_1_192_288.dat.sz.out
  ✓ Compression and decompression successful (ratio: 14.56x)

[174/176] Processing: PROD10N_1_192_288.dat
compression time = 0.011795
compressed data file: ../../CESM-LAND-MODELS/4/log_normalized/PROD10N_1_192_288.dat.sz
Min=0, Max=1, range=1
Max absolute error = 0.0000099987
Max relative error = 0.000010
Max pw relative error = 0.000010
PSNR = 113.404633, NRMSE= 2.1368220527692333662E-06
normError = 0.000502, normErr_norm = 0.000003
acEff=1.000000
compressionRatio=14.565953
decompression time = 0.005459 seconds.
decompressed data file: ../../CESM-LAND-MODELS/4/log_normalized/sz_1E-5/PROD10N_1_192_288.dat.sz.out
  ✓ Compression and decompression successful (ratio: 14.56x)

[175/176] Processing: topo_192_288.dat
compression time = 0.011239
compressed data file: ../../CESM-LAND-MODELS/4/log_normalized/topo_192_288.dat.sz
Min=0, Max=1, range=1
Max absolute error = 0.0000099987
Max relative error = 0.000010
Max pw relative error = 0.000010
PSNR = 113.404633, NRMSE= 2.1368220527692333662E-06
normError = 0.000502, normErr_norm = 0.000003
acEff=1.000000
compressionRatio=14.565953
decompression time = 0.004928 seconds.
decompressed data file: ../../CESM-LAND-MODELS/4/log_normalized/sz_1E-5/topo_192_288.dat.sz.out
  ✓ Compression and decompression successful (ratio: 14.56x)

[176/176] Processing: topodnsc_192_288.dat
compression time = 0.011107
compressed data file: ../../CESM-LAND-MODELS/4/log_normalized/topodnsc_192_288.dat.sz
Min=0, Max=1, range=1
Max absolute error = 0.0000099987
Max relative error = 0.000010
Max pw relative error = 0.000010
PSNR = 113.404633, NRMSE= 2.1368220527692333662E-06
normError = 0.000502, normErr_norm = 0.000003
acEff=1.000000
compressionRatio=14.565953
decompression time = 0.005699 seconds.
decompressed data file: ../../CESM-LAND-MODELS/4/log_normalized/sz_1E-5/topodnsc_192_288.dat.sz.out
  ✓ Compression and decompression successful (ratio: 14.56x)

=== Summary ===
Total files processed: 176
Total files skipped: 0
Total files failed: 0

