Input directory: ../../CESM-LAND-MODELS/4/log_normalized
Output directory: ../../CESM-LAND-MODELS/4/log_normalized/sz_1E-4
Dimensions: 192x288
Error bound: 1E-4
SZ config: sz.config

Found 176 .dat file(s) to process

[1/176] Processing: ACTUAL_IMMOB_1_192_288.dat
compression time = 0.010678
compressed data file: ../../CESM-LAND-MODELS/4/log_normalized/ACTUAL_IMMOB_1_192_288.dat.sz
Min=0, Max=1, range=1
Max absolute error = 0.0000999570
Max relative error = 0.000100
Max pw relative error = 69463.393244
PSNR = 92.400352, NRMSE= 2.3987357103464568785E-05
normError = 0.005641, normErr_norm = 0.000030
acEff=1.000000
compressionRatio=19.268577
decompression time = 0.005444 seconds.
decompressed data file: ../../CESM-LAND-MODELS/4/log_normalized/sz_1E-4/ACTUAL_IMMOB_1_192_288.dat.sz.out
  ✓ Compression and decompression successful (ratio: 19.26x)

[2/176] Processing: AGNPP_1_192_288.dat
compression time = 0.012861
compressed data file: ../../CESM-LAND-MODELS/4/log_normalized/AGNPP_1_192_288.dat.sz
Min=0, Max=1, range=1
Max absolute error = 0.0000999570
Max relative error = 0.000100
Max pw relative error = 68157.827347
PSNR = 92.402886, NRMSE= 2.3980360278170419739E-05
normError = 0.005639, normErr_norm = 0.000030
acEff=1.000000
compressionRatio=19.339337
decompression time = 0.005078 seconds.
decompressed data file: ../../CESM-LAND-MODELS/4/log_normalized/sz_1E-4/AGNPP_1_192_288.dat.sz.out
  ✓ Compression and decompression successful (ratio: 19.33x)

[3/176] Processing: ANN_FAREA_BURNED_1_192_288.dat
compression time = 0.009137
compressed data file: ../../CESM-LAND-MODELS/4/log_normalized/ANN_FAREA_BURNED_1_192_288.dat.sz
Min=0, Max=1, range=1
Max absolute error = 0.0000999981
Max relative error = 0.000100
Max pw relative error = 68613.385090
PSNR = 87.544508, NRMSE= 4.1954117354170006717E-05
normError = 0.009866, normErr_norm = 0.000049
acEff=1.000000
compressionRatio=12.894019
decompression time = 0.005253 seconds.
decompressed data file: ../../CESM-LAND-MODELS/4/log_normalized/sz_1E-4/ANN_FAREA_BURNED_1_192_288.dat.sz.out
  ✓ Compression and decompression successful (ratio: 12.89x)

[4/176] Processing: AR_1_192_288.dat
compression time = 0.008597
compressed data file: ../../CESM-LAND-MODELS/4/log_normalized/AR_1_192_288.dat.sz
Min=0, Max=1, range=1
Max absolute error = 0.0000999981
Max relative error = 0.000100
Max pw relative error = 69048.927880
PSNR = 92.227719, NRMSE= 2.4468877389516312829E-05
normError = 0.005754, normErr_norm = 0.000031
acEff=1.000000
compressionRatio=19.126946
decompression time = 0.005362 seconds.
decompressed data file: ../../CESM-LAND-MODELS/4/log_normalized/sz_1E-4/AR_1_192_288.dat.sz.out
  ✓ Compression and decompression successful (ratio: 19.12x)

[5/176] Processing: area_192_288.dat
compression time = 0.008569
compressed data file: ../../CESM-LAND-MODELS/4/log_normalized/area_192_288.dat.sz
Min=0, Max=1, range=1
Max absolute error = 0.0000999868
Max relative error = 0.000100
Max pw relative error = 0.001303
PSNR = 86.269419, NRMSE= 4.8588004217076526906E-05
normError = 0.011426, normErr_norm = 0.000061
acEff=1.000000
compressionRatio=13.847367
decompression time = 0.005031 seconds.
decompressed data file: ../../CESM-LAND-MODELS/4/log_normalized/sz_1E-4/area_192_288.dat.sz.out
  ✓ Compression and decompression successful (ratio: 13.84x)

[6/176] Processing: areaatm_192_288.dat
compression time = 0.009150
compressed data file: ../../CESM-LAND-MODELS/4/log_normalized/areaatm_192_288.dat.sz
Min=0, Max=1, range=1
Max absolute error = 0.0000999998
Max relative error = 0.000100
Max pw relative error = 0.000127
PSNR = 85.975273, NRMSE= 5.0261604300534144861E-05
normError = 0.011819, normErr_norm = 0.000090
acEff=1.000000
compressionRatio=12.346991
decompression time = 0.005194 seconds.
decompressed data file: ../../CESM-LAND-MODELS/4/log_normalized/sz_1E-4/areaatm_192_288.dat.sz.out
  ✓ Compression and decompression successful (ratio: 12.34x)

[7/176] Processing: areaupsc_192_288.dat
compression time = 0.011683
compressed data file: ../../CESM-LAND-MODELS/4/log_normalized/areaupsc_192_288.dat.sz
Min=0, Max=1, range=1
Max absolute error = 0.0000999868
Max relative error = 0.000100
Max pw relative error = 0.001303
PSNR = 86.269419, NRMSE= 4.8588004217076526906E-05
normError = 0.011426, normErr_norm = 0.000061
acEff=1.000000
compressionRatio=13.847367
decompression time = 0.005786 seconds.
decompressed data file: ../../CESM-LAND-MODELS/4/log_normalized/sz_1E-4/areaupsc_192_288.dat.sz.out
  ✓ Compression and decompression successful (ratio: 13.84x)

[8/176] Processing: BCDEP_1_192_288.dat
compression time = 0.009658
compressed data file: ../../CESM-LAND-MODELS/4/log_normalized/BCDEP_1_192_288.dat.sz
Min=0, Max=1, range=1
Max absolute error = 0.0000999570
Max relative error = 0.000100
Max pw relative error = 0.000100
PSNR = 92.400327, NRMSE= 2.3987425115270493011E-05
normError = 0.005641, normErr_norm = 0.000030
acEff=1.000000
compressionRatio=19.324131
decompression time = 0.007494 seconds.
decompressed data file: ../../CESM-LAND-MODELS/4/log_normalized/sz_1E-4/BCDEP_1_192_288.dat.sz.out
  ✓ Compression and decompression successful (ratio: 19.32x)

[9/176] Processing: BGNPP_1_192_288.dat
compression time = 0.009137
compressed data file: ../../CESM-LAND-MODELS/4/log_normalized/BGNPP_1_192_288.dat.sz
Min=0, Max=1, range=1
Max absolute error = 0.0000999570
Max relative error = 0.000100
Max pw relative error = 68157.827347
PSNR = 92.491091, NRMSE= 2.3738071373838292427E-05
normError = 0.005582, normErr_norm = 0.000030
acEff=1.000000
compressionRatio=19.325819
decompression time = 0.004756 seconds.
decompressed data file: ../../CESM-LAND-MODELS/4/log_normalized/sz_1E-4/BGNPP_1_192_288.dat.sz.out
  ✓ Compression and decompression successful (ratio: 19.32x)

[10/176] Processing: BTRAN_1_192_288.dat
compression time = 0.009287
compressed data file: ../../CESM-LAND-MODELS/4/log_normalized/BTRAN_1_192_288.dat.sz
Min=0, Max=1, range=1
Max absolute error = 0.0000999995
Max relative error = 0.000100
Max pw relative error = 4587.753690
PSNR = 86.927141, NRMSE= 4.504462379485358513E-05
normError = 0.010592, normErr_norm = 0.000057
acEff=1.000000
compressionRatio=8.626521
decompression time = 0.005796 seconds.
decompressed data file: ../../CESM-LAND-MODELS/4/log_normalized/sz_1E-4/BTRAN_1_192_288.dat.sz.out
  ✓ Compression and decompression successful (ratio: 8.62x)

[11/176] Processing: BUILDHEAT_1_192_288.dat
compression time = 0.009732
compressed data file: ../../CESM-LAND-MODELS/4/log_normalized/BUILDHEAT_1_192_288.dat.sz
Min=0, Max=1, range=1
Max absolute error = 0.0000999905
Max relative error = 0.000100
Max pw relative error = 0.002483
PSNR = 86.848949, NRMSE= 4.5451951668203208244E-05
normError = 0.010688, normErr_norm = 0.000058
acEff=1.000000
compressionRatio=15.097884
decompression time = 0.005749 seconds.
decompressed data file: ../../CESM-LAND-MODELS/4/log_normalized/sz_1E-4/BUILDHEAT_1_192_288.dat.sz.out
  ✓ Compression and decompression successful (ratio: 15.09x)

[12/176] Processing: COL_CTRUNC_1_192_288.dat
compression time = 0.009253
compressed data file: ../../CESM-LAND-MODELS/4/log_normalized/COL_CTRUNC_1_192_288.dat.sz
Min=0, Max=1, range=1
Max absolute error = 0.0000999570
Max relative error = 0.000100
Max pw relative error = 63909.557366
PSNR = 92.285612, NRMSE= 2.4306329304944360533E-05
normError = 0.005716, normErr_norm = 0.000031
acEff=1.000000
compressionRatio=18.953213
decompression time = 0.005401 seconds.
decompressed data file: ../../CESM-LAND-MODELS/4/log_normalized/sz_1E-4/COL_CTRUNC_1_192_288.dat.sz.out
  ✓ Compression and decompression successful (ratio: 18.95x)

[13/176] Processing: COL_FIRE_CLOSS_1_192_288.dat
compression time = 0.008937
compressed data file: ../../CESM-LAND-MODELS/4/log_normalized/COL_FIRE_CLOSS_1_192_288.dat.sz
Min=0, Max=1, range=1
Max absolute error = 0.0000999570
Max relative error = 0.000100
Max pw relative error = 65714.485219
PSNR = 92.400333, NRMSE= 2.3987408358484081145E-05
normError = 0.005641, normErr_norm = 0.000030
acEff=1.000000
compressionRatio=19.310634
decompression time = 0.005618 seconds.
decompressed data file: ../../CESM-LAND-MODELS/4/log_normalized/sz_1E-4/COL_FIRE_CLOSS_1_192_288.dat.sz.out
  ✓ Compression and decompression successful (ratio: 19.31x)

[14/176] Processing: COL_FIRE_NLOSS_1_192_288.dat
compression time = 0.008865
compressed data file: ../../CESM-LAND-MODELS/4/log_normalized/COL_FIRE_NLOSS_1_192_288.dat.sz
Min=0, Max=1, range=1
Max absolute error = 0.0000999570
Max relative error = 0.000100
Max pw relative error = 63992.450439
PSNR = 92.400327, NRMSE= 2.3987424929950797224E-05
normError = 0.005641, normErr_norm = 0.000030
acEff=1.000000
compressionRatio=19.324131
decompression time = 0.005913 seconds.
decompressed data file: ../../CESM-LAND-MODELS/4/log_normalized/sz_1E-4/COL_FIRE_NLOSS_1_192_288.dat.sz.out
  ✓ Compression and decompression successful (ratio: 19.32x)

[15/176] Processing: COL_NTRUNC_1_192_288.dat
compression time = 0.009537
compressed data file: ../../CESM-LAND-MODELS/4/log_normalized/COL_NTRUNC_1_192_288.dat.sz
Min=0, Max=1, range=1
Max absolute error = 0.0000999570
Max relative error = 0.000100
Max pw relative error = 69276.529672
PSNR = 92.514205, NRMSE= 2.3674986876481190682E-05
normError = 0.005567, normErr_norm = 0.000030
acEff=1.000000
compressionRatio=17.061401
decompression time = 0.005229 seconds.
decompressed data file: ../../CESM-LAND-MODELS/4/log_normalized/sz_1E-4/COL_NTRUNC_1_192_288.dat.sz.out
  ✓ Compression and decompression successful (ratio: 17.06x)

[16/176] Processing: CPOOL_1_192_288.dat
compression time = 0.009170
compressed data file: ../../CESM-LAND-MODELS/4/log_normalized/CPOOL_1_192_288.dat.sz
Min=0, Max=1, range=1
Max absolute error = 0.0000999570
Max relative error = 0.000100
Max pw relative error = 0.000100
PSNR = 92.400327, NRMSE= 2.3987425115270493011E-05
normError = 0.005641, normErr_norm = 0.000030
acEff=1.000000
compressionRatio=19.324131
decompression time = 0.006167 seconds.
decompressed data file: ../../CESM-LAND-MODELS/4/log_normalized/sz_1E-4/CPOOL_1_192_288.dat.sz.out
  ✓ Compression and decompression successful (ratio: 19.32x)

[17/176] Processing: CWDC_1_192_288.dat
compression time = 0.010031
compressed data file: ../../CESM-LAND-MODELS/4/log_normalized/CWDC_1_192_288.dat.sz
Min=0, Max=1, range=1
Max absolute error = 0.0000999868
Max relative error = 0.000100
Max pw relative error = 68569.702302
PSNR = 87.946821, NRMSE= 4.0055204572697644151E-05
normError = 0.009419, normErr_norm = 0.000051
acEff=1.000000
compressionRatio=5.166402
decompression time = 0.006434 seconds.
decompressed data file: ../../CESM-LAND-MODELS/4/log_normalized/sz_1E-4/CWDC_1_192_288.dat.sz.out
  ✓ Compression and decompression successful (ratio: 5.16x)

[18/176] Processing: CWDC_HR_1_192_288.dat
compression time = 0.009025
compressed data file: ../../CESM-LAND-MODELS/4/log_normalized/CWDC_HR_1_192_288.dat.sz
Min=0, Max=1, range=1
Max absolute error = 0.0000999570
Max relative error = 0.000100
Max pw relative error = 0.000100
PSNR = 92.400327, NRMSE= 2.3987425115270493011E-05
normError = 0.005641, normErr_norm = 0.000030
acEff=1.000000
compressionRatio=19.324131
decompression time = 0.005042 seconds.
decompressed data file: ../../CESM-LAND-MODELS/4/log_normalized/sz_1E-4/CWDC_HR_1_192_288.dat.sz.out
  ✓ Compression and decompression successful (ratio: 19.32x)

[19/176] Processing: CWDC_LOSS_1_192_288.dat
compression time = 0.009234
compressed data file: ../../CESM-LAND-MODELS/4/log_normalized/CWDC_LOSS_1_192_288.dat.sz
Min=0, Max=1, range=1
Max absolute error = 0.0000999570
Max relative error = 0.000100
Max pw relative error = 69463.393244
PSNR = 92.404670, NRMSE= 2.3975436284388207842E-05
normError = 0.005638, normErr_norm = 0.000030
acEff=1.000000
compressionRatio=19.351181
decompression time = 0.005733 seconds.
decompressed data file: ../../CESM-LAND-MODELS/4/log_normalized/sz_1E-4/CWDC_LOSS_1_192_288.dat.sz.out
  ✓ Compression and decompression successful (ratio: 19.35x)

[20/176] Processing: CWDN_1_192_288.dat
compression time = 0.009612
compressed data file: ../../CESM-LAND-MODELS/4/log_normalized/CWDN_1_192_288.dat.sz
Min=0, Max=1, range=1
Max absolute error = 0.0000999905
Max relative error = 0.000100
Max pw relative error = 67110.887433
PSNR = 87.612526, NRMSE= 4.1626866227485835993E-05
normError = 0.009789, normErr_norm = 0.000053
acEff=1.000000
compressionRatio=7.248845
decompression time = 0.005500 seconds.
decompressed data file: ../../CESM-LAND-MODELS/4/log_normalized/sz_1E-4/CWDN_1_192_288.dat.sz.out
  ✓ Compression and decompression successful (ratio: 7.24x)

[21/176] Processing: DEADCROOTC_1_192_288.dat
compression time = 0.011387
compressed data file: ../../CESM-LAND-MODELS/4/log_normalized/DEADCROOTC_1_192_288.dat.sz
Min=0, Max=1, range=1
Max absolute error = 0.0000999905
Max relative error = 0.000100
Max pw relative error = 51558.489520
PSNR = 88.378360, NRMSE= 3.8113778877542620722E-05
normError = 0.008962, normErr_norm = 0.000048
acEff=1.000000
compressionRatio=4.984765
decompression time = 0.006575 seconds.
decompressed data file: ../../CESM-LAND-MODELS/4/log_normalized/sz_1E-4/DEADCROOTC_1_192_288.dat.sz.out
  ✓ Compression and decompression successful (ratio: 4.98x)

[22/176] Processing: DEADCROOTN_1_192_288.dat
compression time = 0.009855
compressed data file: ../../CESM-LAND-MODELS/4/log_normalized/DEADCROOTN_1_192_288.dat.sz
Min=0, Max=1, range=1
Max absolute error = 0.0000999728
Max relative error = 0.000100
Max pw relative error = 63788.759331
PSNR = 87.241896, NRMSE= 4.3441537965743200536E-05
normError = 0.010215, normErr_norm = 0.000055
acEff=1.000000
compressionRatio=6.882106
decompression time = 0.006004 seconds.
decompressed data file: ../../CESM-LAND-MODELS/4/log_normalized/sz_1E-4/DEADCROOTN_1_192_288.dat.sz.out
  ✓ Compression and decompression successful (ratio: 6.88x)

[23/176] Processing: DEADSTEMC_1_192_288.dat
compression time = 0.011198
compressed data file: ../../CESM-LAND-MODELS/4/log_normalized/DEADSTEMC_1_192_288.dat.sz
Min=0, Max=1, range=1
Max absolute error = 0.0000999868
Max relative error = 0.000100
Max pw relative error = 23696.221686
PSNR = 88.045551, NRMSE= 3.9602487652470052019E-05
normError = 0.009313, normErr_norm = 0.000050
acEff=1.000000
compressionRatio=4.877804
decompression time = 0.007111 seconds.
decompressed data file: ../../CESM-LAND-MODELS/4/log_normalized/sz_1E-4/DEADSTEMC_1_192_288.dat.sz.out
  ✓ Compression and decompression successful (ratio: 4.87x)

[24/176] Processing: DEADSTEMN_1_192_288.dat
compression time = 0.009546
compressed data file: ../../CESM-LAND-MODELS/4/log_normalized/DEADSTEMN_1_192_288.dat.sz
Min=0, Max=1, range=1
Max absolute error = 0.0000999980
Max relative error = 0.000100
Max pw relative error = 15326.800904
PSNR = 87.689758, NRMSE= 4.1258373544216172277E-05
normError = 0.009702, normErr_norm = 0.000052
acEff=1.000000
compressionRatio=6.184024
decompression time = 0.005872 seconds.
decompressed data file: ../../CESM-LAND-MODELS/4/log_normalized/sz_1E-4/DEADSTEMN_1_192_288.dat.sz.out
  ✓ Compression and decompression successful (ratio: 6.18x)

[25/176] Processing: DENIT_1_192_288.dat
compression time = 0.008899
compressed data file: ../../CESM-LAND-MODELS/4/log_normalized/DENIT_1_192_288.dat.sz
Min=0, Max=1, range=1
Max absolute error = 0.0000999570
Max relative error = 0.000100
Max pw relative error = 68150.056121
PSNR = 92.400332, NRMSE= 2.3987412652214864123E-05
normError = 0.005641, normErr_norm = 0.000030
acEff=1.000000
compressionRatio=19.315693
decompression time = 0.006592 seconds.
decompressed data file: ../../CESM-LAND-MODELS/4/log_normalized/sz_1E-4/DENIT_1_192_288.dat.sz.out
  ✓ Compression and decompression successful (ratio: 19.31x)

[26/176] Processing: DISPVEGC_1_192_288.dat
compression time = 0.009947
compressed data file: ../../CESM-LAND-MODELS/4/log_normalized/DISPVEGC_1_192_288.dat.sz
Min=0, Max=1, range=1
Max absolute error = 0.0000999793
Max relative error = 0.000100
Max pw relative error = 65027.318645
PSNR = 87.702384, NRMSE= 4.1198442000012241342E-05
normError = 0.009688, normErr_norm = 0.000052
acEff=1.000000
compressionRatio=4.772451
decompression time = 0.005979 seconds.
decompressed data file: ../../CESM-LAND-MODELS/4/log_normalized/sz_1E-4/DISPVEGC_1_192_288.dat.sz.out
  ✓ Compression and decompression successful (ratio: 4.77x)

[27/176] Processing: DISPVEGN_1_192_288.dat
compression time = 0.008556
compressed data file: ../../CESM-LAND-MODELS/4/log_normalized/DISPVEGN_1_192_288.dat.sz
Min=0, Max=1, range=1
Max absolute error = 0.0000999980
Max relative error = 0.000100
Max pw relative error = 27502.113933
PSNR = 87.369490, NRMSE= 4.2808055338646351922E-05
normError = 0.010066, normErr_norm = 0.000054
acEff=1.000000
compressionRatio=5.755204
decompression time = 0.005972 seconds.
decompressed data file: ../../CESM-LAND-MODELS/4/log_normalized/sz_1E-4/DISPVEGN_1_192_288.dat.sz.out
  ✓ Compression and decompression successful (ratio: 5.75x)

[28/176] Processing: DSTDEP_1_192_288.dat
compression time = 0.010756
compressed data file: ../../CESM-LAND-MODELS/4/log_normalized/DSTDEP_1_192_288.dat.sz
Min=0, Max=1, range=1
Max absolute error = 0.0000999570
Max relative error = 0.000100
Max pw relative error = 0.000100
PSNR = 92.400327, NRMSE= 2.3987425115270493011E-05
normError = 0.005641, normErr_norm = 0.000030
acEff=1.000000
compressionRatio=19.324131
decompression time = 0.005713 seconds.
decompressed data file: ../../CESM-LAND-MODELS/4/log_normalized/sz_1E-4/DSTDEP_1_192_288.dat.sz.out
  ✓ Compression and decompression successful (ratio: 19.32x)

[29/176] Processing: DSTFLXT_1_192_288.dat
compression time = 0.009160
compressed data file: ../../CESM-LAND-MODELS/4/log_normalized/DSTFLXT_1_192_288.dat.sz
Min=0, Max=1, range=1
Max absolute error = 0.0000999570
Max relative error = 0.000100
Max pw relative error = 68114.023134
PSNR = 92.400327, NRMSE= 2.3987425286822752443E-05
normError = 0.005641, normErr_norm = 0.000030
acEff=1.000000
compressionRatio=19.310634
decompression time = 0.005106 seconds.
decompressed data file: ../../CESM-LAND-MODELS/4/log_normalized/sz_1E-4/DSTFLXT_1_192_288.dat.sz.out
  ✓ Compression and decompression successful (ratio: 19.31x)

[30/176] Processing: DWT_CLOSS_1_192_288.dat
compression time = 0.009569
compressed data file: ../../CESM-LAND-MODELS/4/log_normalized/DWT_CLOSS_1_192_288.dat.sz
Min=0, Max=1, range=1
Max absolute error = 0.0000999570
Max relative error = 0.000100
Max pw relative error = 0.000100
PSNR = 92.400327, NRMSE= 2.3987425115270493011E-05
normError = 0.005641, normErr_norm = 0.000030
acEff=1.000000
compressionRatio=19.324131
decompression time = 0.005671 seconds.
decompressed data file: ../../CESM-LAND-MODELS/4/log_normalized/sz_1E-4/DWT_CLOSS_1_192_288.dat.sz.out
  ✓ Compression and decompression successful (ratio: 19.32x)

[31/176] Processing: DWT_CONV_CFLUX_1_192_288.dat
compression time = 0.008849
compressed data file: ../../CESM-LAND-MODELS/4/log_normalized/DWT_CONV_CFLUX_1_192_288.dat.sz
Min=0, Max=1, range=1
Max absolute error = 0.0000999570
Max relative error = 0.000100
Max pw relative error = 0.000100
PSNR = 92.400327, NRMSE= 2.3987425115270493011E-05
normError = 0.005641, normErr_norm = 0.000030
acEff=1.000000
compressionRatio=19.324131
decompression time = 0.005647 seconds.
decompressed data file: ../../CESM-LAND-MODELS/4/log_normalized/sz_1E-4/DWT_CONV_CFLUX_1_192_288.dat.sz.out
  ✓ Compression and decompression successful (ratio: 19.32x)

[32/176] Processing: DWT_CONV_NFLUX_1_192_288.dat
compression time = 0.008994
compressed data file: ../../CESM-LAND-MODELS/4/log_normalized/DWT_CONV_NFLUX_1_192_288.dat.sz
Min=0, Max=1, range=1
Max absolute error = 0.0000999570
Max relative error = 0.000100
Max pw relative error = 0.000100
PSNR = 92.400327, NRMSE= 2.3987425115270493011E-05
normError = 0.005641, normErr_norm = 0.000030
acEff=1.000000
compressionRatio=19.324131
decompression time = 0.005084 seconds.
decompressed data file: ../../CESM-LAND-MODELS/4/log_normalized/sz_1E-4/DWT_CONV_NFLUX_1_192_288.dat.sz.out
  ✓ Compression and decompression successful (ratio: 19.32x)

[33/176] Processing: DWT_NLOSS_1_192_288.dat
compression time = 0.009479
compressed data file: ../../CESM-LAND-MODELS/4/log_normalized/DWT_NLOSS_1_192_288.dat.sz
Min=0, Max=1, range=1
Max absolute error = 0.0000999570
Max relative error = 0.000100
Max pw relative error = 0.000100
PSNR = 92.400327, NRMSE= 2.3987425115270493011E-05
normError = 0.005641, normErr_norm = 0.000030
acEff=1.000000
compressionRatio=19.324131
decompression time = 0.005355 seconds.
decompressed data file: ../../CESM-LAND-MODELS/4/log_normalized/sz_1E-4/DWT_NLOSS_1_192_288.dat.sz.out
  ✓ Compression and decompression successful (ratio: 19.32x)

[34/176] Processing: DWT_PROD100C_GAIN_1_192_288.dat
compression time = 0.009672
compressed data file: ../../CESM-LAND-MODELS/4/log_normalized/DWT_PROD100C_GAIN_1_192_288.dat.sz
Min=0, Max=1, range=1
Max absolute error = 0.0000999570
Max relative error = 0.000100
Max pw relative error = 0.000100
PSNR = 92.400327, NRMSE= 2.3987425115270493011E-05
normError = 0.005641, normErr_norm = 0.000030
acEff=1.000000
compressionRatio=19.324131
decompression time = 0.005306 seconds.
decompressed data file: ../../CESM-LAND-MODELS/4/log_normalized/sz_1E-4/DWT_PROD100C_GAIN_1_192_288.dat.sz.out
  ✓ Compression and decompression successful (ratio: 19.32x)

[35/176] Processing: DWT_PROD100N_GAIN_1_192_288.dat
compression time = 0.008591
compressed data file: ../../CESM-LAND-MODELS/4/log_normalized/DWT_PROD100N_GAIN_1_192_288.dat.sz
Min=0, Max=1, range=1
Max absolute error = 0.0000999570
Max relative error = 0.000100
Max pw relative error = 0.000100
PSNR = 92.400327, NRMSE= 2.3987425115270493011E-05
normError = 0.005641, normErr_norm = 0.000030
acEff=1.000000
compressionRatio=19.324131
decompression time = 0.006223 seconds.
decompressed data file: ../../CESM-LAND-MODELS/4/log_normalized/sz_1E-4/DWT_PROD100N_GAIN_1_192_288.dat.sz.out
  ✓ Compression and decompression successful (ratio: 19.32x)

[36/176] Processing: DWT_PROD10C_GAIN_1_192_288.dat
compression time = 0.009489
compressed data file: ../../CESM-LAND-MODELS/4/log_normalized/DWT_PROD10C_GAIN_1_192_288.dat.sz
Min=0, Max=1, range=1
Max absolute error = 0.0000999570
Max relative error = 0.000100
Max pw relative error = 0.000100
PSNR = 92.400327, NRMSE= 2.3987425115270493011E-05
normError = 0.005641, normErr_norm = 0.000030
acEff=1.000000
compressionRatio=19.324131
decompression time = 0.005315 seconds.
decompressed data file: ../../CESM-LAND-MODELS/4/log_normalized/sz_1E-4/DWT_PROD10C_GAIN_1_192_288.dat.sz.out
  ✓ Compression and decompression successful (ratio: 19.32x)

[37/176] Processing: DWT_PROD10N_GAIN_1_192_288.dat
compression time = 0.009198
compressed data file: ../../CESM-LAND-MODELS/4/log_normalized/DWT_PROD10N_GAIN_1_192_288.dat.sz
Min=0, Max=1, range=1
Max absolute error = 0.0000999570
Max relative error = 0.000100
Max pw relative error = 0.000100
PSNR = 92.400327, NRMSE= 2.3987425115270493011E-05
normError = 0.005641, normErr_norm = 0.000030
acEff=1.000000
compressionRatio=19.324131
decompression time = 0.005817 seconds.
decompressed data file: ../../CESM-LAND-MODELS/4/log_normalized/sz_1E-4/DWT_PROD10N_GAIN_1_192_288.dat.sz.out
  ✓ Compression and decompression successful (ratio: 19.32x)

[38/176] Processing: DWT_SEEDC_TO_DEADSTEM_1_192_288.dat
compression time = 0.008687
compressed data file: ../../CESM-LAND-MODELS/4/log_normalized/DWT_SEEDC_TO_DEADSTEM_1_192_288.dat.sz
Min=0, Max=1, range=1
Max absolute error = 0.0000999570
Max relative error = 0.000100
Max pw relative error = 0.000100
PSNR = 92.400327, NRMSE= 2.3987425115270493011E-05
normError = 0.005641, normErr_norm = 0.000030
acEff=1.000000
compressionRatio=19.324131
decompression time = 0.005418 seconds.
decompressed data file: ../../CESM-LAND-MODELS/4/log_normalized/sz_1E-4/DWT_SEEDC_TO_DEADSTEM_1_192_288.dat.sz.out
  ✓ Compression and decompression successful (ratio: 19.32x)

[39/176] Processing: DWT_SEEDC_TO_LEAF_1_192_288.dat
compression time = 0.009139
compressed data file: ../../CESM-LAND-MODELS/4/log_normalized/DWT_SEEDC_TO_LEAF_1_192_288.dat.sz
Min=0, Max=1, range=1
Max absolute error = 0.0000999570
Max relative error = 0.000100
Max pw relative error = 0.000100
PSNR = 92.400327, NRMSE= 2.3987425115270493011E-05
normError = 0.005641, normErr_norm = 0.000030
acEff=1.000000
compressionRatio=19.324131
decompression time = 0.005334 seconds.
decompressed data file: ../../CESM-LAND-MODELS/4/log_normalized/sz_1E-4/DWT_SEEDC_TO_LEAF_1_192_288.dat.sz.out
  ✓ Compression and decompression successful (ratio: 19.32x)

[40/176] Processing: DWT_SEEDN_TO_DEADSTEM_1_192_288.dat
compression time = 0.008580
compressed data file: ../../CESM-LAND-MODELS/4/log_normalized/DWT_SEEDN_TO_DEADSTEM_1_192_288.dat.sz
Min=0, Max=1, range=1
Max absolute error = 0.0000999570
Max relative error = 0.000100
Max pw relative error = 0.000100
PSNR = 92.400327, NRMSE= 2.3987425115270493011E-05
normError = 0.005641, normErr_norm = 0.000030
acEff=1.000000
compressionRatio=19.324131
decompression time = 0.005121 seconds.
decompressed data file: ../../CESM-LAND-MODELS/4/log_normalized/sz_1E-4/DWT_SEEDN_TO_DEADSTEM_1_192_288.dat.sz.out
  ✓ Compression and decompression successful (ratio: 19.32x)

[41/176] Processing: DWT_SEEDN_TO_LEAF_1_192_288.dat
compression time = 0.007887
compressed data file: ../../CESM-LAND-MODELS/4/log_normalized/DWT_SEEDN_TO_LEAF_1_192_288.dat.sz
Min=0, Max=1, range=1
Max absolute error = 0.0000999570
Max relative error = 0.000100
Max pw relative error = 0.000100
PSNR = 92.400327, NRMSE= 2.3987425115270493011E-05
normError = 0.005641, normErr_norm = 0.000030
acEff=1.000000
compressionRatio=19.324131
decompression time = 0.007077 seconds.
decompressed data file: ../../CESM-LAND-MODELS/4/log_normalized/sz_1E-4/DWT_SEEDN_TO_LEAF_1_192_288.dat.sz.out
  ✓ Compression and decompression successful (ratio: 19.32x)

[42/176] Processing: EFLX_DYNBAL_1_192_288.dat
compression time = 0.009775
compressed data file: ../../CESM-LAND-MODELS/4/log_normalized/EFLX_DYNBAL_1_192_288.dat.sz
Min=0, Max=1, range=1
Max absolute error = 0.0000999570
Max relative error = 0.000100
Max pw relative error = 0.000100
PSNR = 92.400327, NRMSE= 2.3987425115270493011E-05
normError = 0.005641, normErr_norm = 0.000030
acEff=1.000000
compressionRatio=19.324131
decompression time = 0.005227 seconds.
decompressed data file: ../../CESM-LAND-MODELS/4/log_normalized/sz_1E-4/EFLX_DYNBAL_1_192_288.dat.sz.out
  ✓ Compression and decompression successful (ratio: 19.32x)

[43/176] Processing: EFLX_LH_TOT_R_1_192_288.dat
compression time = 0.009506
compressed data file: ../../CESM-LAND-MODELS/4/log_normalized/EFLX_LH_TOT_R_1_192_288.dat.sz
Min=0, Max=1, range=1
Max absolute error = 0.0000999980
Max relative error = 0.000100
Max pw relative error = 0.006362
PSNR = 87.023024, NRMSE= 4.4550110498288509925E-05
normError = 0.010476, normErr_norm = 0.000052
acEff=1.000000
compressionRatio=6.459813
decompression time = 0.006246 seconds.
decompressed data file: ../../CESM-LAND-MODELS/4/log_normalized/sz_1E-4/EFLX_LH_TOT_R_1_192_288.dat.sz.out
  ✓ Compression and decompression successful (ratio: 6.45x)

[44/176] Processing: EFLX_LH_TOT_U_1_192_288.dat
compression time = 0.010593
compressed data file: ../../CESM-LAND-MODELS/4/log_normalized/EFLX_LH_TOT_U_1_192_288.dat.sz
Min=0, Max=1, range=1
Max absolute error = 0.0000999570
Max relative error = 0.000100
Max pw relative error = 0.121492
PSNR = 87.259946, NRMSE= 4.3351358343895320471E-05
normError = 0.010194, normErr_norm = 0.000045
acEff=1.000000
compressionRatio=3.728972
decompression time = 0.006036 seconds.
decompressed data file: ../../CESM-LAND-MODELS/4/log_normalized/sz_1E-4/EFLX_LH_TOT_U_1_192_288.dat.sz.out
  ✓ Compression and decompression successful (ratio: 3.72x)

[45/176] Processing: ELAI_1_192_288.dat
compression time = 0.008972
compressed data file: ../../CESM-LAND-MODELS/4/log_normalized/ELAI_1_192_288.dat.sz
Min=0, Max=1, range=1
Max absolute error = 0.0000999849
Max relative error = 0.000100
Max pw relative error = 41431.897048
PSNR = 87.066837, NRMSE= 4.4325959389963936639E-05
normError = 0.010423, normErr_norm = 0.000056
acEff=1.000000
compressionRatio=6.587366
decompression time = 0.005664 seconds.
decompressed data file: ../../CESM-LAND-MODELS/4/log_normalized/sz_1E-4/ELAI_1_192_288.dat.sz.out
  ✓ Compression and decompression successful (ratio: 6.58x)

[46/176] Processing: ER_1_192_288.dat
compression time = 0.011429
compressed data file: ../../CESM-LAND-MODELS/4/log_normalized/ER_1_192_288.dat.sz
Min=0, Max=1, range=1
Max absolute error = 0.0000999570
Max relative error = 0.000100
Max pw relative error = 68553.572962
PSNR = 92.443656, NRMSE= 2.386806468510829901E-05
normError = 0.005613, normErr_norm = 0.000030
acEff=1.000000
compressionRatio=19.293789
decompression time = 0.005995 seconds.
decompressed data file: ../../CESM-LAND-MODELS/4/log_normalized/sz_1E-4/ER_1_192_288.dat.sz.out
  ✓ Compression and decompression successful (ratio: 19.29x)

[47/176] Processing: ERRH2O_1_192_288.dat
compression time = 0.011143
compressed data file: ../../CESM-LAND-MODELS/4/log_normalized/ERRH2O_1_192_288.dat.sz
Min=0, Max=1, range=1
Max absolute error = 0.0000999570
Max relative error = 0.000100
Max pw relative error = 0.000100
PSNR = 92.400327, NRMSE= 2.3987425115270493011E-05
normError = 0.005641, normErr_norm = 0.000030
acEff=1.000000
compressionRatio=19.324131
decompression time = 0.005632 seconds.
decompressed data file: ../../CESM-LAND-MODELS/4/log_normalized/sz_1E-4/ERRH2O_1_192_288.dat.sz.out
  ✓ Compression and decompression successful (ratio: 19.32x)

[48/176] Processing: ERRSEB_1_192_288.dat
compression time = 0.009110
compressed data file: ../../CESM-LAND-MODELS/4/log_normalized/ERRSEB_1_192_288.dat.sz
Min=0, Max=1, range=1
Max absolute error = 0.0000999570
Max relative error = 0.000100
Max pw relative error = 0.000100
PSNR = 92.400327, NRMSE= 2.3987425115270493011E-05
normError = 0.005641, normErr_norm = 0.000030
acEff=1.000000
compressionRatio=19.324131
decompression time = 0.005227 seconds.
decompressed data file: ../../CESM-LAND-MODELS/4/log_normalized/sz_1E-4/ERRSEB_1_192_288.dat.sz.out
  ✓ Compression and decompression successful (ratio: 19.32x)

[49/176] Processing: ERRSOI_1_192_288.dat
compression time = 0.008556
compressed data file: ../../CESM-LAND-MODELS/4/log_normalized/ERRSOI_1_192_288.dat.sz
Min=0, Max=1, range=1
Max absolute error = 0.0000999570
Max relative error = 0.000100
Max pw relative error = 0.000100
PSNR = 92.400327, NRMSE= 2.3987425115270493011E-05
normError = 0.005641, normErr_norm = 0.000030
acEff=1.000000
compressionRatio=19.324131
decompression time = 0.005759 seconds.
decompressed data file: ../../CESM-LAND-MODELS/4/log_normalized/sz_1E-4/ERRSOI_1_192_288.dat.sz.out
  ✓ Compression and decompression successful (ratio: 19.32x)

[50/176] Processing: ERRSOL_1_192_288.dat
compression time = 0.009075
compressed data file: ../../CESM-LAND-MODELS/4/log_normalized/ERRSOL_1_192_288.dat.sz
Min=0, Max=1, range=1
Max absolute error = 0.0000999570
Max relative error = 0.000100
Max pw relative error = 0.000100
PSNR = 92.400327, NRMSE= 2.3987425115270493011E-05
normError = 0.005641, normErr_norm = 0.000030
acEff=1.000000
compressionRatio=19.324131
decompression time = 0.005497 seconds.
decompressed data file: ../../CESM-LAND-MODELS/4/log_normalized/sz_1E-4/ERRSOL_1_192_288.dat.sz.out
  ✓ Compression and decompression successful (ratio: 19.32x)

[51/176] Processing: ESAI_1_192_288.dat
compression time = 0.009336
compressed data file: ../../CESM-LAND-MODELS/4/log_normalized/ESAI_1_192_288.dat.sz
Min=0, Max=1, range=1
Max absolute error = 0.0000999995
Max relative error = 0.000100
Max pw relative error = 6906.759311
PSNR = 86.990085, NRMSE= 4.4719378516569531783E-05
normError = 0.010516, normErr_norm = 0.000057
acEff=1.000000
compressionRatio=7.470161
decompression time = 0.005944 seconds.
decompressed data file: ../../CESM-LAND-MODELS/4/log_normalized/sz_1E-4/ESAI_1_192_288.dat.sz.out
  ✓ Compression and decompression successful (ratio: 7.47x)

[52/176] Processing: FCEV_1_192_288.dat
compression time = 0.009760
compressed data file: ../../CESM-LAND-MODELS/4/log_normalized/FCEV_1_192_288.dat.sz
Min=0, Max=1, range=1
Max absolute error = 0.0000999980
Max relative error = 0.000100
Max pw relative error = 0.037985
PSNR = 85.921454, NRMSE= 5.0573999985092247861E-05
normError = 0.011893, normErr_norm = 0.000064
acEff=1.000000
compressionRatio=7.018818
decompression time = 0.005662 seconds.
decompressed data file: ../../CESM-LAND-MODELS/4/log_normalized/sz_1E-4/FCEV_1_192_288.dat.sz.out
  ✓ Compression and decompression successful (ratio: 7.01x)

[53/176] Processing: FCOV_1_192_288.dat
compression time = 0.008203
compressed data file: ../../CESM-LAND-MODELS/4/log_normalized/FCOV_1_192_288.dat.sz
Min=0, Max=1, range=1
Max absolute error = 0.0000999966
Max relative error = 0.000100
Max pw relative error = 9324.471547
PSNR = 87.226788, NRMSE= 4.3517167908993814346E-05
normError = 0.010233, normErr_norm = 0.000051
acEff=1.000000
compressionRatio=8.880039
decompression time = 0.005652 seconds.
decompressed data file: ../../CESM-LAND-MODELS/4/log_normalized/sz_1E-4/FCOV_1_192_288.dat.sz.out
  ✓ Compression and decompression successful (ratio: 8.88x)

[54/176] Processing: FCTR_1_192_288.dat
compression time = 0.009339
compressed data file: ../../CESM-LAND-MODELS/4/log_normalized/FCTR_1_192_288.dat.sz
Min=0, Max=1, range=1
Max absolute error = 0.0000999975
Max relative error = 0.000100
Max pw relative error = 65546.311040
PSNR = 88.176194, NRMSE= 3.9011290937182138325E-05
normError = 0.009174, normErr_norm = 0.000050
acEff=1.000000
compressionRatio=6.552241
decompression time = 0.005757 seconds.
decompressed data file: ../../CESM-LAND-MODELS/4/log_normalized/sz_1E-4/FCTR_1_192_288.dat.sz.out
  ✓ Compression and decompression successful (ratio: 6.55x)

[55/176] Processing: FGEV_1_192_288.dat
compression time = 0.010162
compressed data file: ../../CESM-LAND-MODELS/4/log_normalized/FGEV_1_192_288.dat.sz
Min=0, Max=1, range=1
Max absolute error = 0.0000999998
Max relative error = 0.000100
Max pw relative error = 0.007512
PSNR = 86.165701, NRMSE= 4.9171669390933742669E-05
normError = 0.011563, normErr_norm = 0.000062
acEff=1.000000
compressionRatio=5.535274
decompression time = 0.007052 seconds.
decompressed data file: ../../CESM-LAND-MODELS/4/log_normalized/sz_1E-4/FGEV_1_192_288.dat.sz.out
  ✓ Compression and decompression successful (ratio: 5.53x)

[56/176] Processing: FGR_1_192_288.dat
compression time = 0.009414
compressed data file: ../../CESM-LAND-MODELS/4/log_normalized/FGR_1_192_288.dat.sz
Min=0, Max=1, range=1
Max absolute error = 0.0000999942
Max relative error = 0.000100
Max pw relative error = 0.016065
PSNR = 87.011738, NRMSE= 4.4608035469998449701E-05
normError = 0.010490, normErr_norm = 0.000057
acEff=1.000000
compressionRatio=8.349717
decompression time = 0.005960 seconds.
decompressed data file: ../../CESM-LAND-MODELS/4/log_normalized/sz_1E-4/FGR_1_192_288.dat.sz.out
  ✓ Compression and decompression successful (ratio: 8.34x)

[57/176] Processing: FGR12_1_192_288.dat
compression time = 0.009637
compressed data file: ../../CESM-LAND-MODELS/4/log_normalized/FGR12_1_192_288.dat.sz
Min=0, Max=1, range=1
Max absolute error = 0.0000999980
Max relative error = 0.000100
Max pw relative error = 0.004721
PSNR = 86.118495, NRMSE= 4.9439637164050964093E-05
normError = 0.011626, normErr_norm = 0.000063
acEff=1.000000
compressionRatio=7.600564
decompression time = 0.005407 seconds.
decompressed data file: ../../CESM-LAND-MODELS/4/log_normalized/sz_1E-4/FGR12_1_192_288.dat.sz.out
  ✓ Compression and decompression successful (ratio: 7.60x)

[58/176] Processing: FGR_R_1_192_288.dat
compression time = 0.012108
compressed data file: ../../CESM-LAND-MODELS/4/log_normalized/FGR_R_1_192_288.dat.sz
Min=0, Max=1, range=1
Max absolute error = 0.0000999905
Max relative error = 0.000100
Max pw relative error = 0.005102
PSNR = 87.278214, NRMSE= 4.3260276964341715653E-05
normError = 0.010173, normErr_norm = 0.000050
acEff=1.000000
compressionRatio=8.487816
decompression time = 0.005804 seconds.
decompressed data file: ../../CESM-LAND-MODELS/4/log_normalized/sz_1E-4/FGR_R_1_192_288.dat.sz.out
  ✓ Compression and decompression successful (ratio: 8.48x)

[59/176] Processing: FGR_U_1_192_288.dat
compression time = 0.009923
compressed data file: ../../CESM-LAND-MODELS/4/log_normalized/FGR_U_1_192_288.dat.sz
Min=0, Max=1, range=1
Max absolute error = 0.0000999942
Max relative error = 0.000100
Max pw relative error = 0.002988
PSNR = 87.296825, NRMSE= 4.3167681882956283456E-05
normError = 0.010151, normErr_norm = 0.000045
acEff=1.000000
compressionRatio=4.403863
decompression time = 0.006195 seconds.
decompressed data file: ../../CESM-LAND-MODELS/4/log_normalized/sz_1E-4/FGR_U_1_192_288.dat.sz.out
  ✓ Compression and decompression successful (ratio: 4.40x)

[60/176] Processing: FIRA_1_192_288.dat
compression time = 0.009650
compressed data file: ../../CESM-LAND-MODELS/4/log_normalized/FIRA_1_192_288.dat.sz
Min=0, Max=1, range=1
Max absolute error = 0.0000999980
Max relative error = 0.000100
Max pw relative error = 0.006333
PSNR = 85.407007, NRMSE= 5.3659871423657750256E-05
normError = 0.012618, normErr_norm = 0.000068
acEff=1.000000
compressionRatio=6.094398
decompression time = 0.005712 seconds.
decompressed data file: ../../CESM-LAND-MODELS/4/log_normalized/sz_1E-4/FIRA_1_192_288.dat.sz.out
  ✓ Compression and decompression successful (ratio: 6.09x)

[61/176] Processing: FIRA_R_1_192_288.dat
compression time = 0.010338
compressed data file: ../../CESM-LAND-MODELS/4/log_normalized/FIRA_R_1_192_288.dat.sz
Min=0, Max=1, range=1
Max absolute error = 0.0000999831
Max relative error = 0.000100
Max pw relative error = 0.007830
PSNR = 87.032328, NRMSE= 4.4502416956389569363E-05
normError = 0.010465, normErr_norm = 0.000052
acEff=1.000000
compressionRatio=6.879323
decompression time = 0.006173 seconds.
decompressed data file: ../../CESM-LAND-MODELS/4/log_normalized/sz_1E-4/FIRA_R_1_192_288.dat.sz.out
  ✓ Compression and decompression successful (ratio: 6.87x)

[62/176] Processing: FIRA_U_1_192_288.dat
compression time = 0.011676
compressed data file: ../../CESM-LAND-MODELS/4/log_normalized/FIRA_U_1_192_288.dat.sz
Min=0, Max=1, range=1
Max absolute error = 0.0000999644
Max relative error = 0.000100
Max pw relative error = 0.010026
PSNR = 87.301130, NRMSE= 4.3146294462492959802E-05
normError = 0.010146, normErr_norm = 0.000045
acEff=1.000000
compressionRatio=3.877564
decompression time = 0.010780 seconds.
decompressed data file: ../../CESM-LAND-MODELS/4/log_normalized/sz_1E-4/FIRA_U_1_192_288.dat.sz.out
  ✓ Compression and decompression successful (ratio: 3.87x)

[63/176] Processing: FIRE_1_192_288.dat
compression time = 0.013427
compressed data file: ../../CESM-LAND-MODELS/4/log_normalized/FIRE_1_192_288.dat.sz
Min=0, Max=1, range=1
Max absolute error = 0.0000999942
Max relative error = 0.000100
Max pw relative error = 0.027855
PSNR = 86.504036, NRMSE= 4.7293145899253889806E-05
normError = 0.011121, normErr_norm = 0.000060
acEff=1.000000
compressionRatio=6.927370
decompression time = 0.005747 seconds.
decompressed data file: ../../CESM-LAND-MODELS/4/log_normalized/sz_1E-4/FIRE_1_192_288.dat.sz.out
  ✓ Compression and decompression successful (ratio: 6.92x)

[64/176] Processing: FIRESEASONL_1_192_288.dat
compression time = 0.014302
compressed data file: ../../CESM-LAND-MODELS/4/log_normalized/FIRESEASONL_1_192_288.dat.sz
Min=0, Max=1, range=1
Max absolute error = 0.0000999942
Max relative error = 0.000100
Max pw relative error = 31394.392875
PSNR = 88.456679, NRMSE= 3.7771660171970761611E-05
normError = 0.008882, normErr_norm = 0.000044
acEff=1.000000
compressionRatio=5.506747
decompression time = 0.006865 seconds.
decompressed data file: ../../CESM-LAND-MODELS/4/log_normalized/sz_1E-4/FIRESEASONL_1_192_288.dat.sz.out
  ✓ Compression and decompression successful (ratio: 5.50x)

[65/176] Processing: FLDS_1_192_288.dat
compression time = 0.009069
compressed data file: ../../CESM-LAND-MODELS/4/log_normalized/FLDS_1_192_288.dat.sz
Min=0, Max=1, range=1
Max absolute error = 0.0000999980
Max relative error = 0.000100
Max pw relative error = 0.224780
PSNR = 86.008965, NRMSE= 5.0067019093562553471E-05
normError = 0.011773, normErr_norm = 0.000063
acEff=1.000000
compressionRatio=7.165943
decompression time = 0.006439 seconds.
decompressed data file: ../../CESM-LAND-MODELS/4/log_normalized/sz_1E-4/FLDS_1_192_288.dat.sz.out
  ✓ Compression and decompression successful (ratio: 7.16x)

[66/176] Processing: FLUXFM2A_1_192_288.dat
compression time = 0.009577
compressed data file: ../../CESM-LAND-MODELS/4/log_normalized/FLUXFM2A_1_192_288.dat.sz
Min=0, Max=1, range=1
Max absolute error = 0.0000999570
Max relative error = 0.000100
Max pw relative error = 0.000100
PSNR = 92.400327, NRMSE= 2.3987425115270493011E-05
normError = 0.005641, normErr_norm = 0.000030
acEff=1.000000
compressionRatio=19.324131
decompression time = 0.005346 seconds.
decompressed data file: ../../CESM-LAND-MODELS/4/log_normalized/sz_1E-4/FLUXFM2A_1_192_288.dat.sz.out
  ✓ Compression and decompression successful (ratio: 19.32x)

[67/176] Processing: FLUXFMLND_1_192_288.dat
compression time = 0.009189
compressed data file: ../../CESM-LAND-MODELS/4/log_normalized/FLUXFMLND_1_192_288.dat.sz
Min=0, Max=1, range=1
Max absolute error = 0.0000999570
Max relative error = 0.000100
Max pw relative error = 0.000100
PSNR = 92.400327, NRMSE= 2.3987425115270493011E-05
normError = 0.005641, normErr_norm = 0.000030
acEff=1.000000
compressionRatio=19.324131
decompression time = 0.005684 seconds.
decompressed data file: ../../CESM-LAND-MODELS/4/log_normalized/sz_1E-4/FLUXFMLND_1_192_288.dat.sz.out
  ✓ Compression and decompression successful (ratio: 19.32x)

[68/176] Processing: FPG_1_192_288.dat
compression time = 0.009088
compressed data file: ../../CESM-LAND-MODELS/4/log_normalized/FPG_1_192_288.dat.sz
Min=0, Max=1, range=1
Max absolute error = 0.0000999866
Max relative error = 0.000100
Max pw relative error = 1.000000
PSNR = 88.511793, NRMSE= 3.7532747477496002141E-05
normError = 0.008826, normErr_norm = 0.000044
acEff=1.000000
compressionRatio=10.887183
decompression time = 0.005311 seconds.
decompressed data file: ../../CESM-LAND-MODELS/4/log_normalized/sz_1E-4/FPG_1_192_288.dat.sz.out
  ✓ Compression and decompression successful (ratio: 10.88x)

[69/176] Processing: FPI_1_192_288.dat
compression time = 0.008764
compressed data file: ../../CESM-LAND-MODELS/4/log_normalized/FPI_1_192_288.dat.sz
Min=0, Max=1, range=1
Max absolute error = 0.0000999910
Max relative error = 0.000100
Max pw relative error = 2.787192
PSNR = 86.950448, NRMSE= 4.4923917057056259733E-05
normError = 0.010564, normErr_norm = 0.000052
acEff=1.000000
compressionRatio=8.787953
decompression time = 0.005786 seconds.
decompressed data file: ../../CESM-LAND-MODELS/4/log_normalized/sz_1E-4/FPI_1_192_288.dat.sz.out
  ✓ Compression and decompression successful (ratio: 8.78x)

[70/176] Processing: FPSN_1_192_288.dat
compression time = 0.009892
compressed data file: ../../CESM-LAND-MODELS/4/log_normalized/FPSN_1_192_288.dat.sz
Min=0, Max=1, range=1
Max absolute error = 0.0000999834
Max relative error = 0.000100
Max pw relative error = 61984.651100
PSNR = 87.615395, NRMSE= 4.1613117678684623398E-05
normError = 0.009785, normErr_norm = 0.000053
acEff=1.000000
compressionRatio=7.025952
decompression time = 0.005851 seconds.
decompressed data file: ../../CESM-LAND-MODELS/4/log_normalized/sz_1E-4/FPSN_1_192_288.dat.sz.out
  ✓ Compression and decompression successful (ratio: 7.02x)

[71/176] Processing: FROOTC_1_192_288.dat
compression time = 0.010160
compressed data file: ../../CESM-LAND-MODELS/4/log_normalized/FROOTC_1_192_288.dat.sz
Min=0, Max=1, range=1
Max absolute error = 0.0000999942
Max relative error = 0.000100
Max pw relative error = 1167.039439
PSNR = 87.365669, NRMSE= 4.2826892425125015951E-05
normError = 0.010071, normErr_norm = 0.000054
acEff=1.000000
compressionRatio=5.497850
decompression time = 0.006294 seconds.
decompressed data file: ../../CESM-LAND-MODELS/4/log_normalized/sz_1E-4/FROOTC_1_192_288.dat.sz.out
  ✓ Compression and decompression successful (ratio: 5.49x)

[72/176] Processing: FROOTC_ALLOC_1_192_288.dat
compression time = 0.008741
compressed data file: ../../CESM-LAND-MODELS/4/log_normalized/FROOTC_ALLOC_1_192_288.dat.sz
Min=0, Max=1, range=1
Max absolute error = 0.0000999570
Max relative error = 0.000100
Max pw relative error = 68157.827347
PSNR = 92.402410, NRMSE= 2.3981675258459316435E-05
normError = 0.005639, normErr_norm = 0.000030
acEff=1.000000
compressionRatio=19.347796
decompression time = 0.005447 seconds.
decompressed data file: ../../CESM-LAND-MODELS/4/log_normalized/sz_1E-4/FROOTC_ALLOC_1_192_288.dat.sz.out
  ✓ Compression and decompression successful (ratio: 19.34x)

[73/176] Processing: FROOTC_LOSS_1_192_288.dat
compression time = 0.008553
compressed data file: ../../CESM-LAND-MODELS/4/log_normalized/FROOTC_LOSS_1_192_288.dat.sz
Min=0, Max=1, range=1
Max absolute error = 0.0000999642
Max relative error = 0.000100
Max pw relative error = 69256.160562
PSNR = 92.500992, NRMSE= 2.3711029534322863817E-05
normError = 0.005576, normErr_norm = 0.000030
acEff=1.000000
compressionRatio=19.250131
decompression time = 0.005256 seconds.
decompressed data file: ../../CESM-LAND-MODELS/4/log_normalized/sz_1E-4/FROOTC_LOSS_1_192_288.dat.sz.out
  ✓ Compression and decompression successful (ratio: 19.25x)

[74/176] Processing: FROOTN_1_192_288.dat
compression time = 0.008883
compressed data file: ../../CESM-LAND-MODELS/4/log_normalized/FROOTN_1_192_288.dat.sz
Min=0, Max=1, range=1
Max absolute error = 0.0000999887
Max relative error = 0.000100
Max pw relative error = 28295.082566
PSNR = 87.167436, NRMSE= 4.3815544389418214903E-05
normError = 0.010303, normErr_norm = 0.000056
acEff=1.000000
compressionRatio=6.528646
decompression time = 0.006001 seconds.
decompressed data file: ../../CESM-LAND-MODELS/4/log_normalized/sz_1E-4/FROOTN_1_192_288.dat.sz.out
  ✓ Compression and decompression successful (ratio: 6.52x)

[75/176] Processing: FSA_1_192_288.dat
compression time = 0.010034
compressed data file: ../../CESM-LAND-MODELS/4/log_normalized/FSA_1_192_288.dat.sz
Min=0, Max=1, range=1
Max absolute error = 0.0000999942
Max relative error = 0.000100
Max pw relative error = 1447.422121
PSNR = 85.803057, NRMSE= 5.1268092225107512734E-05
normError = 0.012056, normErr_norm = 0.000065
acEff=1.000000
compressionRatio=6.177116
decompression time = 0.005634 seconds.
decompressed data file: ../../CESM-LAND-MODELS/4/log_normalized/sz_1E-4/FSA_1_192_288.dat.sz.out
  ✓ Compression and decompression successful (ratio: 6.17x)

[76/176] Processing: FSA_R_1_192_288.dat
compression time = 0.009625
compressed data file: ../../CESM-LAND-MODELS/4/log_normalized/FSA_R_1_192_288.dat.sz
Min=0, Max=1, range=1
Max absolute error = 0.0000999942
Max relative error = 0.000100
Max pw relative error = 1034.530671
PSNR = 86.569818, NRMSE= 4.693632891844021313E-05
normError = 0.011037, normErr_norm = 0.000055
acEff=1.000000
compressionRatio=7.144878
decompression time = 0.005956 seconds.
decompressed data file: ../../CESM-LAND-MODELS/4/log_normalized/sz_1E-4/FSA_R_1_192_288.dat.sz.out
  ✓ Compression and decompression successful (ratio: 7.14x)

[77/176] Processing: FSAT_1_192_288.dat
compression time = 0.009133
compressed data file: ../../CESM-LAND-MODELS/4/log_normalized/FSAT_1_192_288.dat.sz
Min=0, Max=1, range=1
Max absolute error = 0.0000999890
Max relative error = 0.000100
Max pw relative error = 1965.208006
PSNR = 87.111139, NRMSE= 4.4100454827443843131E-05
normError = 0.010370, normErr_norm = 0.000051
acEff=1.000000
compressionRatio=10.416502
decompression time = 0.005491 seconds.
decompressed data file: ../../CESM-LAND-MODELS/4/log_normalized/sz_1E-4/FSAT_1_192_288.dat.sz.out
  ✓ Compression and decompression successful (ratio: 10.41x)

[78/176] Processing: FSA_U_1_192_288.dat
compression time = 0.010662
compressed data file: ../../CESM-LAND-MODELS/4/log_normalized/FSA_U_1_192_288.dat.sz
Min=0, Max=1, range=1
Max absolute error = 0.0000999831
Max relative error = 0.000100
Max pw relative error = 0.650041
PSNR = 87.331950, NRMSE= 4.299346893351337816E-05
normError = 0.010110, normErr_norm = 0.000045
acEff=1.000000
compressionRatio=3.960961
decompression time = 0.005650 seconds.
decompressed data file: ../../CESM-LAND-MODELS/4/log_normalized/sz_1E-4/FSA_U_1_192_288.dat.sz.out
  ✓ Compression and decompression successful (ratio: 3.96x)

[79/176] Processing: FSDS_1_192_288.dat
compression time = 0.009866
compressed data file: ../../CESM-LAND-MODELS/4/log_normalized/FSDS_1_192_288.dat.sz
Min=0, Max=1, range=1
Max absolute error = 0.0000999942
Max relative error = 0.000100
Max pw relative error = 215.452555
PSNR = 86.280521, NRMSE= 4.8525940011461892408E-05
normError = 0.011411, normErr_norm = 0.000062
acEff=1.000000
compressionRatio=7.056436
decompression time = 0.006065 seconds.
decompressed data file: ../../CESM-LAND-MODELS/4/log_normalized/sz_1E-4/FSDS_1_192_288.dat.sz.out
  ✓ Compression and decompression successful (ratio: 7.05x)

[80/176] Processing: FSDSND_1_192_288.dat
compression time = 0.009694
compressed data file: ../../CESM-LAND-MODELS/4/log_normalized/FSDSND_1_192_288.dat.sz
Min=0, Max=1, range=1
Max absolute error = 0.0000999980
Max relative error = 0.000100
Max pw relative error = 621.915634
PSNR = 86.213532, NRMSE= 4.8901639144610587124E-05
normError = 0.011499, normErr_norm = 0.000062
acEff=1.000000
compressionRatio=6.494143
decompression time = 0.008037 seconds.
decompressed data file: ../../CESM-LAND-MODELS/4/log_normalized/sz_1E-4/FSDSND_1_192_288.dat.sz.out
  ✓ Compression and decompression successful (ratio: 6.49x)

[81/176] Processing: FSDSNDLN_1_192_288.dat
compression time = 0.009934
compressed data file: ../../CESM-LAND-MODELS/4/log_normalized/FSDSNDLN_1_192_288.dat.sz
Min=0, Max=1, range=1
Max absolute error = 0.0000999980
Max relative error = 0.000100
Max pw relative error = 69285.950260
PSNR = 86.842229, NRMSE= 4.5487129828407390272E-05
normError = 0.010696, normErr_norm = 0.000058
acEff=1.000000
compressionRatio=6.367573
decompression time = 0.008997 seconds.
decompressed data file: ../../CESM-LAND-MODELS/4/log_normalized/sz_1E-4/FSDSNDLN_1_192_288.dat.sz.out
  ✓ Compression and decompression successful (ratio: 6.36x)

[82/176] Processing: FSDSNI_1_192_288.dat
compression time = 0.008973
compressed data file: ../../CESM-LAND-MODELS/4/log_normalized/FSDSNI_1_192_288.dat.sz
Min=0, Max=1, range=1
Max absolute error = 0.0000999905
Max relative error = 0.000100
Max pw relative error = 430.109304
PSNR = 86.307140, NRMSE= 4.8377450733183383102E-05
normError = 0.011376, normErr_norm = 0.000061
acEff=1.000000
compressionRatio=6.281852
decompression time = 0.006192 seconds.
decompressed data file: ../../CESM-LAND-MODELS/4/log_normalized/sz_1E-4/FSDSNI_1_192_288.dat.sz.out
  ✓ Compression and decompression successful (ratio: 6.28x)

[83/176] Processing: FSDSVD_1_192_288.dat
compression time = 0.009613
compressed data file: ../../CESM-LAND-MODELS/4/log_normalized/FSDSVD_1_192_288.dat.sz
Min=0, Max=1, range=1
Max absolute error = 0.0000999942
Max relative error = 0.000100
Max pw relative error = 29543.259879
PSNR = 86.635934, NRMSE= 4.658040852053611596E-05
normError = 0.010953, normErr_norm = 0.000059
acEff=1.000000
compressionRatio=6.609018
decompression time = 0.005896 seconds.
decompressed data file: ../../CESM-LAND-MODELS/4/log_normalized/sz_1E-4/FSDSVD_1_192_288.dat.sz.out
  ✓ Compression and decompression successful (ratio: 6.60x)

[84/176] Processing: FSDSVDLN_1_192_288.dat
compression time = 0.009965
compressed data file: ../../CESM-LAND-MODELS/4/log_normalized/FSDSVDLN_1_192_288.dat.sz
Min=0, Max=1, range=1
Max absolute error = 0.0000999942
Max relative error = 0.000100
Max pw relative error = 7232.875749
PSNR = 86.384938, NRMSE= 4.7946081891354074575E-05
normError = 0.011275, normErr_norm = 0.000061
acEff=1.000000
compressionRatio=6.438189
decompression time = 0.005690 seconds.
decompressed data file: ../../CESM-LAND-MODELS/4/log_normalized/sz_1E-4/FSDSVDLN_1_192_288.dat.sz.out
  ✓ Compression and decompression successful (ratio: 6.43x)

[85/176] Processing: FSDSVI_1_192_288.dat
compression time = 0.010672
compressed data file: ../../CESM-LAND-MODELS/4/log_normalized/FSDSVI_1_192_288.dat.sz
Min=0, Max=1, range=1
Max absolute error = 0.0000999980
Max relative error = 0.000100
Max pw relative error = 1454.507664
PSNR = 86.617026, NRMSE= 4.6681918594060181399E-05
normError = 0.010977, normErr_norm = 0.000059
acEff=1.000000
compressionRatio=6.685326
decompression time = 0.005548 seconds.
decompressed data file: ../../CESM-LAND-MODELS/4/log_normalized/sz_1E-4/FSDSVI_1_192_288.dat.sz.out
  ✓ Compression and decompression successful (ratio: 6.68x)

[86/176] Processing: FSH_1_192_288.dat
compression time = 0.012319
compressed data file: ../../CESM-LAND-MODELS/4/log_normalized/FSH_1_192_288.dat.sz
Min=0, Max=1, range=1
Max absolute error = 0.0000999942
Max relative error = 0.000100
Max pw relative error = 0.014127
PSNR = 86.639835, NRMSE= 4.6559493253946374156E-05
normError = 0.010949, normErr_norm = 0.000059
acEff=1.000000
compressionRatio=6.614750
decompression time = 0.006071 seconds.
decompressed data file: ../../CESM-LAND-MODELS/4/log_normalized/sz_1E-4/FSH_1_192_288.dat.sz.out
  ✓ Compression and decompression successful (ratio: 6.61x)

[87/176] Processing: FSH_G_1_192_288.dat
compression time = 0.010505
compressed data file: ../../CESM-LAND-MODELS/4/log_normalized/FSH_G_1_192_288.dat.sz
Min=0, Max=1, range=1
Max absolute error = 0.0000999905
Max relative error = 0.000100
Max pw relative error = 0.002925
PSNR = 86.965071, NRMSE= 4.4848345858479694902E-05
normError = 0.010546, normErr_norm = 0.000057
acEff=1.000000
compressionRatio=7.152272
decompression time = 0.005641 seconds.
decompressed data file: ../../CESM-LAND-MODELS/4/log_normalized/sz_1E-4/FSH_G_1_192_288.dat.sz.out
  ✓ Compression and decompression successful (ratio: 7.15x)

[88/176] Processing: FSH_NODYNLNDUSE_1_192_288.dat
compression time = 0.009506
compressed data file: ../../CESM-LAND-MODELS/4/log_normalized/FSH_NODYNLNDUSE_1_192_288.dat.sz
Min=0, Max=1, range=1
Max absolute error = 0.0000999942
Max relative error = 0.000100
Max pw relative error = 0.014127
PSNR = 86.639835, NRMSE= 4.6559493253946374156E-05
normError = 0.010949, normErr_norm = 0.000059
acEff=1.000000
compressionRatio=6.614750
decompression time = 0.006087 seconds.
decompressed data file: ../../CESM-LAND-MODELS/4/log_normalized/sz_1E-4/FSH_NODYNLNDUSE_1_192_288.dat.sz.out
  ✓ Compression and decompression successful (ratio: 6.61x)

[89/176] Processing: FSH_R_1_192_288.dat
compression time = 0.010637
compressed data file: ../../CESM-LAND-MODELS/4/log_normalized/FSH_R_1_192_288.dat.sz
Min=0, Max=1, range=1
Max absolute error = 0.0000999868
Max relative error = 0.000100
Max pw relative error = 0.008429
PSNR = 87.766742, NRMSE= 4.0894313460163599398E-05
normError = 0.009616, normErr_norm = 0.000048
acEff=1.000000
compressionRatio=7.464867
decompression time = 0.006067 seconds.
decompressed data file: ../../CESM-LAND-MODELS/4/log_normalized/sz_1E-4/FSH_R_1_192_288.dat.sz.out
  ✓ Compression and decompression successful (ratio: 7.46x)

[90/176] Processing: FSH_U_1_192_288.dat
compression time = 0.010008
compressed data file: ../../CESM-LAND-MODELS/4/log_normalized/FSH_U_1_192_288.dat.sz
Min=0, Max=1, range=1
Max absolute error = 0.0000999570
Max relative error = 0.000100
Max pw relative error = 0.002851
PSNR = 87.359582, NRMSE= 4.2856912086899589241E-05
normError = 0.010078, normErr_norm = 0.000045
acEff=1.000000
compressionRatio=3.982212
decompression time = 0.006454 seconds.
decompressed data file: ../../CESM-LAND-MODELS/4/log_normalized/sz_1E-4/FSH_U_1_192_288.dat.sz.out
  ✓ Compression and decompression successful (ratio: 3.98x)

[91/176] Processing: FSH_V_1_192_288.dat
compression time = 0.010399
compressed data file: ../../CESM-LAND-MODELS/4/log_normalized/FSH_V_1_192_288.dat.sz
Min=0, Max=1, range=1
Max absolute error = 0.0000999942
Max relative error = 0.000100
Max pw relative error = 0.006251
PSNR = 86.045002, NRMSE= 4.9859726907297495751E-05
normError = 0.011725, normErr_norm = 0.000063
acEff=1.000000
compressionRatio=7.559262
decompression time = 0.005748 seconds.
decompressed data file: ../../CESM-LAND-MODELS/4/log_normalized/sz_1E-4/FSH_V_1_192_288.dat.sz.out
  ✓ Compression and decompression successful (ratio: 7.55x)

[92/176] Processing: FSM_1_192_288.dat
compression time = 0.009731
compressed data file: ../../CESM-LAND-MODELS/4/log_normalized/FSM_1_192_288.dat.sz
Min=0, Max=1, range=1
Max absolute error = 0.0001000000
Max relative error = 0.000100
Max pw relative error = 65154.956977
PSNR = 87.526284, NRMSE= 4.2042234003961527445E-05
normError = 0.009886, normErr_norm = 0.000053
acEff=1.000000
compressionRatio=7.905640
decompression time = 0.005505 seconds.
decompressed data file: ../../CESM-LAND-MODELS/4/log_normalized/sz_1E-4/FSM_1_192_288.dat.sz.out
  ✓ Compression and decompression successful (ratio: 7.90x)

[93/176] Processing: FSM_R_1_192_288.dat
compression time = 0.009331
compressed data file: ../../CESM-LAND-MODELS/4/log_normalized/FSM_R_1_192_288.dat.sz
Min=0, Max=1, range=1
Max absolute error = 0.0000999724
Max relative error = 0.000100
Max pw relative error = 61707.710120
PSNR = 90.678547, NRMSE= 2.9246414473032650928E-05
normError = 0.006877, normErr_norm = 0.000034
acEff=1.000000
compressionRatio=10.008326
decompression time = 0.005229 seconds.
decompressed data file: ../../CESM-LAND-MODELS/4/log_normalized/sz_1E-4/FSM_R_1_192_288.dat.sz.out
  ✓ Compression and decompression successful (ratio: 10.00x)

[94/176] Processing: FSM_U_1_192_288.dat
compression time = 0.010310
compressed data file: ../../CESM-LAND-MODELS/4/log_normalized/FSM_U_1_192_288.dat.sz
Min=0, Max=1, range=1
Max absolute error = 0.0000999931
Max relative error = 0.000100
Max pw relative error = 67616.664697
PSNR = 87.329385, NRMSE= 4.3006169630059877767E-05
normError = 0.010113, normErr_norm = 0.000045
acEff=1.000000
compressionRatio=4.278634
decompression time = 0.005673 seconds.
decompressed data file: ../../CESM-LAND-MODELS/4/log_normalized/sz_1E-4/FSM_U_1_192_288.dat.sz.out
  ✓ Compression and decompression successful (ratio: 4.27x)

[95/176] Processing: FSNO_1_192_288.dat
compression time = 0.009349
compressed data file: ../../CESM-LAND-MODELS/4/log_normalized/FSNO_1_192_288.dat.sz
Min=0, Max=1, range=1
Max absolute error = 0.0000999819
Max relative error = 0.000100
Max pw relative error = 59725.460709
PSNR = 87.487400, NRMSE= 4.2230867428160964207E-05
normError = 0.009931, normErr_norm = 0.000054
acEff=1.000000
compressionRatio=12.138294
decompression time = 0.005356 seconds.
decompressed data file: ../../CESM-LAND-MODELS/4/log_normalized/sz_1E-4/FSNO_1_192_288.dat.sz.out
  ✓ Compression and decompression successful (ratio: 12.13x)

[96/176] Processing: FSR_1_192_288.dat
compression time = 0.009552
compressed data file: ../../CESM-LAND-MODELS/4/log_normalized/FSR_1_192_288.dat.sz
Min=0, Max=1, range=1
Max absolute error = 0.0000999980
Max relative error = 0.000100
Max pw relative error = 377.233153
PSNR = 85.552404, NRMSE= 5.2769113666278764018E-05
normError = 0.012409, normErr_norm = 0.000067
acEff=1.000000
compressionRatio=5.962476
decompression time = 0.005982 seconds.
decompressed data file: ../../CESM-LAND-MODELS/4/log_normalized/sz_1E-4/FSR_1_192_288.dat.sz.out
  ✓ Compression and decompression successful (ratio: 5.96x)

[97/176] Processing: FSRND_1_192_288.dat
compression time = 0.008501
compressed data file: ../../CESM-LAND-MODELS/4/log_normalized/FSRND_1_192_288.dat.sz
Min=0, Max=1, range=1
Max absolute error = 0.0000999980
Max relative error = 0.000100
Max pw relative error = 1869.278657
PSNR = 87.226703, NRMSE= 4.3517593719244480465E-05
normError = 0.010233, normErr_norm = 0.000055
acEff=1.000000
compressionRatio=5.958781
decompression time = 0.005859 seconds.
decompressed data file: ../../CESM-LAND-MODELS/4/log_normalized/sz_1E-4/FSRND_1_192_288.dat.sz.out
  ✓ Compression and decompression successful (ratio: 5.95x)

[98/176] Processing: FSRNDLN_1_192_288.dat
compression time = 0.010719
compressed data file: ../../CESM-LAND-MODELS/4/log_normalized/FSRNDLN_1_192_288.dat.sz
Min=0, Max=1, range=1
Max absolute error = 0.0000999868
Max relative error = 0.000100
Max pw relative error = 143.070252
PSNR = 85.714289, NRMSE= 5.1794725469505770751E-05
normError = 0.012180, normErr_norm = 0.000066
acEff=1.000000
compressionRatio=5.772326
decompression time = 0.005606 seconds.
decompressed data file: ../../CESM-LAND-MODELS/4/log_normalized/sz_1E-4/FSRNDLN_1_192_288.dat.sz.out
  ✓ Compression and decompression successful (ratio: 5.77x)

[99/176] Processing: FSRNI_1_192_288.dat
compression time = 0.009062
compressed data file: ../../CESM-LAND-MODELS/4/log_normalized/FSRNI_1_192_288.dat.sz
Min=0, Max=1, range=1
Max absolute error = 0.0000999961
Max relative error = 0.000100
Max pw relative error = 529.890649
PSNR = 86.064233, NRMSE= 4.9749460141455300992E-05
normError = 0.011699, normErr_norm = 0.000063
acEff=1.000000
compressionRatio=6.082666
decompression time = 0.005779 seconds.
decompressed data file: ../../CESM-LAND-MODELS/4/log_normalized/sz_1E-4/FSRNI_1_192_288.dat.sz.out
  ✓ Compression and decompression successful (ratio: 6.08x)

[100/176] Processing: FSRVD_1_192_288.dat
compression time = 0.009421
compressed data file: ../../CESM-LAND-MODELS/4/log_normalized/FSRVD_1_192_288.dat.sz
Min=0, Max=1, range=1
Max absolute error = 0.0000999942
Max relative error = 0.000100
Max pw relative error = 48663.121104
PSNR = 86.559306, NRMSE= 4.6993166243301496036E-05
normError = 0.011050, normErr_norm = 0.000060
acEff=1.000000
compressionRatio=5.976815
decompression time = 0.005991 seconds.
decompressed data file: ../../CESM-LAND-MODELS/4/log_normalized/sz_1E-4/FSRVD_1_192_288.dat.sz.out
  ✓ Compression and decompression successful (ratio: 5.97x)

[101/176] Processing: FSRVDLN_1_192_288.dat
compression time = 0.011057
compressed data file: ../../CESM-LAND-MODELS/4/log_normalized/FSRVDLN_1_192_288.dat.sz
Min=0, Max=1, range=1
Max absolute error = 0.0000999980
Max relative error = 0.000100
Max pw relative error = 8802.764308
PSNR = 86.624014, NRMSE= 4.6644376679806631974E-05
normError = 0.010968, normErr_norm = 0.000059
acEff=1.000000
compressionRatio=5.646194
decompression time = 0.006103 seconds.
decompressed data file: ../../CESM-LAND-MODELS/4/log_normalized/sz_1E-4/FSRVDLN_1_192_288.dat.sz.out
  ✓ Compression and decompression successful (ratio: 5.64x)

[102/176] Processing: FSRVI_1_192_288.dat
compression time = 0.009304
compressed data file: ../../CESM-LAND-MODELS/4/log_normalized/FSRVI_1_192_288.dat.sz
Min=0, Max=1, range=1
Max absolute error = 0.0000999905
Max relative error = 0.000100
Max pw relative error = 1287.258037
PSNR = 86.166815, NRMSE= 4.9165362731173271448E-05
normError = 0.011561, normErr_norm = 0.000062
acEff=1.000000
compressionRatio=6.143317
decompression time = 0.005766 seconds.
decompressed data file: ../../CESM-LAND-MODELS/4/log_normalized/sz_1E-4/FSRVI_1_192_288.dat.sz.out
  ✓ Compression and decompression successful (ratio: 6.14x)

[103/176] Processing: GC_HEAT1_1_192_288.dat
compression time = 0.010060
compressed data file: ../../CESM-LAND-MODELS/4/log_normalized/GC_HEAT1_1_192_288.dat.sz
Min=0, Max=1, range=1
Max absolute error = 0.0000999942
Max relative error = 0.000100
Max pw relative error = 0.001003
PSNR = 85.838090, NRMSE= 5.1061729979358533597E-05
normError = 0.012007, normErr_norm = 0.000065
acEff=1.000000
compressionRatio=8.455046
decompression time = 0.005441 seconds.
decompressed data file: ../../CESM-LAND-MODELS/4/log_normalized/sz_1E-4/GC_HEAT1_1_192_288.dat.sz.out
  ✓ Compression and decompression successful (ratio: 8.45x)

[104/176] Processing: GC_HEAT2_1_192_288.dat
compression time = 0.009306
compressed data file: ../../CESM-LAND-MODELS/4/log_normalized/GC_HEAT2_1_192_288.dat.sz
Min=0, Max=1, range=1
Max absolute error = 0.0000999570
Max relative error = 0.000100
Max pw relative error = 0.000100
PSNR = 92.400327, NRMSE= 2.3987425115270493011E-05
normError = 0.005641, normErr_norm = 0.000030
acEff=1.000000
compressionRatio=19.324131
decompression time = 0.005306 seconds.
decompressed data file: ../../CESM-LAND-MODELS/4/log_normalized/sz_1E-4/GC_HEAT2_1_192_288.dat.sz.out
  ✓ Compression and decompression successful (ratio: 19.32x)

[105/176] Processing: GC_ICE1_1_192_288.dat
compression time = 0.010453
compressed data file: ../../CESM-LAND-MODELS/4/log_normalized/GC_ICE1_1_192_288.dat.sz
Min=0, Max=1, range=1
Max absolute error = 0.0000999868
Max relative error = 0.000100
Max pw relative error = 64919.917879
PSNR = 86.412617, NRMSE= 4.7793533165748531297E-05
normError = 0.011239, normErr_norm = 0.000061
acEff=1.000000
compressionRatio=7.068614
decompression time = 0.006433 seconds.
decompressed data file: ../../CESM-LAND-MODELS/4/log_normalized/sz_1E-4/GC_ICE1_1_192_288.dat.sz.out
  ✓ Compression and decompression successful (ratio: 7.06x)

[106/176] Processing: GC_ICE2_1_192_288.dat
compression time = 0.010040
compressed data file: ../../CESM-LAND-MODELS/4/log_normalized/GC_ICE2_1_192_288.dat.sz
Min=0, Max=1, range=1
Max absolute error = 0.0000999570
Max relative error = 0.000100
Max pw relative error = 0.000100
PSNR = 92.400327, NRMSE= 2.3987425115270493011E-05
normError = 0.005641, normErr_norm = 0.000030
acEff=1.000000
compressionRatio=19.324131
decompression time = 0.005805 seconds.
decompressed data file: ../../CESM-LAND-MODELS/4/log_normalized/sz_1E-4/GC_ICE2_1_192_288.dat.sz.out
  ✓ Compression and decompression successful (ratio: 19.32x)

[107/176] Processing: GC_LIQ1_1_192_288.dat
compression time = 0.009063
compressed data file: ../../CESM-LAND-MODELS/4/log_normalized/GC_LIQ1_1_192_288.dat.sz
Min=0, Max=1, range=1
Max absolute error = 0.0000999868
Max relative error = 0.000100
Max pw relative error = 0.000890
PSNR = 86.324946, NRMSE= 4.8278381179194139656E-05
normError = 0.011353, normErr_norm = 0.000061
acEff=1.000000
compressionRatio=14.921676
decompression time = 0.005888 seconds.
decompressed data file: ../../CESM-LAND-MODELS/4/log_normalized/sz_1E-4/GC_LIQ1_1_192_288.dat.sz.out
  ✓ Compression and decompression successful (ratio: 14.92x)

[108/176] Processing: GC_LIQ2_1_192_288.dat
compression time = 0.009537
compressed data file: ../../CESM-LAND-MODELS/4/log_normalized/GC_LIQ2_1_192_288.dat.sz
Min=0, Max=1, range=1
Max absolute error = 0.0000999570
Max relative error = 0.000100
Max pw relative error = 0.000100
PSNR = 92.400327, NRMSE= 2.3987425115270493011E-05
normError = 0.005641, normErr_norm = 0.000030
acEff=1.000000
compressionRatio=19.324131
decompression time = 0.005339 seconds.
decompressed data file: ../../CESM-LAND-MODELS/4/log_normalized/sz_1E-4/GC_LIQ2_1_192_288.dat.sz.out
  ✓ Compression and decompression successful (ratio: 19.32x)

[109/176] Processing: GPP_1_192_288.dat
compression time = 0.008935
compressed data file: ../../CESM-LAND-MODELS/4/log_normalized/GPP_1_192_288.dat.sz
Min=0, Max=1, range=1
Max absolute error = 0.0000999570
Max relative error = 0.000100
Max pw relative error = 69339.053634
PSNR = 92.433172, NRMSE= 2.3896891851184113664E-05
normError = 0.005619, normErr_norm = 0.000030
acEff=1.000000
compressionRatio=19.275294
decompression time = 0.005335 seconds.
decompressed data file: ../../CESM-LAND-MODELS/4/log_normalized/sz_1E-4/GPP_1_192_288.dat.sz.out
  ✓ Compression and decompression successful (ratio: 19.27x)

[110/176] Processing: GR_1_192_288.dat
compression time = 0.009541
compressed data file: ../../CESM-LAND-MODELS/4/log_normalized/GR_1_192_288.dat.sz
Min=0, Max=1, range=1
Max absolute error = 0.0000999570
Max relative error = 0.000100
Max pw relative error = 66149.673851
PSNR = 92.416409, NRMSE= 2.3943053914296618913E-05
normError = 0.005630, normErr_norm = 0.000030
acEff=1.000000
compressionRatio=19.346103
decompression time = 0.004856 seconds.
decompressed data file: ../../CESM-LAND-MODELS/4/log_normalized/sz_1E-4/GR_1_192_288.dat.sz.out
  ✓ Compression and decompression successful (ratio: 19.34x)

[111/176] Processing: GROSS_NMIN_1_192_288.dat
compression time = 0.009242
compressed data file: ../../CESM-LAND-MODELS/4/log_normalized/GROSS_NMIN_1_192_288.dat.sz
Min=0, Max=1, range=1
Max absolute error = 0.0000999570
Max relative error = 0.000100
Max pw relative error = 69463.393244
PSNR = 92.400358, NRMSE= 2.3987339387618993589E-05
normError = 0.005641, normErr_norm = 0.000030
acEff=1.000000
compressionRatio=19.263543
decompression time = 0.005094 seconds.
decompressed data file: ../../CESM-LAND-MODELS/4/log_normalized/sz_1E-4/GROSS_NMIN_1_192_288.dat.sz.out
  ✓ Compression and decompression successful (ratio: 19.26x)

[112/176] Processing: H2OCAN_1_192_288.dat
compression time = 0.009598
compressed data file: ../../CESM-LAND-MODELS/4/log_normalized/H2OCAN_1_192_288.dat.sz
Min=0, Max=1, range=1
Max absolute error = 0.0000999903
Max relative error = 0.000100
Max pw relative error = 64572.701949
PSNR = 86.600886, NRMSE= 4.6768743331539648644E-05
normError = 0.010998, normErr_norm = 0.000059
acEff=1.000000
compressionRatio=10.613436
decompression time = 0.005424 seconds.
decompressed data file: ../../CESM-LAND-MODELS/4/log_normalized/sz_1E-4/H2OCAN_1_192_288.dat.sz.out
  ✓ Compression and decompression successful (ratio: 10.61x)

[113/176] Processing: H2OSNO_1_192_288.dat
compression time = 0.009851
compressed data file: ../../CESM-LAND-MODELS/4/log_normalized/H2OSNO_1_192_288.dat.sz
Min=0, Max=1, range=1
Max absolute error = 0.0000999973
Max relative error = 0.000100
Max pw relative error = 26317.553415
PSNR = 87.842416, NRMSE= 4.053957571125542137E-05
normError = 0.009533, normErr_norm = 0.000051
acEff=1.000000
compressionRatio=7.605006
decompression time = 0.005252 seconds.
decompressed data file: ../../CESM-LAND-MODELS/4/log_normalized/sz_1E-4/H2OSNO_1_192_288.dat.sz.out
  ✓ Compression and decompression successful (ratio: 7.60x)

[114/176] Processing: H2OSNO_TOP_1_192_288.dat
compression time = 0.009791
compressed data file: ../../CESM-LAND-MODELS/4/log_normalized/H2OSNO_TOP_1_192_288.dat.sz
Min=0, Max=1, range=1
Max absolute error = 0.0000999942
Max relative error = 0.000100
Max pw relative error = 385.402256
PSNR = 86.388745, NRMSE= 4.7925071511597451437E-05
normError = 0.011270, normErr_norm = 0.000061
acEff=1.000000
compressionRatio=7.865159
decompression time = 0.005876 seconds.
decompressed data file: ../../CESM-LAND-MODELS/4/log_normalized/sz_1E-4/H2OSNO_TOP_1_192_288.dat.sz.out
  ✓ Compression and decompression successful (ratio: 7.86x)

[115/176] Processing: HC_1_192_288.dat
compression time = 0.009421
compressed data file: ../../CESM-LAND-MODELS/4/log_normalized/HC_1_192_288.dat.sz
Min=0, Max=1, range=1
Max absolute error = 0.0000999942
Max relative error = 0.000100
Max pw relative error = 0.004050
PSNR = 86.133062, NRMSE= 4.9356788253659881311E-05
normError = 0.011606, normErr_norm = 0.000062
acEff=1.000000
compressionRatio=5.711807
decompression time = 0.006064 seconds.
decompressed data file: ../../CESM-LAND-MODELS/4/log_normalized/sz_1E-4/HC_1_192_288.dat.sz.out
  ✓ Compression and decompression successful (ratio: 5.71x)

[116/176] Processing: HCSOI_1_192_288.dat
compression time = 0.012851
compressed data file: ../../CESM-LAND-MODELS/4/log_normalized/HCSOI_1_192_288.dat.sz
Min=0, Max=1, range=1
Max absolute error = 0.0000999942
Max relative error = 0.000100
Max pw relative error = 0.002290
PSNR = 85.591806, NRMSE= 5.2530275643013087355E-05
normError = 0.012353, normErr_norm = 0.000066
acEff=1.000000
compressionRatio=5.937507
decompression time = 0.007729 seconds.
decompressed data file: ../../CESM-LAND-MODELS/4/log_normalized/sz_1E-4/HCSOI_1_192_288.dat.sz.out
  ✓ Compression and decompression successful (ratio: 5.93x)

[117/176] Processing: HEAT_FROM_AC_1_192_288.dat
compression time = 0.010220
compressed data file: ../../CESM-LAND-MODELS/4/log_normalized/HEAT_FROM_AC_1_192_288.dat.sz
Min=0, Max=1, range=1
Max absolute error = 0.0000999570
Max relative error = 0.000100
Max pw relative error = 27.349030
PSNR = 91.817460, NRMSE= 2.5652341677723404577E-05
normError = 0.006032, normErr_norm = 0.000033
acEff=1.000000
compressionRatio=18.928883
decompression time = 0.006832 seconds.
decompressed data file: ../../CESM-LAND-MODELS/4/log_normalized/sz_1E-4/HEAT_FROM_AC_1_192_288.dat.sz.out
  ✓ Compression and decompression successful (ratio: 18.92x)

[118/176] Processing: HR_1_192_288.dat
compression time = 0.010344
compressed data file: ../../CESM-LAND-MODELS/4/log_normalized/HR_1_192_288.dat.sz
Min=0, Max=1, range=1
Max absolute error = 0.0000999605
Max relative error = 0.000100
Max pw relative error = 69465.396763
PSNR = 92.448252, NRMSE= 2.3855437375659742171E-05
normError = 0.005610, normErr_norm = 0.000030
acEff=1.000000
compressionRatio=19.240084
decompression time = 0.005840 seconds.
decompressed data file: ../../CESM-LAND-MODELS/4/log_normalized/sz_1E-4/HR_1_192_288.dat.sz.out
  ✓ Compression and decompression successful (ratio: 19.24x)

[119/176] Processing: HTOP_1_192_288.dat
compression time = 0.010250
compressed data file: ../../CESM-LAND-MODELS/4/log_normalized/HTOP_1_192_288.dat.sz
Min=0, Max=1, range=1
Max absolute error = 0.0001000000
Max relative error = 0.000100
Max pw relative error = 54710.429805
PSNR = 87.442083, NRMSE= 4.245177675609006229E-05
normError = 0.009983, normErr_norm = 0.000054
acEff=1.000000
compressionRatio=6.059836
decompression time = 0.006399 seconds.
decompressed data file: ../../CESM-LAND-MODELS/4/log_normalized/sz_1E-4/HTOP_1_192_288.dat.sz.out
  ✓ Compression and decompression successful (ratio: 6.05x)

[120/176] Processing: LAISHA_1_192_288.dat
compression time = 0.009521
compressed data file: ../../CESM-LAND-MODELS/4/log_normalized/LAISHA_1_192_288.dat.sz
Min=0, Max=1, range=1
Max absolute error = 0.0000999859
Max relative error = 0.000100
Max pw relative error = 10581.684399
PSNR = 87.688846, NRMSE= 4.1262703222621382234E-05
normError = 0.009703, normErr_norm = 0.000052
acEff=1.000000
compressionRatio=6.566051
decompression time = 0.005878 seconds.
decompressed data file: ../../CESM-LAND-MODELS/4/log_normalized/sz_1E-4/LAISHA_1_192_288.dat.sz.out
  ✓ Compression and decompression successful (ratio: 6.56x)

[121/176] Processing: LAISUN_1_192_288.dat
compression time = 0.009104
compressed data file: ../../CESM-LAND-MODELS/4/log_normalized/LAISUN_1_192_288.dat.sz
Min=0, Max=1, range=1
Max absolute error = 0.0000999996
Max relative error = 0.000100
Max pw relative error = 33116.784369
PSNR = 86.877371, NRMSE= 4.5303466431216902165E-05
normError = 0.010653, normErr_norm = 0.000058
acEff=1.000000
compressionRatio=10.202214
decompression time = 0.005910 seconds.
decompressed data file: ../../CESM-LAND-MODELS/4/log_normalized/sz_1E-4/LAISUN_1_192_288.dat.sz.out
  ✓ Compression and decompression successful (ratio: 10.20x)

[122/176] Processing: landfrac_192_288.dat
compression time = 0.009630
compressed data file: ../../CESM-LAND-MODELS/4/log_normalized/landfrac_192_288.dat.sz
Min=0, Max=1, range=1
Max absolute error = 0.0000999980
Max relative error = 0.000100
Max pw relative error = 124.651027
PSNR = 87.070350, NRMSE= 4.4308038193894563276E-05
normError = 0.010419, normErr_norm = 0.000056
acEff=1.000000
compressionRatio=10.199391
decompression time = 0.005521 seconds.
decompressed data file: ../../CESM-LAND-MODELS/4/log_normalized/sz_1E-4/landfrac_192_288.dat.sz.out
  ✓ Compression and decompression successful (ratio: 10.19x)

[123/176] Processing: latixy_192_288.dat
compression time = 0.009293
compressed data file: ../../CESM-LAND-MODELS/4/log_normalized/latixy_192_288.dat.sz
Min=0, Max=1, range=1
Max absolute error = 0.0000999980
Max relative error = 0.000100
Max pw relative error = 0.002814
PSNR = 86.243483, NRMSE= 4.8733305149052147289E-05
normError = 0.011460, normErr_norm = 0.000062
acEff=1.000000
compressionRatio=12.921891
decompression time = 0.005578 seconds.
decompressed data file: ../../CESM-LAND-MODELS/4/log_normalized/sz_1E-4/latixy_192_288.dat.sz.out
  ✓ Compression and decompression successful (ratio: 12.92x)

[124/176] Processing: latixyatm_192_288.dat
compression time = 0.009031
compressed data file: ../../CESM-LAND-MODELS/4/log_normalized/latixyatm_192_288.dat.sz
Min=0, Max=1, range=1
Max absolute error = 0.0000999570
Max relative error = 0.000100
Max pw relative error = 0.000776
PSNR = 87.516577, NRMSE= 4.2089247282123742541E-05
normError = 0.009897, normErr_norm = 0.000049
acEff=1.000000
compressionRatio=16.056915
decompression time = 0.005433 seconds.
decompressed data file: ../../CESM-LAND-MODELS/4/log_normalized/sz_1E-4/latixyatm_192_288.dat.sz.out
  ✓ Compression and decompression successful (ratio: 16.05x)

[125/176] Processing: LEAFC_1_192_288.dat
compression time = 0.009927
compressed data file: ../../CESM-LAND-MODELS/4/log_normalized/LEAFC_1_192_288.dat.sz
Min=0, Max=1, range=1
Max absolute error = 0.0000999589
Max relative error = 0.000100
Max pw relative error = 1244.396895
PSNR = 87.019792, NRMSE= 4.4566694346494885098E-05
normError = 0.010480, normErr_norm = 0.000057
acEff=1.000000
compressionRatio=5.481500
decompression time = 0.005972 seconds.
decompressed data file: ../../CESM-LAND-MODELS/4/log_normalized/sz_1E-4/LEAFC_1_192_288.dat.sz.out
  ✓ Compression and decompression successful (ratio: 5.48x)

[126/176] Processing: LEAFC_ALLOC_1_192_288.dat
compression time = 0.008748
compressed data file: ../../CESM-LAND-MODELS/4/log_normalized/LEAFC_ALLOC_1_192_288.dat.sz
Min=0, Max=1, range=1
Max absolute error = 0.0000999570
Max relative error = 0.000100
Max pw relative error = 68157.827347
PSNR = 92.402384, NRMSE= 2.3981747189747285764E-05
normError = 0.005639, normErr_norm = 0.000030
acEff=1.000000
compressionRatio=19.347796
decompression time = 0.005060 seconds.
decompressed data file: ../../CESM-LAND-MODELS/4/log_normalized/sz_1E-4/LEAFC_ALLOC_1_192_288.dat.sz.out
  ✓ Compression and decompression successful (ratio: 19.34x)

[127/176] Processing: LEAFC_LOSS_1_192_288.dat
compression time = 0.009949
compressed data file: ../../CESM-LAND-MODELS/4/log_normalized/LEAFC_LOSS_1_192_288.dat.sz
Min=0, Max=1, range=1
Max absolute error = 0.0000999721
Max relative error = 0.000100
Max pw relative error = 69063.883441
PSNR = 92.412954, NRMSE= 2.3952579121830362468E-05
normError = 0.005632, normErr_norm = 0.000030
acEff=1.000000
compressionRatio=19.352874
decompression time = 0.004948 seconds.
decompressed data file: ../../CESM-LAND-MODELS/4/log_normalized/sz_1E-4/LEAFC_LOSS_1_192_288.dat.sz.out
  ✓ Compression and decompression successful (ratio: 19.35x)

[128/176] Processing: LEAFN_1_192_288.dat
compression time = 0.009639
compressed data file: ../../CESM-LAND-MODELS/4/log_normalized/LEAFN_1_192_288.dat.sz
Min=0, Max=1, range=1
Max absolute error = 0.0000999896
Max relative error = 0.000100
Max pw relative error = 8376.169464
PSNR = 87.107880, NRMSE= 4.4117003866202657574E-05
normError = 0.010374, normErr_norm = 0.000056
acEff=1.000000
compressionRatio=6.482342
decompression time = 0.006400 seconds.
decompressed data file: ../../CESM-LAND-MODELS/4/log_normalized/sz_1E-4/LEAFN_1_192_288.dat.sz.out
  ✓ Compression and decompression successful (ratio: 6.48x)

[129/176] Processing: LITFALL_1_192_288.dat
compression time = 0.009022
compressed data file: ../../CESM-LAND-MODELS/4/log_normalized/LITFALL_1_192_288.dat.sz
Min=0, Max=1, range=1
Max absolute error = 0.0000999570
Max relative error = 0.000100
Max pw relative error = 69463.393244
PSNR = 92.456842, NRMSE= 2.3831857612624555108E-05
normError = 0.005604, normErr_norm = 0.000030
acEff=1.000000
compressionRatio=19.337646
decompression time = 0.005645 seconds.
decompressed data file: ../../CESM-LAND-MODELS/4/log_normalized/sz_1E-4/LITFALL_1_192_288.dat.sz.out
  ✓ Compression and decompression successful (ratio: 19.33x)

[130/176] Processing: LITHR_1_192_288.dat
compression time = 0.009108
compressed data file: ../../CESM-LAND-MODELS/4/log_normalized/LITHR_1_192_288.dat.sz
Min=0, Max=1, range=1
Max absolute error = 0.0000999579
Max relative error = 0.000100
Max pw relative error = 66976.601060
PSNR = 92.409618, NRMSE= 2.3961781267939597325E-05
normError = 0.005635, normErr_norm = 0.000030
acEff=1.000000
compressionRatio=19.170047
decompression time = 0.005199 seconds.
decompressed data file: ../../CESM-LAND-MODELS/4/log_normalized/sz_1E-4/LITHR_1_192_288.dat.sz.out
  ✓ Compression and decompression successful (ratio: 19.17x)

[131/176] Processing: LITR1C_1_192_288.dat
compression time = 0.009533
compressed data file: ../../CESM-LAND-MODELS/4/log_normalized/LITR1C_1_192_288.dat.sz
Min=0, Max=1, range=1
Max absolute error = 0.0000999942
Max relative error = 0.000100
Max pw relative error = 9174.501074
PSNR = 86.536602, NRMSE= 4.7116162860703500665E-05
normError = 0.011079, normErr_norm = 0.000060
acEff=1.000000
compressionRatio=6.371975
decompression time = 0.005529 seconds.
decompressed data file: ../../CESM-LAND-MODELS/4/log_normalized/sz_1E-4/LITR1C_1_192_288.dat.sz.out
  ✓ Compression and decompression successful (ratio: 6.37x)

[132/176] Processing: LITR1C_TO_SOIL1C_1_192_288.dat
compression time = 0.009374
compressed data file: ../../CESM-LAND-MODELS/4/log_normalized/LITR1C_TO_SOIL1C_1_192_288.dat.sz
Min=0, Max=1, range=1
Max absolute error = 0.0000999570
Max relative error = 0.000100
Max pw relative error = 68593.015979
PSNR = 92.400577, NRMSE= 2.3986735910119054145E-05
normError = 0.005641, normErr_norm = 0.000030
acEff=1.000000
compressionRatio=19.265221
decompression time = 0.005348 seconds.
decompressed data file: ../../CESM-LAND-MODELS/4/log_normalized/sz_1E-4/LITR1C_TO_SOIL1C_1_192_288.dat.sz.out
  ✓ Compression and decompression successful (ratio: 19.26x)

[133/176] Processing: LITR1N_1_192_288.dat
compression time = 0.009132
compressed data file: ../../CESM-LAND-MODELS/4/log_normalized/LITR1N_1_192_288.dat.sz
Min=0, Max=1, range=1
Max absolute error = 0.0000999924
Max relative error = 0.000100
Max pw relative error = 2447.884641
PSNR = 87.756289, NRMSE= 4.0943555604968544844E-05
normError = 0.009628, normErr_norm = 0.000052
acEff=1.000000
compressionRatio=10.682121
decompression time = 0.005688 seconds.
decompressed data file: ../../CESM-LAND-MODELS/4/log_normalized/sz_1E-4/LITR1N_1_192_288.dat.sz.out
  ✓ Compression and decompression successful (ratio: 10.68x)

[134/176] Processing: LITR2C_1_192_288.dat
compression time = 0.009681
compressed data file: ../../CESM-LAND-MODELS/4/log_normalized/LITR2C_1_192_288.dat.sz
Min=0, Max=1, range=1
Max absolute error = 0.0000999924
Max relative error = 0.000100
Max pw relative error = 67434.516479
PSNR = 86.940183, NRMSE= 4.4977039518106770447E-05
normError = 0.010576, normErr_norm = 0.000057
acEff=1.000000
compressionRatio=5.292496
decompression time = 0.006431 seconds.
decompressed data file: ../../CESM-LAND-MODELS/4/log_normalized/sz_1E-4/LITR2C_1_192_288.dat.sz.out
  ✓ Compression and decompression successful (ratio: 5.29x)

[135/176] Processing: LITR2C_TO_SOIL2C_1_192_288.dat
compression time = 0.008913
compressed data file: ../../CESM-LAND-MODELS/4/log_normalized/LITR2C_TO_SOIL2C_1_192_288.dat.sz
Min=0, Max=1, range=1
Max absolute error = 0.0000999570
Max relative error = 0.000100
Max pw relative error = 69198.584685
PSNR = 92.416363, NRMSE= 2.3943182249316906395E-05
normError = 0.005630, normErr_norm = 0.000030
acEff=1.000000
compressionRatio=19.364735
decompression time = 0.005328 seconds.
decompressed data file: ../../CESM-LAND-MODELS/4/log_normalized/sz_1E-4/LITR2C_TO_SOIL2C_1_192_288.dat.sz.out
  ✓ Compression and decompression successful (ratio: 19.36x)

[136/176] Processing: LITR2N_1_192_288.dat
compression time = 0.010497
compressed data file: ../../CESM-LAND-MODELS/4/log_normalized/LITR2N_1_192_288.dat.sz
Min=0, Max=1, range=1
Max absolute error = 0.0000999914
Max relative error = 0.000100
Max pw relative error = 61839.234065
PSNR = 86.890344, NRMSE= 4.52358557051675886E-05
normError = 0.010637, normErr_norm = 0.000057
acEff=1.000000
compressionRatio=7.194613
decompression time = 0.005636 seconds.
decompressed data file: ../../CESM-LAND-MODELS/4/log_normalized/sz_1E-4/LITR2N_1_192_288.dat.sz.out
  ✓ Compression and decompression successful (ratio: 7.19x)

[137/176] Processing: LITR3C_1_192_288.dat
compression time = 0.009983
compressed data file: ../../CESM-LAND-MODELS/4/log_normalized/LITR3C_1_192_288.dat.sz
Min=0, Max=1, range=1
Max absolute error = 0.0000999868
Max relative error = 0.000100
Max pw relative error = 68056.214525
PSNR = 86.941086, NRMSE= 4.4972359679232472296E-05
normError = 0.010575, normErr_norm = 0.000057
acEff=1.000000
compressionRatio=5.515398
decompression time = 0.005924 seconds.
decompressed data file: ../../CESM-LAND-MODELS/4/log_normalized/sz_1E-4/LITR3C_1_192_288.dat.sz.out
  ✓ Compression and decompression successful (ratio: 5.51x)

[138/176] Processing: LITR3C_TO_SOIL3C_1_192_288.dat
compression time = 0.008851
compressed data file: ../../CESM-LAND-MODELS/4/log_normalized/LITR3C_TO_SOIL3C_1_192_288.dat.sz
Min=0, Max=1, range=1
Max absolute error = 0.0000999570
Max relative error = 0.000100
Max pw relative error = 69152.190063
PSNR = 92.416436, NRMSE= 2.3942980394224345949E-05
normError = 0.005630, normErr_norm = 0.000030
acEff=1.000000
compressionRatio=19.357956
decompression time = 0.006046 seconds.
decompressed data file: ../../CESM-LAND-MODELS/4/log_normalized/sz_1E-4/LITR3C_TO_SOIL3C_1_192_288.dat.sz.out
  ✓ Compression and decompression successful (ratio: 19.35x)

[139/176] Processing: LITR3N_1_192_288.dat
compression time = 0.009902
compressed data file: ../../CESM-LAND-MODELS/4/log_normalized/LITR3N_1_192_288.dat.sz
Min=0, Max=1, range=1
Max absolute error = 0.0000999826
Max relative error = 0.000100
Max pw relative error = 68385.783297
PSNR = 86.813856, NRMSE= 4.5635962502007334813E-05
normError = 0.010731, normErr_norm = 0.000058
acEff=1.000000
compressionRatio=7.057562
decompression time = 0.006485 seconds.
decompressed data file: ../../CESM-LAND-MODELS/4/log_normalized/sz_1E-4/LITR3N_1_192_288.dat.sz.out
  ✓ Compression and decompression successful (ratio: 7.05x)

[140/176] Processing: LITTERC_1_192_288.dat
compression time = 0.010288
compressed data file: ../../CESM-LAND-MODELS/4/log_normalized/LITTERC_1_192_288.dat.sz
Min=0, Max=1, range=1
Max absolute error = 0.0000999989
Max relative error = 0.000100
Max pw relative error = 58357.725008
PSNR = 87.080869, NRMSE= 4.4254407739247605079E-05
normError = 0.010406, normErr_norm = 0.000056
acEff=1.000000
compressionRatio=5.301376
decompression time = 0.006583 seconds.
decompressed data file: ../../CESM-LAND-MODELS/4/log_normalized/sz_1E-4/LITTERC_1_192_288.dat.sz.out
  ✓ Compression and decompression successful (ratio: 5.30x)

[141/176] Processing: LITTERC_HR_1_192_288.dat
compression time = 0.008917
compressed data file: ../../CESM-LAND-MODELS/4/log_normalized/LITTERC_HR_1_192_288.dat.sz
Min=0, Max=1, range=1
Max absolute error = 0.0000999579
Max relative error = 0.000100
Max pw relative error = 66976.601060
PSNR = 92.409618, NRMSE= 2.3961781267939597325E-05
normError = 0.005635, normErr_norm = 0.000030
acEff=1.000000
compressionRatio=19.170047
decompression time = 0.005516 seconds.
decompressed data file: ../../CESM-LAND-MODELS/4/log_normalized/sz_1E-4/LITTERC_HR_1_192_288.dat.sz.out
  ✓ Compression and decompression successful (ratio: 19.17x)

[142/176] Processing: LITTERC_LOSS_1_192_288.dat
compression time = 0.009888
compressed data file: ../../CESM-LAND-MODELS/4/log_normalized/LITTERC_LOSS_1_192_288.dat.sz
Min=0, Max=1, range=1
Max absolute error = 0.0000999570
Max relative error = 0.000100
Max pw relative error = 68968.038326
PSNR = 92.444598, NRMSE= 2.3865475224245354471E-05
normError = 0.005612, normErr_norm = 0.000030
acEff=1.000000
compressionRatio=19.263543
decompression time = 0.005370 seconds.
decompressed data file: ../../CESM-LAND-MODELS/4/log_normalized/sz_1E-4/LITTERC_LOSS_1_192_288.dat.sz.out
  ✓ Compression and decompression successful (ratio: 19.26x)

[143/176] Processing: LIVECROOTC_1_192_288.dat
compression time = 0.009308
compressed data file: ../../CESM-LAND-MODELS/4/log_normalized/LIVECROOTC_1_192_288.dat.sz
Min=0, Max=1, range=1
Max absolute error = 0.0000999936
Max relative error = 0.000100
Max pw relative error = 1705.489488
PSNR = 87.988350, NRMSE= 3.9864147180085586421E-05
normError = 0.009374, normErr_norm = 0.000051
acEff=1.000000
compressionRatio=6.449453
decompression time = 0.004844 seconds.
decompressed data file: ../../CESM-LAND-MODELS/4/log_normalized/sz_1E-4/LIVECROOTC_1_192_288.dat.sz.out
  ✓ Compression and decompression successful (ratio: 6.44x)

[144/176] Processing: LIVECROOTN_1_192_288.dat
compression time = 0.009280
compressed data file: ../../CESM-LAND-MODELS/4/log_normalized/LIVECROOTN_1_192_288.dat.sz
Min=0, Max=1, range=1
Max absolute error = 0.0000999959
Max relative error = 0.000100
Max pw relative error = 62334.588983
PSNR = 88.659417, NRMSE= 3.6900236906128485771E-05
normError = 0.008677, normErr_norm = 0.000047
acEff=1.000000
compressionRatio=10.389591
decompression time = 0.005713 seconds.
decompressed data file: ../../CESM-LAND-MODELS/4/log_normalized/sz_1E-4/LIVECROOTN_1_192_288.dat.sz.out
  ✓ Compression and decompression successful (ratio: 10.38x)

[145/176] Processing: LIVESTEMC_1_192_288.dat
compression time = 0.009915
compressed data file: ../../CESM-LAND-MODELS/4/log_normalized/LIVESTEMC_1_192_288.dat.sz
Min=0, Max=1, range=1
Max absolute error = 0.0000999849
Max relative error = 0.000100
Max pw relative error = 2136.267598
PSNR = 86.548040, NRMSE= 4.705415727486970956E-05
normError = 0.011065, normErr_norm = 0.000060
acEff=1.000000
compressionRatio=5.949485
decompression time = 0.005896 seconds.
decompressed data file: ../../CESM-LAND-MODELS/4/log_normalized/sz_1E-4/LIVESTEMC_1_192_288.dat.sz.out
  ✓ Compression and decompression successful (ratio: 5.94x)

[146/176] Processing: LIVESTEMN_1_192_288.dat
compression time = 0.009488
compressed data file: ../../CESM-LAND-MODELS/4/log_normalized/LIVESTEMN_1_192_288.dat.sz
Min=0, Max=1, range=1
Max absolute error = 0.0000999604
Max relative error = 0.000100
Max pw relative error = 21799.880316
PSNR = 88.132566, NRMSE= 3.9207732311886504546E-05
normError = 0.009220, normErr_norm = 0.000050
acEff=1.000000
compressionRatio=8.625512
decompression time = 0.006029 seconds.
decompressed data file: ../../CESM-LAND-MODELS/4/log_normalized/sz_1E-4/LIVESTEMN_1_192_288.dat.sz.out
  ✓ Compression and decompression successful (ratio: 8.62x)

[147/176] Processing: longxy_192_288.dat
compression time = 0.009904
compressed data file: ../../CESM-LAND-MODELS/4/log_normalized/longxy_192_288.dat.sz
Min=0, Max=1, range=1
Max absolute error = 0.0000999868
Max relative error = 0.000100
Max pw relative error = 0.009906
PSNR = 86.033600, NRMSE= 4.9925223633173876196E-05
normError = 0.011740, normErr_norm = 0.000063
acEff=1.000000
compressionRatio=8.531358
decompression time = 0.005989 seconds.
decompressed data file: ../../CESM-LAND-MODELS/4/log_normalized/sz_1E-4/longxy_192_288.dat.sz.out
  ✓ Compression and decompression successful (ratio: 8.53x)

[148/176] Processing: longxyatm_192_288.dat
compression time = 0.010482
compressed data file: ../../CESM-LAND-MODELS/4/log_normalized/longxyatm_192_288.dat.sz
Min=0, Max=1, range=1
Max absolute error = 0.0000999998
Max relative error = 0.000100
Max pw relative error = 0.000663
PSNR = 86.359346, NRMSE= 4.8087558038360999301E-05
normError = 0.011308, normErr_norm = 0.000095
acEff=1.000000
compressionRatio=6.048236
decompression time = 0.006234 seconds.
decompressed data file: ../../CESM-LAND-MODELS/4/log_normalized/sz_1E-4/longxyatm_192_288.dat.sz.out
  ✓ Compression and decompression successful (ratio: 6.04x)

[149/176] Processing: MEAN_FIRE_PROB_1_192_288.dat
compression time = 0.009406
compressed data file: ../../CESM-LAND-MODELS/4/log_normalized/MEAN_FIRE_PROB_1_192_288.dat.sz
Min=0, Max=1, range=1
Max absolute error = 0.0000999870
Max relative error = 0.000100
Max pw relative error = 58243.524420
PSNR = 86.838184, NRMSE= 4.5508320008408584864E-05
normError = 0.010701, normErr_norm = 0.000053
acEff=1.000000
compressionRatio=9.103721
decompression time = 0.005649 seconds.
decompressed data file: ../../CESM-LAND-MODELS/4/log_normalized/sz_1E-4/MEAN_FIRE_PROB_1_192_288.dat.sz.out
  ✓ Compression and decompression successful (ratio: 9.10x)

[150/176] Processing: MR_1_192_288.dat
compression time = 0.009912
compressed data file: ../../CESM-LAND-MODELS/4/log_normalized/MR_1_192_288.dat.sz
Min=0, Max=1, range=1
Max absolute error = 0.0000999570
Max relative error = 0.000100
Max pw relative error = 68883.141734
PSNR = 92.465519, NRMSE= 2.3808061139260449626E-05
normError = 0.005598, normErr_norm = 0.000030
acEff=1.000000
compressionRatio=19.161743
decompression time = 0.009657 seconds.
decompressed data file: ../../CESM-LAND-MODELS/4/log_normalized/sz_1E-4/MR_1_192_288.dat.sz.out
  ✓ Compression and decompression successful (ratio: 19.16x)

[151/176] Processing: NBP_1_192_288.dat
compression time = 0.010784
compressed data file: ../../CESM-LAND-MODELS/4/log_normalized/NBP_1_192_288.dat.sz
Min=0, Max=1, range=1
Max absolute error = 0.0000999954
Max relative error = 0.000100
Max pw relative error = 204.331347
PSNR = 92.414721, NRMSE= 2.3947709005713507325E-05
normError = 0.005631, normErr_norm = 0.000030
acEff=1.000000
compressionRatio=19.300524
decompression time = 0.005962 seconds.
decompressed data file: ../../CESM-LAND-MODELS/4/log_normalized/sz_1E-4/NBP_1_192_288.dat.sz.out
  ✓ Compression and decompression successful (ratio: 19.30x)

[152/176] Processing: NDEPLOY_1_192_288.dat
compression time = 0.008813
compressed data file: ../../CESM-LAND-MODELS/4/log_normalized/NDEPLOY_1_192_288.dat.sz
Min=0, Max=1, range=1
Max absolute error = 0.0000999570
Max relative error = 0.000100
Max pw relative error = 68593.015979
PSNR = 92.400332, NRMSE= 2.3987412214772196449E-05
normError = 0.005641, normErr_norm = 0.000030
acEff=1.000000
compressionRatio=19.261865
decompression time = 0.005549 seconds.
decompressed data file: ../../CESM-LAND-MODELS/4/log_normalized/sz_1E-4/NDEPLOY_1_192_288.dat.sz.out
  ✓ Compression and decompression successful (ratio: 19.26x)

[153/176] Processing: NDEP_TO_SMINN_1_192_288.dat
compression time = 0.009861
compressed data file: ../../CESM-LAND-MODELS/4/log_normalized/NDEP_TO_SMINN_1_192_288.dat.sz
Min=0, Max=1, range=1
Max absolute error = 0.0000999570
Max relative error = 0.000100
Max pw relative error = 0.000100
PSNR = 92.400327, NRMSE= 2.3987425115270493011E-05
normError = 0.005641, normErr_norm = 0.000030
acEff=1.000000
compressionRatio=19.324131
decompression time = 0.005592 seconds.
decompressed data file: ../../CESM-LAND-MODELS/4/log_normalized/sz_1E-4/NDEP_TO_SMINN_1_192_288.dat.sz.out
  ✓ Compression and decompression successful (ratio: 19.32x)

[154/176] Processing: NEE_1_192_288.dat
compression time = 0.009401
compressed data file: ../../CESM-LAND-MODELS/4/log_normalized/NEE_1_192_288.dat.sz
Min=0, Max=1, range=1
Max absolute error = 0.0000999734
Max relative error = 0.000100
Max pw relative error = 325.526795
PSNR = 92.458607, NRMSE= 2.3827016287593890585E-05
normError = 0.005603, normErr_norm = 0.000030
acEff=1.000000
compressionRatio=19.275294
decompression time = 0.005627 seconds.
decompressed data file: ../../CESM-LAND-MODELS/4/log_normalized/sz_1E-4/NEE_1_192_288.dat.sz.out
  ✓ Compression and decompression successful (ratio: 19.27x)

[155/176] Processing: NEP_1_192_288.dat
compression time = 0.008627
compressed data file: ../../CESM-LAND-MODELS/4/log_normalized/NEP_1_192_288.dat.sz
Min=0, Max=1, range=1
Max absolute error = 0.0000999954
Max relative error = 0.000100
Max pw relative error = 204.331347
PSNR = 92.419869, NRMSE= 2.3933518527670663356E-05
normError = 0.005628, normErr_norm = 0.000030
acEff=1.000000
compressionRatio=19.211674
decompression time = 0.008775 seconds.
decompressed data file: ../../CESM-LAND-MODELS/4/log_normalized/sz_1E-4/NEP_1_192_288.dat.sz.out
  ✓ Compression and decompression successful (ratio: 19.21x)

[156/176] Processing: NET_NMIN_1_192_288.dat
compression time = 0.009118
compressed data file: ../../CESM-LAND-MODELS/4/log_normalized/NET_NMIN_1_192_288.dat.sz
Min=0, Max=1, range=1
Max absolute error = 0.0000999570
Max relative error = 0.000100
Max pw relative error = 68747.853601
PSNR = 92.400339, NRMSE= 2.3987393446701219853E-05
normError = 0.005641, normErr_norm = 0.000030
acEff=1.000000
compressionRatio=19.268577
decompression time = 0.007011 seconds.
decompressed data file: ../../CESM-LAND-MODELS/4/log_normalized/sz_1E-4/NET_NMIN_1_192_288.dat.sz.out
  ✓ Compression and decompression successful (ratio: 19.26x)

[157/176] Processing: NFIX_TO_SMINN_1_192_288.dat
compression time = 0.009964
compressed data file: ../../CESM-LAND-MODELS/4/log_normalized/NFIX_TO_SMINN_1_192_288.dat.sz
Min=0, Max=1, range=1
Max absolute error = 0.0000999570
Max relative error = 0.000100
Max pw relative error = 0.000100
PSNR = 92.400327, NRMSE= 2.3987425115270493011E-05
normError = 0.005641, normErr_norm = 0.000030
acEff=1.000000
compressionRatio=19.324131
decompression time = 0.009416 seconds.
decompressed data file: ../../CESM-LAND-MODELS/4/log_normalized/sz_1E-4/NFIX_TO_SMINN_1_192_288.dat.sz.out
  ✓ Compression and decompression successful (ratio: 19.32x)

[158/176] Processing: NPP_1_192_288.dat
compression time = 0.009838
compressed data file: ../../CESM-LAND-MODELS/4/log_normalized/NPP_1_192_288.dat.sz
Min=0, Max=1, range=1
Max absolute error = 0.0000999961
Max relative error = 0.000100
Max pw relative error = 66108.227314
PSNR = 92.426869, NRMSE= 2.3914236830327869162E-05
normError = 0.005623, normErr_norm = 0.000030
acEff=1.000000
compressionRatio=19.090627
decompression time = 0.005467 seconds.
decompressed data file: ../../CESM-LAND-MODELS/4/log_normalized/sz_1E-4/NPP_1_192_288.dat.sz.out
  ✓ Compression and decompression successful (ratio: 19.09x)

[159/176] Processing: OCDEP_1_192_288.dat
compression time = 0.008875
compressed data file: ../../CESM-LAND-MODELS/4/log_normalized/OCDEP_1_192_288.dat.sz
Min=0, Max=1, range=1
Max absolute error = 0.0000999570
Max relative error = 0.000100
Max pw relative error = 0.000100
PSNR = 92.400327, NRMSE= 2.3987425115270493011E-05
normError = 0.005641, normErr_norm = 0.000030
acEff=1.000000
compressionRatio=19.324131
decompression time = 0.005295 seconds.
decompressed data file: ../../CESM-LAND-MODELS/4/log_normalized/sz_1E-4/OCDEP_1_192_288.dat.sz.out
  ✓ Compression and decompression successful (ratio: 19.32x)

[160/176] Processing: PBOT_1_192_288.dat
compression time = 0.009556
compressed data file: ../../CESM-LAND-MODELS/4/log_normalized/PBOT_1_192_288.dat.sz
Min=0, Max=1, range=1
Max absolute error = 0.0000999868
Max relative error = 0.000100
Max pw relative error = 0.001407
PSNR = 86.585426, NRMSE= 4.6852059048911801737E-05
normError = 0.011017, normErr_norm = 0.000059
acEff=1.000000
compressionRatio=8.039839
decompression time = 0.005745 seconds.
decompressed data file: ../../CESM-LAND-MODELS/4/log_normalized/sz_1E-4/PBOT_1_192_288.dat.sz.out
  ✓ Compression and decompression successful (ratio: 8.03x)

[161/176] Processing: PCO2_1_192_288.dat
compression time = 0.010219
compressed data file: ../../CESM-LAND-MODELS/4/log_normalized/PCO2_1_192_288.dat.sz
Min=0, Max=1, range=1
Max absolute error = 0.0000999980
Max relative error = 0.000100
Max pw relative error = 0.022564
PSNR = 85.865263, NRMSE= 5.0902235612630996654E-05
normError = 0.011970, normErr_norm = 0.000065
acEff=1.000000
compressionRatio=7.982676
decompression time = 0.005749 seconds.
decompressed data file: ../../CESM-LAND-MODELS/4/log_normalized/sz_1E-4/PCO2_1_192_288.dat.sz.out
  ✓ Compression and decompression successful (ratio: 7.98x)

[162/176] Processing: PFT_CTRUNC_1_192_288.dat
compression time = 0.009950
compressed data file: ../../CESM-LAND-MODELS/4/log_normalized/PFT_CTRUNC_1_192_288.dat.sz
Min=0, Max=1, range=1
Max absolute error = 0.0000999570
Max relative error = 0.000100
Max pw relative error = 67328.896619
PSNR = 92.413426, NRMSE= 2.3951279143475270145E-05
normError = 0.005632, normErr_norm = 0.000030
acEff=1.000000
compressionRatio=19.287060
decompression time = 0.004720 seconds.
decompressed data file: ../../CESM-LAND-MODELS/4/log_normalized/sz_1E-4/PFT_CTRUNC_1_192_288.dat.sz.out
  ✓ Compression and decompression successful (ratio: 19.28x)

[163/176] Processing: PFT_FIRE_CLOSS_1_192_288.dat
compression time = 0.011062
compressed data file: ../../CESM-LAND-MODELS/4/log_normalized/PFT_FIRE_CLOSS_1_192_288.dat.sz
Min=0, Max=1, range=1
Max absolute error = 0.0000999570
Max relative error = 0.000100
Max pw relative error = 65714.485219
PSNR = 92.400332, NRMSE= 2.3987412394311390427E-05
normError = 0.005641, normErr_norm = 0.000030
acEff=1.000000
compressionRatio=19.310634
decompression time = 0.005812 seconds.
decompressed data file: ../../CESM-LAND-MODELS/4/log_normalized/sz_1E-4/PFT_FIRE_CLOSS_1_192_288.dat.sz.out
  ✓ Compression and decompression successful (ratio: 19.31x)

[164/176] Processing: PFT_FIRE_NLOSS_1_192_288.dat
compression time = 0.008810
compressed data file: ../../CESM-LAND-MODELS/4/log_normalized/PFT_FIRE_NLOSS_1_192_288.dat.sz
Min=0, Max=1, range=1
Max absolute error = 0.0000999570
Max relative error = 0.000100
Max pw relative error = 63992.450439
PSNR = 92.400327, NRMSE= 2.3987424938701745324E-05
normError = 0.005641, normErr_norm = 0.000030
acEff=1.000000
compressionRatio=19.324131
decompression time = 0.005709 seconds.
decompressed data file: ../../CESM-LAND-MODELS/4/log_normalized/sz_1E-4/PFT_FIRE_NLOSS_1_192_288.dat.sz.out
  ✓ Compression and decompression successful (ratio: 19.32x)

[165/176] Processing: PFT_NTRUNC_1_192_288.dat
compression time = 0.008862
compressed data file: ../../CESM-LAND-MODELS/4/log_normalized/PFT_NTRUNC_1_192_288.dat.sz
Min=0, Max=1, range=1
Max absolute error = 0.0000999570
Max relative error = 0.000100
Max pw relative error = 67393.069943
PSNR = 92.417766, NRMSE= 2.3939314381786495542E-05
normError = 0.005629, normErr_norm = 0.000030
acEff=1.000000
compressionRatio=19.332576
decompression time = 0.005223 seconds.
decompressed data file: ../../CESM-LAND-MODELS/4/log_normalized/sz_1E-4/PFT_NTRUNC_1_192_288.dat.sz.out
  ✓ Compression and decompression successful (ratio: 19.33x)

[166/176] Processing: PLANT_NDEMAND_1_192_288.dat
compression time = 0.008353
compressed data file: ../../CESM-LAND-MODELS/4/log_normalized/PLANT_NDEMAND_1_192_288.dat.sz
Min=0, Max=1, range=1
Max absolute error = 0.0000999570
Max relative error = 0.000100
Max pw relative error = 68261.443688
PSNR = 92.404487, NRMSE= 2.3975940806195640331E-05
normError = 0.005638, normErr_norm = 0.000030
acEff=1.000000
compressionRatio=19.265221
decompression time = 0.006329 seconds.
decompressed data file: ../../CESM-LAND-MODELS/4/log_normalized/sz_1E-4/PLANT_NDEMAND_1_192_288.dat.sz.out
  ✓ Compression and decompression successful (ratio: 19.26x)

[167/176] Processing: POTENTIAL_IMMOB_1_192_288.dat
compression time = 0.008719
compressed data file: ../../CESM-LAND-MODELS/4/log_normalized/POTENTIAL_IMMOB_1_192_288.dat.sz
Min=0, Max=1, range=1
Max absolute error = 0.0000999570
Max relative error = 0.000100
Max pw relative error = 69177.861416
PSNR = 92.400365, NRMSE= 2.3987322511623140008E-05
normError = 0.005641, normErr_norm = 0.000030
acEff=1.000000
compressionRatio=19.271935
decompression time = 0.005513 seconds.
decompressed data file: ../../CESM-LAND-MODELS/4/log_normalized/sz_1E-4/POTENTIAL_IMMOB_1_192_288.dat.sz.out
  ✓ Compression and decompression successful (ratio: 19.27x)

[168/176] Processing: PROD100C_1_192_288.dat
compression time = 0.008733
compressed data file: ../../CESM-LAND-MODELS/4/log_normalized/PROD100C_1_192_288.dat.sz
Min=0, Max=1, range=1
Max absolute error = 0.0000999570
Max relative error = 0.000100
Max pw relative error = 0.000100
PSNR = 92.400327, NRMSE= 2.3987425115270493011E-05
normError = 0.005641, normErr_norm = 0.000030
acEff=1.000000
compressionRatio=19.324131
decompression time = 0.005583 seconds.
decompressed data file: ../../CESM-LAND-MODELS/4/log_normalized/sz_1E-4/PROD100C_1_192_288.dat.sz.out
  ✓ Compression and decompression successful (ratio: 19.32x)

[169/176] Processing: PROD100C_LOSS_1_192_288.dat
compression time = 0.009003
compressed data file: ../../CESM-LAND-MODELS/4/log_normalized/PROD100C_LOSS_1_192_288.dat.sz
Min=0, Max=1, range=1
Max absolute error = 0.0000999570
Max relative error = 0.000100
Max pw relative error = 0.000100
PSNR = 92.400327, NRMSE= 2.3987425115270493011E-05
normError = 0.005641, normErr_norm = 0.000030
acEff=1.000000
compressionRatio=19.324131
decompression time = 0.004889 seconds.
decompressed data file: ../../CESM-LAND-MODELS/4/log_normalized/sz_1E-4/PROD100C_LOSS_1_192_288.dat.sz.out
  ✓ Compression and decompression successful (ratio: 19.32x)

[170/176] Processing: PROD100N_1_192_288.dat
compression time = 0.008218
compressed data file: ../../CESM-LAND-MODELS/4/log_normalized/PROD100N_1_192_288.dat.sz
Min=0, Max=1, range=1
Max absolute error = 0.0000999570
Max relative error = 0.000100
Max pw relative error = 0.000100
PSNR = 92.400327, NRMSE= 2.3987425115270493011E-05
normError = 0.005641, normErr_norm = 0.000030
acEff=1.000000
compressionRatio=19.324131
decompression time = 0.005126 seconds.
decompressed data file: ../../CESM-LAND-MODELS/4/log_normalized/sz_1E-4/PROD100N_1_192_288.dat.sz.out
  ✓ Compression and decompression successful (ratio: 19.32x)

[171/176] Processing: PROD100N_LOSS_1_192_288.dat
compression time = 0.009732
compressed data file: ../../CESM-LAND-MODELS/4/log_normalized/PROD100N_LOSS_1_192_288.dat.sz
Min=0, Max=1, range=1
Max absolute error = 0.0000999570
Max relative error = 0.000100
Max pw relative error = 0.000100
PSNR = 92.400327, NRMSE= 2.3987425115270493011E-05
normError = 0.005641, normErr_norm = 0.000030
acEff=1.000000
compressionRatio=19.324131
decompression time = 0.005343 seconds.
decompressed data file: ../../CESM-LAND-MODELS/4/log_normalized/sz_1E-4/PROD100N_LOSS_1_192_288.dat.sz.out
  ✓ Compression and decompression successful (ratio: 19.32x)

[172/176] Processing: PROD10C_1_192_288.dat
compression time = 0.009298
compressed data file: ../../CESM-LAND-MODELS/4/log_normalized/PROD10C_1_192_288.dat.sz
Min=0, Max=1, range=1
Max absolute error = 0.0000999570
Max relative error = 0.000100
Max pw relative error = 0.000100
PSNR = 92.400327, NRMSE= 2.3987425115270493011E-05
normError = 0.005641, normErr_norm = 0.000030
acEff=1.000000
compressionRatio=19.324131
decompression time = 0.005427 seconds.
decompressed data file: ../../CESM-LAND-MODELS/4/log_normalized/sz_1E-4/PROD10C_1_192_288.dat.sz.out
  ✓ Compression and decompression successful (ratio: 19.32x)

[173/176] Processing: PROD10C_LOSS_1_192_288.dat
compression time = 0.009717
compressed data file: ../../CESM-LAND-MODELS/4/log_normalized/PROD10C_LOSS_1_192_288.dat.sz
Min=0, Max=1, range=1
Max absolute error = 0.0000999570
Max relative error = 0.000100
Max pw relative error = 0.000100
PSNR = 92.400327, NRMSE= 2.3987425115270493011E-05
normError = 0.005641, normErr_norm = 0.000030
acEff=1.000000
compressionRatio=19.324131
decompression time = 0.006011 seconds.
decompressed data file: ../../CESM-LAND-MODELS/4/log_normalized/sz_1E-4/PROD10C_LOSS_1_192_288.dat.sz.out
  ✓ Compression and decompression successful (ratio: 19.32x)

[174/176] Processing: PROD10N_1_192_288.dat
compression time = 0.008003
compressed data file: ../../CESM-LAND-MODELS/4/log_normalized/PROD10N_1_192_288.dat.sz
Min=0, Max=1, range=1
Max absolute error = 0.0000999570
Max relative error = 0.000100
Max pw relative error = 0.000100
PSNR = 92.400327, NRMSE= 2.3987425115270493011E-05
normError = 0.005641, normErr_norm = 0.000030
acEff=1.000000
compressionRatio=19.324131
decompression time = 0.005113 seconds.
decompressed data file: ../../CESM-LAND-MODELS/4/log_normalized/sz_1E-4/PROD10N_1_192_288.dat.sz.out
  ✓ Compression and decompression successful (ratio: 19.32x)

[175/176] Processing: topo_192_288.dat
compression time = 0.009359
compressed data file: ../../CESM-LAND-MODELS/4/log_normalized/topo_192_288.dat.sz
Min=0, Max=1, range=1
Max absolute error = 0.0000999570
Max relative error = 0.000100
Max pw relative error = 0.000100
PSNR = 92.400327, NRMSE= 2.3987425115270493011E-05
normError = 0.005641, normErr_norm = 0.000030
acEff=1.000000
compressionRatio=19.324131
decompression time = 0.005223 seconds.
decompressed data file: ../../CESM-LAND-MODELS/4/log_normalized/sz_1E-4/topo_192_288.dat.sz.out
  ✓ Compression and decompression successful (ratio: 19.32x)

[176/176] Processing: topodnsc_192_288.dat
compression time = 0.009934
compressed data file: ../../CESM-LAND-MODELS/4/log_normalized/topodnsc_192_288.dat.sz
Min=0, Max=1, range=1
Max absolute error = 0.0000999570
Max relative error = 0.000100
Max pw relative error = 0.000100
PSNR = 92.400327, NRMSE= 2.3987425115270493011E-05
normError = 0.005641, normErr_norm = 0.000030
acEff=1.000000
compressionRatio=19.324131
decompression time = 0.004981 seconds.
decompressed data file: ../../CESM-LAND-MODELS/4/log_normalized/sz_1E-4/topodnsc_192_288.dat.sz.out
  ✓ Compression and decompression successful (ratio: 19.32x)

=== Summary ===
Total files processed: 176
Total files skipped: 0
Total files failed: 0

