Input directory: ../../CESM-LAND-MODELS/4/log_normalized
Output directory: ../../CESM-LAND-MODELS/4/log_normalized/sz_1E-8
Dimensions: 192x288
Error bound: 1E-8
SZ config: sz.config

Found 176 .dat file(s) to process

[1/176] Processing: ACTUAL_IMMOB_1_192_288.dat
compression time = 0.011867
compressed data file: ../../CESM-LAND-MODELS/4/log_normalized/ACTUAL_IMMOB_1_192_288.dat.sz
Min=0, Max=1, range=1
Max absolute error = 0.0000000099
Max relative error = 0.000000
Max pw relative error = 6.907151
PSNR = 175.296241, NRMSE= 1.7186520392147852006E-09
normError = 0.000000, normErr_norm = 0.000000
acEff=1.000000
compressionRatio=35.383779
decompression time = 0.005506 seconds.
decompressed data file: ../../CESM-LAND-MODELS/4/log_normalized/sz_1E-8/ACTUAL_IMMOB_1_192_288.dat.sz.out
  ✓ Compression and decompression successful (ratio: 35.38x)

[2/176] Processing: AGNPP_1_192_288.dat
compression time = 0.009376
compressed data file: ../../CESM-LAND-MODELS/4/log_normalized/AGNPP_1_192_288.dat.sz
Min=0, Max=1, range=1
Max absolute error = 0.0000000100
Max relative error = 0.000000
Max pw relative error = 6.907158
PSNR = 174.670454, NRMSE= 1.8470441681580137691E-09
normError = 0.000000, normErr_norm = 0.000000
acEff=1.000000
compressionRatio=17.104942
decompression time = 0.005351 seconds.
decompressed data file: ../../CESM-LAND-MODELS/4/log_normalized/sz_1E-8/AGNPP_1_192_288.dat.sz.out
  ✓ Compression and decompression successful (ratio: 17.10x)

[3/176] Processing: ANN_FAREA_BURNED_1_192_288.dat
compression time = 0.014203
compressed data file: ../../CESM-LAND-MODELS/4/log_normalized/ANN_FAREA_BURNED_1_192_288.dat.sz
Min=0, Max=1, range=1
Max absolute error = 0.0000000100
Max relative error = 0.000000
Max pw relative error = 6.468451
PSNR = 172.619963, NRMSE= 2.338847298424034002E-09
normError = 0.000001, normErr_norm = 0.000000
acEff=1.000000
compressionRatio=2.523693
decompression time = 0.006493 seconds.
decompressed data file: ../../CESM-LAND-MODELS/4/log_normalized/sz_1E-8/ANN_FAREA_BURNED_1_192_288.dat.sz.out
  ✓ Compression and decompression successful (ratio: 2.52x)

[4/176] Processing: AR_1_192_288.dat
compression time = 0.011449
compressed data file: ../../CESM-LAND-MODELS/4/log_normalized/AR_1_192_288.dat.sz
Min=0, Max=1, range=1
Max absolute error = 0.0000000100
Max relative error = 0.000000
Max pw relative error = 6.907153
PSNR = 172.231095, NRMSE= 2.4459369421150118524E-09
normError = 0.000001, normErr_norm = 0.000000
acEff=1.000000
compressionRatio=11.597315
decompression time = 0.005610 seconds.
decompressed data file: ../../CESM-LAND-MODELS/4/log_normalized/sz_1E-8/AR_1_192_288.dat.sz.out
  ✓ Compression and decompression successful (ratio: 11.59x)

[5/176] Processing: area_192_288.dat
compression time = 0.011690
compressed data file: ../../CESM-LAND-MODELS/4/log_normalized/area_192_288.dat.sz
Min=0, Max=1, range=1
Max absolute error = 0.0000000075
Max relative error = 0.000000
Max pw relative error = 0.000000
PSNR = 169.599318, NRMSE= 3.3115712579545661856E-09
normError = 0.000001, normErr_norm = 0.000000
acEff=1.000000
compressionRatio=20.381865
decompression time = 0.005282 seconds.
decompressed data file: ../../CESM-LAND-MODELS/4/log_normalized/sz_1E-8/area_192_288.dat.sz.out
  ✓ Compression and decompression successful (ratio: 20.38x)

[6/176] Processing: areaatm_192_288.dat
compression time = 0.009312
compressed data file: ../../CESM-LAND-MODELS/4/log_normalized/areaatm_192_288.dat.sz
Min=0, Max=1, range=1
Max absolute error = 0.0000000086
Max relative error = 0.000000
Max pw relative error = 0.000000
PSNR = 198.807279, NRMSE= 1.1471918086171167829E-10
normError = 0.000000, normErr_norm = 0.000000
acEff=1.000000
compressionRatio=33.076716
decompression time = 0.006530 seconds.
decompressed data file: ../../CESM-LAND-MODELS/4/log_normalized/sz_1E-8/areaatm_192_288.dat.sz.out
  ✓ Compression and decompression successful (ratio: 33.07x)

[7/176] Processing: areaupsc_192_288.dat
compression time = 0.013393
compressed data file: ../../CESM-LAND-MODELS/4/log_normalized/areaupsc_192_288.dat.sz
Min=0, Max=1, range=1
Max absolute error = 0.0000000075
Max relative error = 0.000000
Max pw relative error = 0.000000
PSNR = 169.599318, NRMSE= 3.3115712579545661856E-09
normError = 0.000001, normErr_norm = 0.000000
acEff=1.000000
compressionRatio=20.381865
decompression time = 0.005275 seconds.
decompressed data file: ../../CESM-LAND-MODELS/4/log_normalized/sz_1E-8/areaupsc_192_288.dat.sz.out
  ✓ Compression and decompression successful (ratio: 20.38x)

[8/176] Processing: BCDEP_1_192_288.dat
compression time = 0.012091
compressed data file: ../../CESM-LAND-MODELS/4/log_normalized/BCDEP_1_192_288.dat.sz
Min=0, Max=1, range=1
Max absolute error = 0.0000000060
Max relative error = 0.000000
Max pw relative error = 0.000000
PSNR = 208.402311, NRMSE= 3.800882713033727352E-11
normError = 0.000000, normErr_norm = 0.000000
acEff=1.000000
compressionRatio=53.041727
decompression time = 0.006050 seconds.
decompressed data file: ../../CESM-LAND-MODELS/4/log_normalized/sz_1E-8/BCDEP_1_192_288.dat.sz.out
  ✓ Compression and decompression successful (ratio: 53.04x)

[9/176] Processing: BGNPP_1_192_288.dat
compression time = 0.010493
compressed data file: ../../CESM-LAND-MODELS/4/log_normalized/BGNPP_1_192_288.dat.sz
Min=0, Max=1, range=1
Max absolute error = 0.0000000100
Max relative error = 0.000000
Max pw relative error = 6.907156
PSNR = 174.479736, NRMSE= 1.8880487354160823526E-09
normError = 0.000000, normErr_norm = 0.000000
acEff=1.000000
compressionRatio=17.479374
decompression time = 0.005704 seconds.
decompressed data file: ../../CESM-LAND-MODELS/4/log_normalized/sz_1E-8/BGNPP_1_192_288.dat.sz.out
  ✓ Compression and decompression successful (ratio: 17.47x)

[10/176] Processing: BTRAN_1_192_288.dat
compression time = 0.014137
compressed data file: ../../CESM-LAND-MODELS/4/log_normalized/BTRAN_1_192_288.dat.sz
Min=0, Max=1, range=1
Max absolute error = 0.0000000000
Max relative error = 0.000000
Max pw relative error = 0.000000
PSNR = inf, NRMSE= 0
normError = 0.000000, normErr_norm = 0.000000
acEff=1.000000
compressionRatio=4.905172
decompression time = 0.000781 seconds.
decompressed data file: ../../CESM-LAND-MODELS/4/log_normalized/sz_1E-8/BTRAN_1_192_288.dat.sz.out
  ✓ Compression and decompression successful (ratio: 4.90x)

[11/176] Processing: BUILDHEAT_1_192_288.dat
compression time = 0.014509
compressed data file: ../../CESM-LAND-MODELS/4/log_normalized/BUILDHEAT_1_192_288.dat.sz
Min=0, Max=1, range=1
Max absolute error = 0.0000000075
Max relative error = 0.000000
Max pw relative error = 0.000000
PSNR = 170.021631, NRMSE= 3.1544120898403145119E-09
normError = 0.000001, normErr_norm = 0.000000
acEff=1.000000
compressionRatio=3.763617
decompression time = 0.006150 seconds.
decompressed data file: ../../CESM-LAND-MODELS/4/log_normalized/sz_1E-8/BUILDHEAT_1_192_288.dat.sz.out
  ✓ Compression and decompression successful (ratio: 3.76x)

[12/176] Processing: COL_CTRUNC_1_192_288.dat
compression time = 0.010885
compressed data file: ../../CESM-LAND-MODELS/4/log_normalized/COL_CTRUNC_1_192_288.dat.sz
Min=0, Max=1, range=1
Max absolute error = 0.0000000100
Max relative error = 0.000000
Max pw relative error = 6.907149
PSNR = 171.942167, NRMSE= 2.5286669156923829753E-09
normError = 0.000001, normErr_norm = 0.000000
acEff=1.000000
compressionRatio=9.420102
decompression time = 0.006163 seconds.
decompressed data file: ../../CESM-LAND-MODELS/4/log_normalized/sz_1E-8/COL_CTRUNC_1_192_288.dat.sz.out
  ✓ Compression and decompression successful (ratio: 9.42x)

[13/176] Processing: COL_FIRE_CLOSS_1_192_288.dat
compression time = 0.010881
compressed data file: ../../CESM-LAND-MODELS/4/log_normalized/COL_FIRE_CLOSS_1_192_288.dat.sz
Min=0, Max=1, range=1
Max absolute error = 0.0000000100
Max relative error = 0.000000
Max pw relative error = 5.078922
PSNR = 179.391813, NRMSE= 1.0725297855222057286E-09
normError = 0.000000, normErr_norm = 0.000000
acEff=1.000000
compressionRatio=35.663334
decompression time = 0.005465 seconds.
decompressed data file: ../../CESM-LAND-MODELS/4/log_normalized/sz_1E-8/COL_FIRE_CLOSS_1_192_288.dat.sz.out
  ✓ Compression and decompression successful (ratio: 35.66x)

[14/176] Processing: COL_FIRE_NLOSS_1_192_288.dat
compression time = 0.011085
compressed data file: ../../CESM-LAND-MODELS/4/log_normalized/COL_FIRE_NLOSS_1_192_288.dat.sz
Min=0, Max=1, range=1
Max absolute error = 0.0000000060
Max relative error = 0.000000
Max pw relative error = 1.000000
PSNR = 200.061219, NRMSE= 9.9297671991512282826E-11
normError = 0.000000, normErr_norm = 0.000000
acEff=1.000000
compressionRatio=52.450557
decompression time = 0.005741 seconds.
decompressed data file: ../../CESM-LAND-MODELS/4/log_normalized/sz_1E-8/COL_FIRE_NLOSS_1_192_288.dat.sz.out
  ✓ Compression and decompression successful (ratio: 52.45x)

[15/176] Processing: COL_NTRUNC_1_192_288.dat
compression time = 0.010917
compressed data file: ../../CESM-LAND-MODELS/4/log_normalized/COL_NTRUNC_1_192_288.dat.sz
Min=0, Max=1, range=1
Max absolute error = 0.0000000100
Max relative error = 0.000000
Max pw relative error = 6.948304
PSNR = 174.635939, NRMSE= 1.8543984695860189905E-09
normError = 0.000000, normErr_norm = 0.000000
acEff=1.000000
compressionRatio=10.568302
decompression time = 0.005660 seconds.
decompressed data file: ../../CESM-LAND-MODELS/4/log_normalized/sz_1E-8/COL_NTRUNC_1_192_288.dat.sz.out
  ✓ Compression and decompression successful (ratio: 10.56x)

[16/176] Processing: CPOOL_1_192_288.dat
compression time = 0.011380
compressed data file: ../../CESM-LAND-MODELS/4/log_normalized/CPOOL_1_192_288.dat.sz
Min=0, Max=1, range=1
Max absolute error = 0.0000000060
Max relative error = 0.000000
Max pw relative error = 0.000000
PSNR = 208.402311, NRMSE= 3.800882713033727352E-11
normError = 0.000000, normErr_norm = 0.000000
acEff=1.000000
compressionRatio=53.041727
decompression time = 0.005487 seconds.
decompressed data file: ../../CESM-LAND-MODELS/4/log_normalized/sz_1E-8/CPOOL_1_192_288.dat.sz.out
  ✓ Compression and decompression successful (ratio: 53.04x)

[17/176] Processing: CWDC_1_192_288.dat
compression time = 0.012885
compressed data file: ../../CESM-LAND-MODELS/4/log_normalized/CWDC_1_192_288.dat.sz
Min=0, Max=1, range=1
Max absolute error = 0.0000000100
Max relative error = 0.000000
Max pw relative error = 5.174988
PSNR = 181.436393, NRMSE= 8.4757927824031767388E-10
normError = 0.000000, normErr_norm = 0.000000
acEff=1.000000
compressionRatio=3.396091
decompression time = 0.007733 seconds.
decompressed data file: ../../CESM-LAND-MODELS/4/log_normalized/sz_1E-8/CWDC_1_192_288.dat.sz.out
  ✓ Compression and decompression successful (ratio: 3.39x)

[18/176] Processing: CWDC_HR_1_192_288.dat
compression time = 0.013418
compressed data file: ../../CESM-LAND-MODELS/4/log_normalized/CWDC_HR_1_192_288.dat.sz
Min=0, Max=1, range=1
Max absolute error = 0.0000000060
Max relative error = 0.000000
Max pw relative error = 0.000000
PSNR = 208.402311, NRMSE= 3.800882713033727352E-11
normError = 0.000000, normErr_norm = 0.000000
acEff=1.000000
compressionRatio=53.041727
decompression time = 0.007761 seconds.
decompressed data file: ../../CESM-LAND-MODELS/4/log_normalized/sz_1E-8/CWDC_HR_1_192_288.dat.sz.out
  ✓ Compression and decompression successful (ratio: 53.04x)

[19/176] Processing: CWDC_LOSS_1_192_288.dat
compression time = 0.011065
compressed data file: ../../CESM-LAND-MODELS/4/log_normalized/CWDC_LOSS_1_192_288.dat.sz
Min=0, Max=1, range=1
Max absolute error = 0.0000000100
Max relative error = 0.000000
Max pw relative error = 6.907160
PSNR = 173.449121, NRMSE= 2.1259055106630756394E-09
normError = 0.000000, normErr_norm = 0.000000
acEff=1.000000
compressionRatio=18.687394
decompression time = 0.005972 seconds.
decompressed data file: ../../CESM-LAND-MODELS/4/log_normalized/sz_1E-8/CWDC_LOSS_1_192_288.dat.sz.out
  ✓ Compression and decompression successful (ratio: 18.68x)

[20/176] Processing: CWDN_1_192_288.dat
compression time = 0.014959
compressed data file: ../../CESM-LAND-MODELS/4/log_normalized/CWDN_1_192_288.dat.sz
Min=0, Max=1, range=1
Max absolute error = 0.0000000100
Max relative error = 0.000000
Max pw relative error = 3.309054
PSNR = 175.842341, NRMSE= 1.6139235605812175097E-09
normError = 0.000000, normErr_norm = 0.000000
acEff=1.000000
compressionRatio=2.282530
decompression time = 0.006639 seconds.
decompressed data file: ../../CESM-LAND-MODELS/4/log_normalized/sz_1E-8/CWDN_1_192_288.dat.sz.out
  ✓ Compression and decompression successful (ratio: 2.28x)

[21/176] Processing: DEADCROOTC_1_192_288.dat
compression time = 0.012774
compressed data file: ../../CESM-LAND-MODELS/4/log_normalized/DEADCROOTC_1_192_288.dat.sz
Min=0, Max=1, range=1
Max absolute error = 0.0000000096
Max relative error = 0.000000
Max pw relative error = 1.000000
PSNR = 181.853579, NRMSE= 8.0783198839970729558E-10
normError = 0.000000, normErr_norm = 0.000000
acEff=1.000000
compressionRatio=3.505238
decompression time = 0.006591 seconds.
decompressed data file: ../../CESM-LAND-MODELS/4/log_normalized/sz_1E-8/DEADCROOTC_1_192_288.dat.sz.out
  ✓ Compression and decompression successful (ratio: 3.50x)

[22/176] Processing: DEADCROOTN_1_192_288.dat
compression time = 0.014378
compressed data file: ../../CESM-LAND-MODELS/4/log_normalized/DEADCROOTN_1_192_288.dat.sz
Min=0, Max=1, range=1
Max absolute error = 0.0000000100
Max relative error = 0.000000
Max pw relative error = 1.263088
PSNR = 176.068069, NRMSE= 1.5725214327126205579E-09
normError = 0.000000, normErr_norm = 0.000000
acEff=1.000000
compressionRatio=2.328596
decompression time = 0.006167 seconds.
decompressed data file: ../../CESM-LAND-MODELS/4/log_normalized/sz_1E-8/DEADCROOTN_1_192_288.dat.sz.out
  ✓ Compression and decompression successful (ratio: 2.32x)

[23/176] Processing: DEADSTEMC_1_192_288.dat
compression time = 0.013852
compressed data file: ../../CESM-LAND-MODELS/4/log_normalized/DEADSTEMC_1_192_288.dat.sz
Min=0, Max=1, range=1
Max absolute error = 0.0000000098
Max relative error = 0.000000
Max pw relative error = 1.000000
PSNR = 182.672210, NRMSE= 7.3517292148667189976E-10
normError = 0.000000, normErr_norm = 0.000000
acEff=1.000000
compressionRatio=3.547572
decompression time = 0.005452 seconds.
decompressed data file: ../../CESM-LAND-MODELS/4/log_normalized/sz_1E-8/DEADSTEMC_1_192_288.dat.sz.out
  ✓ Compression and decompression successful (ratio: 3.54x)

[24/176] Processing: DEADSTEMN_1_192_288.dat
compression time = 0.013301
compressed data file: ../../CESM-LAND-MODELS/4/log_normalized/DEADSTEMN_1_192_288.dat.sz
Min=0, Max=1, range=1
Max absolute error = 0.0000000100
Max relative error = 0.000000
Max pw relative error = 5.168939
PSNR = 178.077711, NRMSE= 1.2477122639659447053E-09
normError = 0.000000, normErr_norm = 0.000000
acEff=1.000000
compressionRatio=2.726258
decompression time = 0.006115 seconds.
decompressed data file: ../../CESM-LAND-MODELS/4/log_normalized/sz_1E-8/DEADSTEMN_1_192_288.dat.sz.out
  ✓ Compression and decompression successful (ratio: 2.72x)

[25/176] Processing: DENIT_1_192_288.dat
compression time = 0.011332
compressed data file: ../../CESM-LAND-MODELS/4/log_normalized/DENIT_1_192_288.dat.sz
Min=0, Max=1, range=1
Max absolute error = 0.0000000072
Max relative error = 0.000000
Max pw relative error = 3.000000
PSNR = 188.464815, NRMSE= 3.7736295325228979743E-10
normError = 0.000000, normErr_norm = 0.000000
acEff=1.000000
compressionRatio=49.816216
decompression time = 0.005793 seconds.
decompressed data file: ../../CESM-LAND-MODELS/4/log_normalized/sz_1E-8/DENIT_1_192_288.dat.sz.out
  ✓ Compression and decompression successful (ratio: 49.81x)

[26/176] Processing: DISPVEGC_1_192_288.dat
compression time = 0.011375
compressed data file: ../../CESM-LAND-MODELS/4/log_normalized/DISPVEGC_1_192_288.dat.sz
Min=0, Max=1, range=1
Max absolute error = 0.0000000097
Max relative error = 0.000000
Max pw relative error = 1.000000
PSNR = 182.547700, NRMSE= 7.4578734155171463151E-10
normError = 0.000000, normErr_norm = 0.000000
acEff=1.000000
compressionRatio=3.256010
decompression time = 0.005434 seconds.
decompressed data file: ../../CESM-LAND-MODELS/4/log_normalized/sz_1E-8/DISPVEGC_1_192_288.dat.sz.out
  ✓ Compression and decompression successful (ratio: 3.25x)

[27/176] Processing: DISPVEGN_1_192_288.dat
compression time = 0.013371
compressed data file: ../../CESM-LAND-MODELS/4/log_normalized/DISPVEGN_1_192_288.dat.sz
Min=0, Max=1, range=1
Max absolute error = 0.0000000100
Max relative error = 0.000000
Max pw relative error = 1.000000
PSNR = 179.207275, NRMSE= 1.0955602315927894985E-09
normError = 0.000000, normErr_norm = 0.000000
acEff=1.000000
compressionRatio=2.702507
decompression time = 0.006102 seconds.
decompressed data file: ../../CESM-LAND-MODELS/4/log_normalized/sz_1E-8/DISPVEGN_1_192_288.dat.sz.out
  ✓ Compression and decompression successful (ratio: 2.70x)

[28/176] Processing: DSTDEP_1_192_288.dat
compression time = 0.011705
compressed data file: ../../CESM-LAND-MODELS/4/log_normalized/DSTDEP_1_192_288.dat.sz
Min=0, Max=1, range=1
Max absolute error = 0.0000000060
Max relative error = 0.000000
Max pw relative error = 0.000000
PSNR = 208.402311, NRMSE= 3.800882713033727352E-11
normError = 0.000000, normErr_norm = 0.000000
acEff=1.000000
compressionRatio=53.041727
decompression time = 0.006031 seconds.
decompressed data file: ../../CESM-LAND-MODELS/4/log_normalized/sz_1E-8/DSTDEP_1_192_288.dat.sz.out
  ✓ Compression and decompression successful (ratio: 53.04x)

[29/176] Processing: DSTFLXT_1_192_288.dat
compression time = 0.010889
compressed data file: ../../CESM-LAND-MODELS/4/log_normalized/DSTFLXT_1_192_288.dat.sz
Min=0, Max=1, range=1
Max absolute error = 0.0000000099
Max relative error = 0.000000
Max pw relative error = 2.999999
PSNR = 187.729155, NRMSE= 4.1071660703316597855E-10
normError = 0.000000, normErr_norm = 0.000000
acEff=1.000000
compressionRatio=50.544790
decompression time = 0.005804 seconds.
decompressed data file: ../../CESM-LAND-MODELS/4/log_normalized/sz_1E-8/DSTFLXT_1_192_288.dat.sz.out
  ✓ Compression and decompression successful (ratio: 50.54x)

[30/176] Processing: DWT_CLOSS_1_192_288.dat
compression time = 0.010499
compressed data file: ../../CESM-LAND-MODELS/4/log_normalized/DWT_CLOSS_1_192_288.dat.sz
Min=0, Max=1, range=1
Max absolute error = 0.0000000060
Max relative error = 0.000000
Max pw relative error = 0.000000
PSNR = 208.402311, NRMSE= 3.800882713033727352E-11
normError = 0.000000, normErr_norm = 0.000000
acEff=1.000000
compressionRatio=53.041727
decompression time = 0.005185 seconds.
decompressed data file: ../../CESM-LAND-MODELS/4/log_normalized/sz_1E-8/DWT_CLOSS_1_192_288.dat.sz.out
  ✓ Compression and decompression successful (ratio: 53.04x)

[31/176] Processing: DWT_CONV_CFLUX_1_192_288.dat
compression time = 0.011249
compressed data file: ../../CESM-LAND-MODELS/4/log_normalized/DWT_CONV_CFLUX_1_192_288.dat.sz
Min=0, Max=1, range=1
Max absolute error = 0.0000000060
Max relative error = 0.000000
Max pw relative error = 0.000000
PSNR = 208.402311, NRMSE= 3.800882713033727352E-11
normError = 0.000000, normErr_norm = 0.000000
acEff=1.000000
compressionRatio=53.041727
decompression time = 0.005908 seconds.
decompressed data file: ../../CESM-LAND-MODELS/4/log_normalized/sz_1E-8/DWT_CONV_CFLUX_1_192_288.dat.sz.out
  ✓ Compression and decompression successful (ratio: 53.04x)

[32/176] Processing: DWT_CONV_NFLUX_1_192_288.dat
compression time = 0.010903
compressed data file: ../../CESM-LAND-MODELS/4/log_normalized/DWT_CONV_NFLUX_1_192_288.dat.sz
Min=0, Max=1, range=1
Max absolute error = 0.0000000060
Max relative error = 0.000000
Max pw relative error = 0.000000
PSNR = 208.402311, NRMSE= 3.800882713033727352E-11
normError = 0.000000, normErr_norm = 0.000000
acEff=1.000000
compressionRatio=53.041727
decompression time = 0.005664 seconds.
decompressed data file: ../../CESM-LAND-MODELS/4/log_normalized/sz_1E-8/DWT_CONV_NFLUX_1_192_288.dat.sz.out
  ✓ Compression and decompression successful (ratio: 53.04x)

[33/176] Processing: DWT_NLOSS_1_192_288.dat
compression time = 0.011199
compressed data file: ../../CESM-LAND-MODELS/4/log_normalized/DWT_NLOSS_1_192_288.dat.sz
Min=0, Max=1, range=1
Max absolute error = 0.0000000060
Max relative error = 0.000000
Max pw relative error = 0.000000
PSNR = 208.402311, NRMSE= 3.800882713033727352E-11
normError = 0.000000, normErr_norm = 0.000000
acEff=1.000000
compressionRatio=53.041727
decompression time = 0.005423 seconds.
decompressed data file: ../../CESM-LAND-MODELS/4/log_normalized/sz_1E-8/DWT_NLOSS_1_192_288.dat.sz.out
  ✓ Compression and decompression successful (ratio: 53.04x)

[34/176] Processing: DWT_PROD100C_GAIN_1_192_288.dat
compression time = 0.010974
compressed data file: ../../CESM-LAND-MODELS/4/log_normalized/DWT_PROD100C_GAIN_1_192_288.dat.sz
Min=0, Max=1, range=1
Max absolute error = 0.0000000060
Max relative error = 0.000000
Max pw relative error = 0.000000
PSNR = 208.402311, NRMSE= 3.800882713033727352E-11
normError = 0.000000, normErr_norm = 0.000000
acEff=1.000000
compressionRatio=53.041727
decompression time = 0.005140 seconds.
decompressed data file: ../../CESM-LAND-MODELS/4/log_normalized/sz_1E-8/DWT_PROD100C_GAIN_1_192_288.dat.sz.out
  ✓ Compression and decompression successful (ratio: 53.04x)

[35/176] Processing: DWT_PROD100N_GAIN_1_192_288.dat
compression time = 0.011050
compressed data file: ../../CESM-LAND-MODELS/4/log_normalized/DWT_PROD100N_GAIN_1_192_288.dat.sz
Min=0, Max=1, range=1
Max absolute error = 0.0000000060
Max relative error = 0.000000
Max pw relative error = 0.000000
PSNR = 208.402311, NRMSE= 3.800882713033727352E-11
normError = 0.000000, normErr_norm = 0.000000
acEff=1.000000
compressionRatio=53.041727
decompression time = 0.005461 seconds.
decompressed data file: ../../CESM-LAND-MODELS/4/log_normalized/sz_1E-8/DWT_PROD100N_GAIN_1_192_288.dat.sz.out
  ✓ Compression and decompression successful (ratio: 53.04x)

[36/176] Processing: DWT_PROD10C_GAIN_1_192_288.dat
compression time = 0.010377
compressed data file: ../../CESM-LAND-MODELS/4/log_normalized/DWT_PROD10C_GAIN_1_192_288.dat.sz
Min=0, Max=1, range=1
Max absolute error = 0.0000000060
Max relative error = 0.000000
Max pw relative error = 0.000000
PSNR = 208.402311, NRMSE= 3.800882713033727352E-11
normError = 0.000000, normErr_norm = 0.000000
acEff=1.000000
compressionRatio=53.041727
decompression time = 0.005245 seconds.
decompressed data file: ../../CESM-LAND-MODELS/4/log_normalized/sz_1E-8/DWT_PROD10C_GAIN_1_192_288.dat.sz.out
  ✓ Compression and decompression successful (ratio: 53.04x)

[37/176] Processing: DWT_PROD10N_GAIN_1_192_288.dat
compression time = 0.010045
compressed data file: ../../CESM-LAND-MODELS/4/log_normalized/DWT_PROD10N_GAIN_1_192_288.dat.sz
Min=0, Max=1, range=1
Max absolute error = 0.0000000060
Max relative error = 0.000000
Max pw relative error = 0.000000
PSNR = 208.402311, NRMSE= 3.800882713033727352E-11
normError = 0.000000, normErr_norm = 0.000000
acEff=1.000000
compressionRatio=53.041727
decompression time = 0.004993 seconds.
decompressed data file: ../../CESM-LAND-MODELS/4/log_normalized/sz_1E-8/DWT_PROD10N_GAIN_1_192_288.dat.sz.out
  ✓ Compression and decompression successful (ratio: 53.04x)

[38/176] Processing: DWT_SEEDC_TO_DEADSTEM_1_192_288.dat
compression time = 0.010893
compressed data file: ../../CESM-LAND-MODELS/4/log_normalized/DWT_SEEDC_TO_DEADSTEM_1_192_288.dat.sz
Min=0, Max=1, range=1
Max absolute error = 0.0000000060
Max relative error = 0.000000
Max pw relative error = 0.000000
PSNR = 208.402311, NRMSE= 3.800882713033727352E-11
normError = 0.000000, normErr_norm = 0.000000
acEff=1.000000
compressionRatio=53.041727
decompression time = 0.004903 seconds.
decompressed data file: ../../CESM-LAND-MODELS/4/log_normalized/sz_1E-8/DWT_SEEDC_TO_DEADSTEM_1_192_288.dat.sz.out
  ✓ Compression and decompression successful (ratio: 53.04x)

[39/176] Processing: DWT_SEEDC_TO_LEAF_1_192_288.dat
compression time = 0.012099
compressed data file: ../../CESM-LAND-MODELS/4/log_normalized/DWT_SEEDC_TO_LEAF_1_192_288.dat.sz
Min=0, Max=1, range=1
Max absolute error = 0.0000000060
Max relative error = 0.000000
Max pw relative error = 0.000000
PSNR = 208.402311, NRMSE= 3.800882713033727352E-11
normError = 0.000000, normErr_norm = 0.000000
acEff=1.000000
compressionRatio=53.041727
decompression time = 0.004798 seconds.
decompressed data file: ../../CESM-LAND-MODELS/4/log_normalized/sz_1E-8/DWT_SEEDC_TO_LEAF_1_192_288.dat.sz.out
  ✓ Compression and decompression successful (ratio: 53.04x)

[40/176] Processing: DWT_SEEDN_TO_DEADSTEM_1_192_288.dat
compression time = 0.011865
compressed data file: ../../CESM-LAND-MODELS/4/log_normalized/DWT_SEEDN_TO_DEADSTEM_1_192_288.dat.sz
Min=0, Max=1, range=1
Max absolute error = 0.0000000060
Max relative error = 0.000000
Max pw relative error = 0.000000
PSNR = 208.402311, NRMSE= 3.800882713033727352E-11
normError = 0.000000, normErr_norm = 0.000000
acEff=1.000000
compressionRatio=53.041727
decompression time = 0.005672 seconds.
decompressed data file: ../../CESM-LAND-MODELS/4/log_normalized/sz_1E-8/DWT_SEEDN_TO_DEADSTEM_1_192_288.dat.sz.out
  ✓ Compression and decompression successful (ratio: 53.04x)

[41/176] Processing: DWT_SEEDN_TO_LEAF_1_192_288.dat
compression time = 0.010577
compressed data file: ../../CESM-LAND-MODELS/4/log_normalized/DWT_SEEDN_TO_LEAF_1_192_288.dat.sz
Min=0, Max=1, range=1
Max absolute error = 0.0000000060
Max relative error = 0.000000
Max pw relative error = 0.000000
PSNR = 208.402311, NRMSE= 3.800882713033727352E-11
normError = 0.000000, normErr_norm = 0.000000
acEff=1.000000
compressionRatio=53.041727
decompression time = 0.006154 seconds.
decompressed data file: ../../CESM-LAND-MODELS/4/log_normalized/sz_1E-8/DWT_SEEDN_TO_LEAF_1_192_288.dat.sz.out
  ✓ Compression and decompression successful (ratio: 53.04x)

[42/176] Processing: EFLX_DYNBAL_1_192_288.dat
compression time = 0.009558
compressed data file: ../../CESM-LAND-MODELS/4/log_normalized/EFLX_DYNBAL_1_192_288.dat.sz
Min=0, Max=1, range=1
Max absolute error = 0.0000000060
Max relative error = 0.000000
Max pw relative error = 0.000000
PSNR = 208.402311, NRMSE= 3.800882713033727352E-11
normError = 0.000000, normErr_norm = 0.000000
acEff=1.000000
compressionRatio=53.041727
decompression time = 0.004879 seconds.
decompressed data file: ../../CESM-LAND-MODELS/4/log_normalized/sz_1E-8/EFLX_DYNBAL_1_192_288.dat.sz.out
  ✓ Compression and decompression successful (ratio: 53.04x)

[43/176] Processing: EFLX_LH_TOT_R_1_192_288.dat
compression time = 0.015413
compressed data file: ../../CESM-LAND-MODELS/4/log_normalized/EFLX_LH_TOT_R_1_192_288.dat.sz
Min=0, Max=1, range=1
Max absolute error = 0.0000000000
Max relative error = 0.000000
Max pw relative error = 0.000000
PSNR = inf, NRMSE= 0
normError = 0.000000, normErr_norm = 0.000000
acEff=1.000000
compressionRatio=4.197279
decompression time = 0.000790 seconds.
decompressed data file: ../../CESM-LAND-MODELS/4/log_normalized/sz_1E-8/EFLX_LH_TOT_R_1_192_288.dat.sz.out
  ✓ Compression and decompression successful (ratio: 4.19x)

[44/176] Processing: EFLX_LH_TOT_U_1_192_288.dat
compression time = 0.011991
compressed data file: ../../CESM-LAND-MODELS/4/log_normalized/EFLX_LH_TOT_U_1_192_288.dat.sz
Min=0, Max=1, range=1
Max absolute error = 0.0000000093
Max relative error = 0.000000
Max pw relative error = 0.000011
PSNR = 185.001544, NRMSE= 5.6224135644157754489E-10
normError = 0.000000, normErr_norm = 0.000000
acEff=1.000000
compressionRatio=6.658559
decompression time = 0.006847 seconds.
decompressed data file: ../../CESM-LAND-MODELS/4/log_normalized/sz_1E-8/EFLX_LH_TOT_U_1_192_288.dat.sz.out
  ✓ Compression and decompression successful (ratio: 6.65x)

[45/176] Processing: ELAI_1_192_288.dat
compression time = 0.013627
compressed data file: ../../CESM-LAND-MODELS/4/log_normalized/ELAI_1_192_288.dat.sz
Min=0, Max=1, range=1
Max absolute error = 0.0000000100
Max relative error = 0.000000
Max pw relative error = 5.533215
PSNR = 176.832740, NRMSE= 1.4400016945938644453E-09
normError = 0.000000, normErr_norm = 0.000000
acEff=1.000000
compressionRatio=2.449056
decompression time = 0.006437 seconds.
decompressed data file: ../../CESM-LAND-MODELS/4/log_normalized/sz_1E-8/ELAI_1_192_288.dat.sz.out
  ✓ Compression and decompression successful (ratio: 2.44x)

[46/176] Processing: ER_1_192_288.dat
compression time = 0.012428
compressed data file: ../../CESM-LAND-MODELS/4/log_normalized/ER_1_192_288.dat.sz
Min=0, Max=1, range=1
Max absolute error = 0.0000000100
Max relative error = 0.000000
Max pw relative error = 6.867628
PSNR = 171.963000, NRMSE= 2.5226092702282138505E-09
normError = 0.000001, normErr_norm = 0.000000
acEff=1.000000
compressionRatio=10.358936
decompression time = 0.005949 seconds.
decompressed data file: ../../CESM-LAND-MODELS/4/log_normalized/sz_1E-8/ER_1_192_288.dat.sz.out
  ✓ Compression and decompression successful (ratio: 10.35x)

[47/176] Processing: ERRH2O_1_192_288.dat
compression time = 0.010796
compressed data file: ../../CESM-LAND-MODELS/4/log_normalized/ERRH2O_1_192_288.dat.sz
Min=0, Max=1, range=1
Max absolute error = 0.0000000060
Max relative error = 0.000000
Max pw relative error = 0.000000
PSNR = 208.402311, NRMSE= 3.800882713033727352E-11
normError = 0.000000, normErr_norm = 0.000000
acEff=1.000000
compressionRatio=53.041727
decompression time = 0.006142 seconds.
decompressed data file: ../../CESM-LAND-MODELS/4/log_normalized/sz_1E-8/ERRH2O_1_192_288.dat.sz.out
  ✓ Compression and decompression successful (ratio: 53.04x)

[48/176] Processing: ERRSEB_1_192_288.dat
compression time = 0.010760
compressed data file: ../../CESM-LAND-MODELS/4/log_normalized/ERRSEB_1_192_288.dat.sz
Min=0, Max=1, range=1
Max absolute error = 0.0000000060
Max relative error = 0.000000
Max pw relative error = 0.000000
PSNR = 208.402311, NRMSE= 3.800882713033727352E-11
normError = 0.000000, normErr_norm = 0.000000
acEff=1.000000
compressionRatio=53.041727
decompression time = 0.006083 seconds.
decompressed data file: ../../CESM-LAND-MODELS/4/log_normalized/sz_1E-8/ERRSEB_1_192_288.dat.sz.out
  ✓ Compression and decompression successful (ratio: 53.04x)

[49/176] Processing: ERRSOI_1_192_288.dat
compression time = 0.011625
compressed data file: ../../CESM-LAND-MODELS/4/log_normalized/ERRSOI_1_192_288.dat.sz
Min=0, Max=1, range=1
Max absolute error = 0.0000000060
Max relative error = 0.000000
Max pw relative error = 0.000000
PSNR = 208.402311, NRMSE= 3.800882713033727352E-11
normError = 0.000000, normErr_norm = 0.000000
acEff=1.000000
compressionRatio=53.041727
decompression time = 0.005717 seconds.
decompressed data file: ../../CESM-LAND-MODELS/4/log_normalized/sz_1E-8/ERRSOI_1_192_288.dat.sz.out
  ✓ Compression and decompression successful (ratio: 53.04x)

[50/176] Processing: ERRSOL_1_192_288.dat
compression time = 0.009125
compressed data file: ../../CESM-LAND-MODELS/4/log_normalized/ERRSOL_1_192_288.dat.sz
Min=0, Max=1, range=1
Max absolute error = 0.0000000060
Max relative error = 0.000000
Max pw relative error = 0.000000
PSNR = 208.402311, NRMSE= 3.800882713033727352E-11
normError = 0.000000, normErr_norm = 0.000000
acEff=1.000000
compressionRatio=53.041727
decompression time = 0.005765 seconds.
decompressed data file: ../../CESM-LAND-MODELS/4/log_normalized/sz_1E-8/ERRSOL_1_192_288.dat.sz.out
  ✓ Compression and decompression successful (ratio: 53.04x)

[51/176] Processing: ESAI_1_192_288.dat
compression time = 0.014612
compressed data file: ../../CESM-LAND-MODELS/4/log_normalized/ESAI_1_192_288.dat.sz
Min=0, Max=1, range=1
Max absolute error = 0.0000000000
Max relative error = 0.000000
Max pw relative error = 0.000000
PSNR = inf, NRMSE= 0
normError = 0.000000, normErr_norm = 0.000000
acEff=1.000000
compressionRatio=4.433789
decompression time = 0.000793 seconds.
decompressed data file: ../../CESM-LAND-MODELS/4/log_normalized/sz_1E-8/ESAI_1_192_288.dat.sz.out
  ✓ Compression and decompression successful (ratio: 4.43x)

[52/176] Processing: FCEV_1_192_288.dat
compression time = 0.012807
compressed data file: ../../CESM-LAND-MODELS/4/log_normalized/FCEV_1_192_288.dat.sz
Min=0, Max=1, range=1
Max absolute error = 0.0000000093
Max relative error = 0.000000
Max pw relative error = 0.000001
PSNR = 172.196197, NRMSE= 2.4557839042657273793E-09
normError = 0.000001, normErr_norm = 0.000000
acEff=1.000000
compressionRatio=2.045349
decompression time = 0.006530 seconds.
decompressed data file: ../../CESM-LAND-MODELS/4/log_normalized/sz_1E-8/FCEV_1_192_288.dat.sz.out
  ✓ Compression and decompression successful (ratio: 2.04x)

[53/176] Processing: FCOV_1_192_288.dat
compression time = 0.020693
compressed data file: ../../CESM-LAND-MODELS/4/log_normalized/FCOV_1_192_288.dat.sz
Min=0, Max=1, range=1
Max absolute error = 0.0000000000
Max relative error = 0.000000
Max pw relative error = 0.000000
PSNR = inf, NRMSE= 0
normError = 0.000000, normErr_norm = 0.000000
acEff=1.000000
compressionRatio=4.032378
decompression time = 0.000761 seconds.
decompressed data file: ../../CESM-LAND-MODELS/4/log_normalized/sz_1E-8/FCOV_1_192_288.dat.sz.out
  ✓ Compression and decompression successful (ratio: 4.03x)

[54/176] Processing: FCTR_1_192_288.dat
compression time = 0.013938
compressed data file: ../../CESM-LAND-MODELS/4/log_normalized/FCTR_1_192_288.dat.sz
Min=0, Max=1, range=1
Max absolute error = 0.0000000100
Max relative error = 0.000000
Max pw relative error = 6.710513
PSNR = 175.097936, NRMSE= 1.7583414157424522396E-09
normError = 0.000000, normErr_norm = 0.000000
acEff=1.000000
compressionRatio=2.289287
decompression time = 0.006542 seconds.
decompressed data file: ../../CESM-LAND-MODELS/4/log_normalized/sz_1E-8/FCTR_1_192_288.dat.sz.out
  ✓ Compression and decompression successful (ratio: 2.28x)

[55/176] Processing: FGEV_1_192_288.dat
compression time = 0.017022
compressed data file: ../../CESM-LAND-MODELS/4/log_normalized/FGEV_1_192_288.dat.sz
Min=0, Max=1, range=1
Max absolute error = 0.0000000000
Max relative error = 0.000000
Max pw relative error = 0.000000
PSNR = inf, NRMSE= 0
normError = 0.000000, normErr_norm = 0.000000
acEff=1.000000
compressionRatio=2.902144
decompression time = 0.000827 seconds.
decompressed data file: ../../CESM-LAND-MODELS/4/log_normalized/sz_1E-8/FGEV_1_192_288.dat.sz.out
  ✓ Compression and decompression successful (ratio: 2.90x)

[56/176] Processing: FGR_1_192_288.dat
compression time = 0.018735
compressed data file: ../../CESM-LAND-MODELS/4/log_normalized/FGR_1_192_288.dat.sz
Min=0, Max=1, range=1
Max absolute error = 0.0000000000
Max relative error = 0.000000
Max pw relative error = 0.000000
PSNR = inf, NRMSE= 0
normError = 0.000000, normErr_norm = 0.000000
acEff=1.000000
compressionRatio=3.173098
decompression time = 0.000775 seconds.
decompressed data file: ../../CESM-LAND-MODELS/4/log_normalized/sz_1E-8/FGR_1_192_288.dat.sz.out
  ✓ Compression and decompression successful (ratio: 3.17x)

[57/176] Processing: FGR12_1_192_288.dat
compression time = 0.017892
compressed data file: ../../CESM-LAND-MODELS/4/log_normalized/FGR12_1_192_288.dat.sz
Min=0, Max=1, range=1
Max absolute error = 0.0000000000
Max relative error = 0.000000
Max pw relative error = 0.000000
PSNR = inf, NRMSE= 0
normError = 0.000000, normErr_norm = 0.000000
acEff=1.000000
compressionRatio=3.134960
decompression time = 0.000803 seconds.
decompressed data file: ../../CESM-LAND-MODELS/4/log_normalized/sz_1E-8/FGR12_1_192_288.dat.sz.out
  ✓ Compression and decompression successful (ratio: 3.13x)

[58/176] Processing: FGR_R_1_192_288.dat
compression time = 0.016690
compressed data file: ../../CESM-LAND-MODELS/4/log_normalized/FGR_R_1_192_288.dat.sz
Min=0, Max=1, range=1
Max absolute error = 0.0000000000
Max relative error = 0.000000
Max pw relative error = 0.000000
PSNR = inf, NRMSE= 0
normError = 0.000000, normErr_norm = 0.000000
acEff=1.000000
compressionRatio=4.444480
decompression time = 0.000787 seconds.
decompressed data file: ../../CESM-LAND-MODELS/4/log_normalized/sz_1E-8/FGR_R_1_192_288.dat.sz.out
  ✓ Compression and decompression successful (ratio: 4.44x)

[59/176] Processing: FGR_U_1_192_288.dat
compression time = 0.012485
compressed data file: ../../CESM-LAND-MODELS/4/log_normalized/FGR_U_1_192_288.dat.sz
Min=0, Max=1, range=1
Max absolute error = 0.0000000075
Max relative error = 0.000000
Max pw relative error = 0.000000
PSNR = 178.905102, NRMSE= 1.134344375245542136E-09
normError = 0.000000, normErr_norm = 0.000000
acEff=1.000000
compressionRatio=4.409657
decompression time = 0.006075 seconds.
decompressed data file: ../../CESM-LAND-MODELS/4/log_normalized/sz_1E-8/FGR_U_1_192_288.dat.sz.out
  ✓ Compression and decompression successful (ratio: 4.40x)

[60/176] Processing: FIRA_1_192_288.dat
compression time = 0.015821
compressed data file: ../../CESM-LAND-MODELS/4/log_normalized/FIRA_1_192_288.dat.sz
Min=0, Max=1, range=1
Max absolute error = 0.0000000000
Max relative error = 0.000000
Max pw relative error = 0.000000
PSNR = inf, NRMSE= 0
normError = 0.000000, normErr_norm = 0.000000
acEff=1.000000
compressionRatio=3.018135
decompression time = 0.000836 seconds.
decompressed data file: ../../CESM-LAND-MODELS/4/log_normalized/sz_1E-8/FIRA_1_192_288.dat.sz.out
  ✓ Compression and decompression successful (ratio: 3.01x)

[61/176] Processing: FIRA_R_1_192_288.dat
compression time = 0.015710
compressed data file: ../../CESM-LAND-MODELS/4/log_normalized/FIRA_R_1_192_288.dat.sz
Min=0, Max=1, range=1
Max absolute error = 0.0000000000
Max relative error = 0.000000
Max pw relative error = 0.000000
PSNR = inf, NRMSE= 0
normError = 0.000000, normErr_norm = 0.000000
acEff=1.000000
compressionRatio=4.289338
decompression time = 0.000736 seconds.
decompressed data file: ../../CESM-LAND-MODELS/4/log_normalized/sz_1E-8/FIRA_R_1_192_288.dat.sz.out
  ✓ Compression and decompression successful (ratio: 4.28x)

[62/176] Processing: FIRA_U_1_192_288.dat
compression time = 0.012252
compressed data file: ../../CESM-LAND-MODELS/4/log_normalized/FIRA_U_1_192_288.dat.sz
Min=0, Max=1, range=1
Max absolute error = 0.0000000093
Max relative error = 0.000000
Max pw relative error = 0.000001
PSNR = 183.364269, NRMSE= 6.7886990821727912702E-10
normError = 0.000000, normErr_norm = 0.000000
acEff=1.000000
compressionRatio=5.936232
decompression time = 0.006128 seconds.
decompressed data file: ../../CESM-LAND-MODELS/4/log_normalized/sz_1E-8/FIRA_U_1_192_288.dat.sz.out
  ✓ Compression and decompression successful (ratio: 5.93x)

[63/176] Processing: FIRE_1_192_288.dat
compression time = 0.015979
compressed data file: ../../CESM-LAND-MODELS/4/log_normalized/FIRE_1_192_288.dat.sz
Min=0, Max=1, range=1
Max absolute error = 0.0000000000
Max relative error = 0.000000
Max pw relative error = 0.000000
PSNR = inf, NRMSE= 0
normError = 0.000000, normErr_norm = 0.000000
acEff=1.000000
compressionRatio=3.034907
decompression time = 0.000771 seconds.
decompressed data file: ../../CESM-LAND-MODELS/4/log_normalized/sz_1E-8/FIRE_1_192_288.dat.sz.out
  ✓ Compression and decompression successful (ratio: 3.03x)

[64/176] Processing: FIRESEASONL_1_192_288.dat
compression time = 0.012845
compressed data file: ../../CESM-LAND-MODELS/4/log_normalized/FIRESEASONL_1_192_288.dat.sz
Min=0, Max=1, range=1
Max absolute error = 0.0000000100
Max relative error = 0.000000
Max pw relative error = 1.236251
PSNR = 181.164441, NRMSE= 8.7453656451734700117E-10
normError = 0.000000, normErr_norm = 0.000000
acEff=1.000000
compressionRatio=3.484090
decompression time = 0.006187 seconds.
decompressed data file: ../../CESM-LAND-MODELS/4/log_normalized/sz_1E-8/FIRESEASONL_1_192_288.dat.sz.out
  ✓ Compression and decompression successful (ratio: 3.48x)

[65/176] Processing: FLDS_1_192_288.dat
compression time = 0.019161
compressed data file: ../../CESM-LAND-MODELS/4/log_normalized/FLDS_1_192_288.dat.sz
Min=0, Max=1, range=1
Max absolute error = 0.0000000000
Max relative error = 0.000000
Max pw relative error = 0.000000
PSNR = inf, NRMSE= 0
normError = 0.000000, normErr_norm = 0.000000
acEff=1.000000
compressionRatio=3.046905
decompression time = 0.000821 seconds.
decompressed data file: ../../CESM-LAND-MODELS/4/log_normalized/sz_1E-8/FLDS_1_192_288.dat.sz.out
  ✓ Compression and decompression successful (ratio: 3.04x)

[66/176] Processing: FLUXFM2A_1_192_288.dat
compression time = 0.009927
compressed data file: ../../CESM-LAND-MODELS/4/log_normalized/FLUXFM2A_1_192_288.dat.sz
Min=0, Max=1, range=1
Max absolute error = 0.0000000060
Max relative error = 0.000000
Max pw relative error = 0.000000
PSNR = 208.402311, NRMSE= 3.800882713033727352E-11
normError = 0.000000, normErr_norm = 0.000000
acEff=1.000000
compressionRatio=53.041727
decompression time = 0.005656 seconds.
decompressed data file: ../../CESM-LAND-MODELS/4/log_normalized/sz_1E-8/FLUXFM2A_1_192_288.dat.sz.out
  ✓ Compression and decompression successful (ratio: 53.04x)

[67/176] Processing: FLUXFMLND_1_192_288.dat
compression time = 0.011055
compressed data file: ../../CESM-LAND-MODELS/4/log_normalized/FLUXFMLND_1_192_288.dat.sz
Min=0, Max=1, range=1
Max absolute error = 0.0000000060
Max relative error = 0.000000
Max pw relative error = 0.000000
PSNR = 208.402311, NRMSE= 3.800882713033727352E-11
normError = 0.000000, normErr_norm = 0.000000
acEff=1.000000
compressionRatio=53.041727
decompression time = 0.005383 seconds.
decompressed data file: ../../CESM-LAND-MODELS/4/log_normalized/sz_1E-8/FLUXFMLND_1_192_288.dat.sz.out
  ✓ Compression and decompression successful (ratio: 53.04x)

[68/176] Processing: FPG_1_192_288.dat
compression time = 0.016343
compressed data file: ../../CESM-LAND-MODELS/4/log_normalized/FPG_1_192_288.dat.sz
Min=0, Max=1, range=1
Max absolute error = 0.0000000099
Max relative error = 0.000000
Max pw relative error = 0.000043
PSNR = 170.321830, NRMSE= 3.0472529065719399289E-09
normError = 0.000001, normErr_norm = 0.000000
acEff=1.000000
compressionRatio=2.325853
decompression time = 0.006699 seconds.
decompressed data file: ../../CESM-LAND-MODELS/4/log_normalized/sz_1E-8/FPG_1_192_288.dat.sz.out
  ✓ Compression and decompression successful (ratio: 2.32x)

[69/176] Processing: FPI_1_192_288.dat
compression time = 0.012702
compressed data file: ../../CESM-LAND-MODELS/4/log_normalized/FPI_1_192_288.dat.sz
Min=0, Max=1, range=1
Max absolute error = 0.0000000099
Max relative error = 0.000000
Max pw relative error = 0.000295
PSNR = 173.343405, NRMSE= 2.1519378765070515869E-09
normError = 0.000001, normErr_norm = 0.000000
acEff=1.000000
compressionRatio=2.037980
decompression time = 0.008738 seconds.
decompressed data file: ../../CESM-LAND-MODELS/4/log_normalized/sz_1E-8/FPI_1_192_288.dat.sz.out
  ✓ Compression and decompression successful (ratio: 2.03x)

[70/176] Processing: FPSN_1_192_288.dat
compression time = 0.014425
compressed data file: ../../CESM-LAND-MODELS/4/log_normalized/FPSN_1_192_288.dat.sz
Min=0, Max=1, range=1
Max absolute error = 0.0000000100
Max relative error = 0.000000
Max pw relative error = 6.408677
PSNR = 174.927542, NRMSE= 1.7931759060207270855E-09
normError = 0.000000, normErr_norm = 0.000000
acEff=1.000000
compressionRatio=2.191416
decompression time = 0.007319 seconds.
decompressed data file: ../../CESM-LAND-MODELS/4/log_normalized/sz_1E-8/FPSN_1_192_288.dat.sz.out
  ✓ Compression and decompression successful (ratio: 2.19x)

[71/176] Processing: FROOTC_1_192_288.dat
compression time = 0.011874
compressed data file: ../../CESM-LAND-MODELS/4/log_normalized/FROOTC_1_192_288.dat.sz
Min=0, Max=1, range=1
Max absolute error = 0.0000000100
Max relative error = 0.000000
Max pw relative error = 0.264287
PSNR = 179.844680, NRMSE= 1.0180427313144583326E-09
normError = 0.000000, normErr_norm = 0.000000
acEff=1.000000
compressionRatio=3.023622
decompression time = 0.006414 seconds.
decompressed data file: ../../CESM-LAND-MODELS/4/log_normalized/sz_1E-8/FROOTC_1_192_288.dat.sz.out
  ✓ Compression and decompression successful (ratio: 3.02x)

[72/176] Processing: FROOTC_ALLOC_1_192_288.dat
compression time = 0.010105
compressed data file: ../../CESM-LAND-MODELS/4/log_normalized/FROOTC_ALLOC_1_192_288.dat.sz
Min=0, Max=1, range=1
Max absolute error = 0.0000000100
Max relative error = 0.000000
Max pw relative error = 6.907152
PSNR = 174.617777, NRMSE= 1.8582799728308595781E-09
normError = 0.000000, normErr_norm = 0.000000
acEff=1.000000
compressionRatio=18.128350
decompression time = 0.006547 seconds.
decompressed data file: ../../CESM-LAND-MODELS/4/log_normalized/sz_1E-8/FROOTC_ALLOC_1_192_288.dat.sz.out
  ✓ Compression and decompression successful (ratio: 18.12x)

[73/176] Processing: FROOTC_LOSS_1_192_288.dat
compression time = 0.011745
compressed data file: ../../CESM-LAND-MODELS/4/log_normalized/FROOTC_LOSS_1_192_288.dat.sz
Min=0, Max=1, range=1
Max absolute error = 0.0000000100
Max relative error = 0.000000
Max pw relative error = 6.907251
PSNR = 172.826109, NRMSE= 2.2839918888589461504E-09
normError = 0.000001, normErr_norm = 0.000000
acEff=1.000000
compressionRatio=14.886526
decompression time = 0.005858 seconds.
decompressed data file: ../../CESM-LAND-MODELS/4/log_normalized/sz_1E-8/FROOTC_LOSS_1_192_288.dat.sz.out
  ✓ Compression and decompression successful (ratio: 14.88x)

[74/176] Processing: FROOTN_1_192_288.dat
compression time = 0.015021
compressed data file: ../../CESM-LAND-MODELS/4/log_normalized/FROOTN_1_192_288.dat.sz
Min=0, Max=1, range=1
Max absolute error = 0.0000000100
Max relative error = 0.000000
Max pw relative error = 2.885613
PSNR = 177.486547, NRMSE= 1.3355884759453849974E-09
normError = 0.000000, normErr_norm = 0.000000
acEff=1.000000
compressionRatio=2.495363
decompression time = 0.006684 seconds.
decompressed data file: ../../CESM-LAND-MODELS/4/log_normalized/sz_1E-8/FROOTN_1_192_288.dat.sz.out
  ✓ Compression and decompression successful (ratio: 2.49x)

[75/176] Processing: FSA_1_192_288.dat
compression time = 0.015211
compressed data file: ../../CESM-LAND-MODELS/4/log_normalized/FSA_1_192_288.dat.sz
Min=0, Max=1, range=1
Max absolute error = 0.0000000000
Max relative error = 0.000000
Max pw relative error = 0.000000
PSNR = inf, NRMSE= 0
normError = 0.000000, normErr_norm = 0.000000
acEff=1.000000
compressionRatio=3.259849
decompression time = 0.000827 seconds.
decompressed data file: ../../CESM-LAND-MODELS/4/log_normalized/sz_1E-8/FSA_1_192_288.dat.sz.out
  ✓ Compression and decompression successful (ratio: 3.25x)

[76/176] Processing: FSA_R_1_192_288.dat
compression time = 0.013916
compressed data file: ../../CESM-LAND-MODELS/4/log_normalized/FSA_R_1_192_288.dat.sz
Min=0, Max=1, range=1
Max absolute error = 0.0000000000
Max relative error = 0.000000
Max pw relative error = 0.000000
PSNR = inf, NRMSE= 0
normError = 0.000000, normErr_norm = 0.000000
acEff=1.000000
compressionRatio=4.698844
decompression time = 0.000730 seconds.
decompressed data file: ../../CESM-LAND-MODELS/4/log_normalized/sz_1E-8/FSA_R_1_192_288.dat.sz.out
  ✓ Compression and decompression successful (ratio: 4.69x)

[77/176] Processing: FSAT_1_192_288.dat
compression time = 0.014112
compressed data file: ../../CESM-LAND-MODELS/4/log_normalized/FSAT_1_192_288.dat.sz
Min=0, Max=1, range=1
Max absolute error = 0.0000000000
Max relative error = 0.000000
Max pw relative error = 0.000000
PSNR = inf, NRMSE= 0
normError = 0.000000, normErr_norm = 0.000000
acEff=1.000000
compressionRatio=4.060583
decompression time = 0.000754 seconds.
decompressed data file: ../../CESM-LAND-MODELS/4/log_normalized/sz_1E-8/FSAT_1_192_288.dat.sz.out
  ✓ Compression and decompression successful (ratio: 4.06x)

[78/176] Processing: FSA_U_1_192_288.dat
compression time = 0.011348
compressed data file: ../../CESM-LAND-MODELS/4/log_normalized/FSA_U_1_192_288.dat.sz
Min=0, Max=1, range=1
Max absolute error = 0.0000000098
Max relative error = 0.000000
Max pw relative error = 0.000003
PSNR = 181.018190, NRMSE= 8.8938646488604401797E-10
normError = 0.000000, normErr_norm = 0.000000
acEff=1.000000
compressionRatio=4.999638
decompression time = 0.005588 seconds.
decompressed data file: ../../CESM-LAND-MODELS/4/log_normalized/sz_1E-8/FSA_U_1_192_288.dat.sz.out
  ✓ Compression and decompression successful (ratio: 4.99x)

[79/176] Processing: FSDS_1_192_288.dat
compression time = 0.019051
compressed data file: ../../CESM-LAND-MODELS/4/log_normalized/FSDS_1_192_288.dat.sz
Min=0, Max=1, range=1
Max absolute error = 0.0000000000
Max relative error = 0.000000
Max pw relative error = 0.000000
PSNR = inf, NRMSE= 0
normError = 0.000000, normErr_norm = 0.000000
acEff=1.000000
compressionRatio=3.338778
decompression time = 0.000755 seconds.
decompressed data file: ../../CESM-LAND-MODELS/4/log_normalized/sz_1E-8/FSDS_1_192_288.dat.sz.out
  ✓ Compression and decompression successful (ratio: 3.33x)

[80/176] Processing: FSDSND_1_192_288.dat
compression time = 0.016640
compressed data file: ../../CESM-LAND-MODELS/4/log_normalized/FSDSND_1_192_288.dat.sz
Min=0, Max=1, range=1
Max absolute error = 0.0000000000
Max relative error = 0.000000
Max pw relative error = 0.000000
PSNR = inf, NRMSE= 0
normError = 0.000000, normErr_norm = 0.000000
acEff=1.000000
compressionRatio=3.260281
decompression time = 0.000794 seconds.
decompressed data file: ../../CESM-LAND-MODELS/4/log_normalized/sz_1E-8/FSDSND_1_192_288.dat.sz.out
  ✓ Compression and decompression successful (ratio: 3.26x)

[81/176] Processing: FSDSNDLN_1_192_288.dat
compression time = 0.017290
compressed data file: ../../CESM-LAND-MODELS/4/log_normalized/FSDSNDLN_1_192_288.dat.sz
Min=0, Max=1, range=1
Max absolute error = 0.0000000000
Max relative error = 0.000000
Max pw relative error = 0.000000
PSNR = inf, NRMSE= 0
normError = 0.000000, normErr_norm = 0.000000
acEff=1.000000
compressionRatio=3.314859
decompression time = 0.000754 seconds.
decompressed data file: ../../CESM-LAND-MODELS/4/log_normalized/sz_1E-8/FSDSNDLN_1_192_288.dat.sz.out
  ✓ Compression and decompression successful (ratio: 3.31x)

[82/176] Processing: FSDSNI_1_192_288.dat
compression time = 0.015565
compressed data file: ../../CESM-LAND-MODELS/4/log_normalized/FSDSNI_1_192_288.dat.sz
Min=0, Max=1, range=1
Max absolute error = 0.0000000000
Max relative error = 0.000000
Max pw relative error = 0.000000
PSNR = inf, NRMSE= 0
normError = 0.000000, normErr_norm = 0.000000
acEff=1.000000
compressionRatio=3.237660
decompression time = 0.000817 seconds.
decompressed data file: ../../CESM-LAND-MODELS/4/log_normalized/sz_1E-8/FSDSNI_1_192_288.dat.sz.out
  ✓ Compression and decompression successful (ratio: 3.23x)

[83/176] Processing: FSDSVD_1_192_288.dat
compression time = 0.017556
compressed data file: ../../CESM-LAND-MODELS/4/log_normalized/FSDSVD_1_192_288.dat.sz
Min=0, Max=1, range=1
Max absolute error = 0.0000000000
Max relative error = 0.000000
Max pw relative error = 0.000000
PSNR = inf, NRMSE= 0
normError = 0.000000, normErr_norm = 0.000000
acEff=1.000000
compressionRatio=3.261291
decompression time = 0.000776 seconds.
decompressed data file: ../../CESM-LAND-MODELS/4/log_normalized/sz_1E-8/FSDSVD_1_192_288.dat.sz.out
  ✓ Compression and decompression successful (ratio: 3.26x)

[84/176] Processing: FSDSVDLN_1_192_288.dat
compression time = 0.016125
compressed data file: ../../CESM-LAND-MODELS/4/log_normalized/FSDSVDLN_1_192_288.dat.sz
Min=0, Max=1, range=1
Max absolute error = 0.0000000000
Max relative error = 0.000000
Max pw relative error = 0.000000
PSNR = inf, NRMSE= 0
normError = 0.000000, normErr_norm = 0.000000
acEff=1.000000
compressionRatio=3.283805
decompression time = 0.000902 seconds.
decompressed data file: ../../CESM-LAND-MODELS/4/log_normalized/sz_1E-8/FSDSVDLN_1_192_288.dat.sz.out
  ✓ Compression and decompression successful (ratio: 3.28x)

[85/176] Processing: FSDSVI_1_192_288.dat
compression time = 0.017529
compressed data file: ../../CESM-LAND-MODELS/4/log_normalized/FSDSVI_1_192_288.dat.sz
Min=0, Max=1, range=1
Max absolute error = 0.0000000000
Max relative error = 0.000000
Max pw relative error = 0.000000
PSNR = inf, NRMSE= 0
normError = 0.000000, normErr_norm = 0.000000
acEff=1.000000
compressionRatio=3.252754
decompression time = 0.000794 seconds.
decompressed data file: ../../CESM-LAND-MODELS/4/log_normalized/sz_1E-8/FSDSVI_1_192_288.dat.sz.out
  ✓ Compression and decompression successful (ratio: 3.25x)

[86/176] Processing: FSH_1_192_288.dat
compression time = 0.017274
compressed data file: ../../CESM-LAND-MODELS/4/log_normalized/FSH_1_192_288.dat.sz
Min=0, Max=1, range=1
Max absolute error = 0.0000000000
Max relative error = 0.000000
Max pw relative error = 0.000000
PSNR = inf, NRMSE= 0
normError = 0.000000, normErr_norm = 0.000000
acEff=1.000000
compressionRatio=3.069144
decompression time = 0.000763 seconds.
decompressed data file: ../../CESM-LAND-MODELS/4/log_normalized/sz_1E-8/FSH_1_192_288.dat.sz.out
  ✓ Compression and decompression successful (ratio: 3.06x)

[87/176] Processing: FSH_G_1_192_288.dat
compression time = 0.016942
compressed data file: ../../CESM-LAND-MODELS/4/log_normalized/FSH_G_1_192_288.dat.sz
Min=0, Max=1, range=1
Max absolute error = 0.0000000000
Max relative error = 0.000000
Max pw relative error = 0.000000
PSNR = inf, NRMSE= 0
normError = 0.000000, normErr_norm = 0.000000
acEff=1.000000
compressionRatio=3.106473
decompression time = 0.000848 seconds.
decompressed data file: ../../CESM-LAND-MODELS/4/log_normalized/sz_1E-8/FSH_G_1_192_288.dat.sz.out
  ✓ Compression and decompression successful (ratio: 3.10x)

[88/176] Processing: FSH_NODYNLNDUSE_1_192_288.dat
compression time = 0.018883
compressed data file: ../../CESM-LAND-MODELS/4/log_normalized/FSH_NODYNLNDUSE_1_192_288.dat.sz
Min=0, Max=1, range=1
Max absolute error = 0.0000000000
Max relative error = 0.000000
Max pw relative error = 0.000000
PSNR = inf, NRMSE= 0
normError = 0.000000, normErr_norm = 0.000000
acEff=1.000000
compressionRatio=3.069144
decompression time = 0.000751 seconds.
decompressed data file: ../../CESM-LAND-MODELS/4/log_normalized/sz_1E-8/FSH_NODYNLNDUSE_1_192_288.dat.sz.out
  ✓ Compression and decompression successful (ratio: 3.06x)

[89/176] Processing: FSH_R_1_192_288.dat
compression time = 0.016714
compressed data file: ../../CESM-LAND-MODELS/4/log_normalized/FSH_R_1_192_288.dat.sz
Min=0, Max=1, range=1
Max absolute error = 0.0000000000
Max relative error = 0.000000
Max pw relative error = 0.000000
PSNR = inf, NRMSE= 0
normError = 0.000000, normErr_norm = 0.000000
acEff=1.000000
compressionRatio=4.389268
decompression time = 0.000837 seconds.
decompressed data file: ../../CESM-LAND-MODELS/4/log_normalized/sz_1E-8/FSH_R_1_192_288.dat.sz.out
  ✓ Compression and decompression successful (ratio: 4.38x)

[90/176] Processing: FSH_U_1_192_288.dat
compression time = 0.011939
compressed data file: ../../CESM-LAND-MODELS/4/log_normalized/FSH_U_1_192_288.dat.sz
Min=0, Max=1, range=1
Max absolute error = 0.0000000075
Max relative error = 0.000000
Max pw relative error = 0.000000
PSNR = 182.276455, NRMSE= 7.6944438300641125516E-10
normError = 0.000000, normErr_norm = 0.000000
acEff=1.000000
compressionRatio=5.489390
decompression time = 0.006184 seconds.
decompressed data file: ../../CESM-LAND-MODELS/4/log_normalized/sz_1E-8/FSH_U_1_192_288.dat.sz.out
  ✓ Compression and decompression successful (ratio: 5.48x)

[91/176] Processing: FSH_V_1_192_288.dat
compression time = 0.017327
compressed data file: ../../CESM-LAND-MODELS/4/log_normalized/FSH_V_1_192_288.dat.sz
Min=0, Max=1, range=1
Max absolute error = 0.0000000000
Max relative error = 0.000000
Max pw relative error = 0.000000
PSNR = inf, NRMSE= 0
normError = 0.000000, normErr_norm = 0.000000
acEff=1.000000
compressionRatio=4.833250
decompression time = 0.000829 seconds.
decompressed data file: ../../CESM-LAND-MODELS/4/log_normalized/sz_1E-8/FSH_V_1_192_288.dat.sz.out
  ✓ Compression and decompression successful (ratio: 4.83x)

[92/176] Processing: FSM_1_192_288.dat
compression time = 0.012137
compressed data file: ../../CESM-LAND-MODELS/4/log_normalized/FSM_1_192_288.dat.sz
Min=0, Max=1, range=1
Max absolute error = 0.0000000100
Max relative error = 0.000000
Max pw relative error = 6.859053
PSNR = 173.744835, NRMSE= 2.0547464367223758444E-09
normError = 0.000000, normErr_norm = 0.000000
acEff=1.000000
compressionRatio=2.895079
decompression time = 0.006131 seconds.
decompressed data file: ../../CESM-LAND-MODELS/4/log_normalized/sz_1E-8/FSM_1_192_288.dat.sz.out
  ✓ Compression and decompression successful (ratio: 2.89x)

[93/176] Processing: FSM_R_1_192_288.dat
compression time = 0.011185
compressed data file: ../../CESM-LAND-MODELS/4/log_normalized/FSM_R_1_192_288.dat.sz
Min=0, Max=1, range=1
Max absolute error = 0.0000000100
Max relative error = 0.000000
Max pw relative error = 6.859053
PSNR = 175.612096, NRMSE= 1.6572774017042998635E-09
normError = 0.000000, normErr_norm = 0.000000
acEff=1.000000
compressionRatio=4.017437
decompression time = 0.005226 seconds.
decompressed data file: ../../CESM-LAND-MODELS/4/log_normalized/sz_1E-8/FSM_R_1_192_288.dat.sz.out
  ✓ Compression and decompression successful (ratio: 4.01x)

[94/176] Processing: FSM_U_1_192_288.dat
compression time = 0.011250
compressed data file: ../../CESM-LAND-MODELS/4/log_normalized/FSM_U_1_192_288.dat.sz
Min=0, Max=1, range=1
Max absolute error = 0.0000000100
Max relative error = 0.000000
Max pw relative error = 5.917729
PSNR = 181.853417, NRMSE= 8.0784705832595393453E-10
normError = 0.000000, normErr_norm = 0.000000
acEff=1.000000
compressionRatio=9.846592
decompression time = 0.005568 seconds.
decompressed data file: ../../CESM-LAND-MODELS/4/log_normalized/sz_1E-8/FSM_U_1_192_288.dat.sz.out
  ✓ Compression and decompression successful (ratio: 9.84x)

[95/176] Processing: FSNO_1_192_288.dat
compression time = 0.012926
compressed data file: ../../CESM-LAND-MODELS/4/log_normalized/FSNO_1_192_288.dat.sz
Min=0, Max=1, range=1
Max absolute error = 0.0000000100
Max relative error = 0.000000
Max pw relative error = 5.629068
PSNR = 172.036945, NRMSE= 2.5012250771109232924E-09
normError = 0.000001, normErr_norm = 0.000000
acEff=1.000000
compressionRatio=3.328127
decompression time = 0.008993 seconds.
decompressed data file: ../../CESM-LAND-MODELS/4/log_normalized/sz_1E-8/FSNO_1_192_288.dat.sz.out
  ✓ Compression and decompression successful (ratio: 3.32x)

[96/176] Processing: FSR_1_192_288.dat
compression time = 0.013441
compressed data file: ../../CESM-LAND-MODELS/4/log_normalized/FSR_1_192_288.dat.sz
Min=0, Max=1, range=1
Max absolute error = 0.0000000000
Max relative error = 0.000000
Max pw relative error = 0.000000
PSNR = inf, NRMSE= 0
normError = 0.000000, normErr_norm = 0.000000
acEff=1.000000
compressionRatio=3.289911
decompression time = 0.000793 seconds.
decompressed data file: ../../CESM-LAND-MODELS/4/log_normalized/sz_1E-8/FSR_1_192_288.dat.sz.out
  ✓ Compression and decompression successful (ratio: 3.28x)

[97/176] Processing: FSRND_1_192_288.dat
compression time = 0.014391
compressed data file: ../../CESM-LAND-MODELS/4/log_normalized/FSRND_1_192_288.dat.sz
Min=0, Max=1, range=1
Max absolute error = 0.0000000000
Max relative error = 0.000000
Max pw relative error = 0.000000
PSNR = inf, NRMSE= 0
normError = 0.000000, normErr_norm = 0.000000
acEff=1.000000
compressionRatio=3.199445
decompression time = 0.000871 seconds.
decompressed data file: ../../CESM-LAND-MODELS/4/log_normalized/sz_1E-8/FSRND_1_192_288.dat.sz.out
  ✓ Compression and decompression successful (ratio: 3.19x)

[98/176] Processing: FSRNDLN_1_192_288.dat
compression time = 0.014845
compressed data file: ../../CESM-LAND-MODELS/4/log_normalized/FSRNDLN_1_192_288.dat.sz
Min=0, Max=1, range=1
Max absolute error = 0.0000000000
Max relative error = 0.000000
Max pw relative error = 0.000000
PSNR = inf, NRMSE= 0
normError = 0.000000, normErr_norm = 0.000000
acEff=1.000000
compressionRatio=3.236997
decompression time = 0.000791 seconds.
decompressed data file: ../../CESM-LAND-MODELS/4/log_normalized/sz_1E-8/FSRNDLN_1_192_288.dat.sz.out
  ✓ Compression and decompression successful (ratio: 3.23x)

[99/176] Processing: FSRNI_1_192_288.dat
compression time = 0.014363
compressed data file: ../../CESM-LAND-MODELS/4/log_normalized/FSRNI_1_192_288.dat.sz
Min=0, Max=1, range=1
Max absolute error = 0.0000000000
Max relative error = 0.000000
Max pw relative error = 0.000000
PSNR = inf, NRMSE= 0
normError = 0.000000, normErr_norm = 0.000000
acEff=1.000000
compressionRatio=3.169688
decompression time = 0.000787 seconds.
decompressed data file: ../../CESM-LAND-MODELS/4/log_normalized/sz_1E-8/FSRNI_1_192_288.dat.sz.out
  ✓ Compression and decompression successful (ratio: 3.16x)

[100/176] Processing: FSRVD_1_192_288.dat
compression time = 0.017879
compressed data file: ../../CESM-LAND-MODELS/4/log_normalized/FSRVD_1_192_288.dat.sz
Min=0, Max=1, range=1
Max absolute error = 0.0000000000
Max relative error = 0.000000
Max pw relative error = 0.000000
PSNR = inf, NRMSE= 0
normError = 0.000000, normErr_norm = 0.000000
acEff=1.000000
compressionRatio=3.155624
decompression time = 0.000887 seconds.
decompressed data file: ../../CESM-LAND-MODELS/4/log_normalized/sz_1E-8/FSRVD_1_192_288.dat.sz.out
  ✓ Compression and decompression successful (ratio: 3.15x)

[101/176] Processing: FSRVDLN_1_192_288.dat
compression time = 0.015513
compressed data file: ../../CESM-LAND-MODELS/4/log_normalized/FSRVDLN_1_192_288.dat.sz
Min=0, Max=1, range=1
Max absolute error = 0.0000000000
Max relative error = 0.000000
Max pw relative error = 0.000000
PSNR = inf, NRMSE= 0
normError = 0.000000, normErr_norm = 0.000000
acEff=1.000000
compressionRatio=3.180079
decompression time = 0.000756 seconds.
decompressed data file: ../../CESM-LAND-MODELS/4/log_normalized/sz_1E-8/FSRVDLN_1_192_288.dat.sz.out
  ✓ Compression and decompression successful (ratio: 3.18x)

[102/176] Processing: FSRVI_1_192_288.dat
compression time = 0.015484
compressed data file: ../../CESM-LAND-MODELS/4/log_normalized/FSRVI_1_192_288.dat.sz
Min=0, Max=1, range=1
Max absolute error = 0.0000000000
Max relative error = 0.000000
Max pw relative error = 0.000000
PSNR = inf, NRMSE= 0
normError = 0.000000, normErr_norm = 0.000000
acEff=1.000000
compressionRatio=3.178662
decompression time = 0.000776 seconds.
decompressed data file: ../../CESM-LAND-MODELS/4/log_normalized/sz_1E-8/FSRVI_1_192_288.dat.sz.out
  ✓ Compression and decompression successful (ratio: 3.17x)

[103/176] Processing: GC_HEAT1_1_192_288.dat
compression time = 0.018127
compressed data file: ../../CESM-LAND-MODELS/4/log_normalized/GC_HEAT1_1_192_288.dat.sz
Min=0, Max=1, range=1
Max absolute error = 0.0000000000
Max relative error = 0.000000
Max pw relative error = 0.000000
PSNR = inf, NRMSE= 0
normError = 0.000000, normErr_norm = 0.000000
acEff=1.000000
compressionRatio=3.282733
decompression time = 0.000896 seconds.
decompressed data file: ../../CESM-LAND-MODELS/4/log_normalized/sz_1E-8/GC_HEAT1_1_192_288.dat.sz.out
  ✓ Compression and decompression successful (ratio: 3.28x)

[104/176] Processing: GC_HEAT2_1_192_288.dat
compression time = 0.010179
compressed data file: ../../CESM-LAND-MODELS/4/log_normalized/GC_HEAT2_1_192_288.dat.sz
Min=0, Max=1, range=1
Max absolute error = 0.0000000060
Max relative error = 0.000000
Max pw relative error = 0.000000
PSNR = 208.402311, NRMSE= 3.800882713033727352E-11
normError = 0.000000, normErr_norm = 0.000000
acEff=1.000000
compressionRatio=53.041727
decompression time = 0.005753 seconds.
decompressed data file: ../../CESM-LAND-MODELS/4/log_normalized/sz_1E-8/GC_HEAT2_1_192_288.dat.sz.out
  ✓ Compression and decompression successful (ratio: 53.04x)

[105/176] Processing: GC_ICE1_1_192_288.dat
compression time = 0.013310
compressed data file: ../../CESM-LAND-MODELS/4/log_normalized/GC_ICE1_1_192_288.dat.sz
Min=0, Max=1, range=1
Max absolute error = 0.0000000100
Max relative error = 0.000000
Max pw relative error = 4.241530
PSNR = 180.793151, NRMSE= 9.1273028773927243465E-10
normError = 0.000000, normErr_norm = 0.000000
acEff=1.000000
compressionRatio=3.244547
decompression time = 0.006253 seconds.
decompressed data file: ../../CESM-LAND-MODELS/4/log_normalized/sz_1E-8/GC_ICE1_1_192_288.dat.sz.out
  ✓ Compression and decompression successful (ratio: 3.24x)

[106/176] Processing: GC_ICE2_1_192_288.dat
compression time = 0.011379
compressed data file: ../../CESM-LAND-MODELS/4/log_normalized/GC_ICE2_1_192_288.dat.sz
Min=0, Max=1, range=1
Max absolute error = 0.0000000060
Max relative error = 0.000000
Max pw relative error = 0.000000
PSNR = 208.402311, NRMSE= 3.800882713033727352E-11
normError = 0.000000, normErr_norm = 0.000000
acEff=1.000000
compressionRatio=53.041727
decompression time = 0.005850 seconds.
decompressed data file: ../../CESM-LAND-MODELS/4/log_normalized/sz_1E-8/GC_ICE2_1_192_288.dat.sz.out
  ✓ Compression and decompression successful (ratio: 53.04x)

[107/176] Processing: GC_LIQ1_1_192_288.dat
compression time = 0.012765
compressed data file: ../../CESM-LAND-MODELS/4/log_normalized/GC_LIQ1_1_192_288.dat.sz
Min=0, Max=1, range=1
Max absolute error = 0.0000000000
Max relative error = 0.000000
Max pw relative error = 0.000000
PSNR = inf, NRMSE= 0
normError = 0.000000, normErr_norm = 0.000000
acEff=1.000000
compressionRatio=2.696084
decompression time = 0.006243 seconds.
decompressed data file: ../../CESM-LAND-MODELS/4/log_normalized/sz_1E-8/GC_LIQ1_1_192_288.dat.sz.out
  ✓ Compression and decompression successful (ratio: 2.69x)

[108/176] Processing: GC_LIQ2_1_192_288.dat
compression time = 0.012574
compressed data file: ../../CESM-LAND-MODELS/4/log_normalized/GC_LIQ2_1_192_288.dat.sz
Min=0, Max=1, range=1
Max absolute error = 0.0000000060
Max relative error = 0.000000
Max pw relative error = 0.000000
PSNR = 208.402311, NRMSE= 3.800882713033727352E-11
normError = 0.000000, normErr_norm = 0.000000
acEff=1.000000
compressionRatio=53.041727
decompression time = 0.006006 seconds.
decompressed data file: ../../CESM-LAND-MODELS/4/log_normalized/sz_1E-8/GC_LIQ2_1_192_288.dat.sz.out
  ✓ Compression and decompression successful (ratio: 53.04x)

[109/176] Processing: GPP_1_192_288.dat
compression time = 0.011275
compressed data file: ../../CESM-LAND-MODELS/4/log_normalized/GPP_1_192_288.dat.sz
Min=0, Max=1, range=1
Max absolute error = 0.0000000100
Max relative error = 0.000000
Max pw relative error = 6.814317
PSNR = 172.546699, NRMSE= 2.3586583807682547692E-09
normError = 0.000001, normErr_norm = 0.000000
acEff=1.000000
compressionRatio=11.724569
decompression time = 0.005649 seconds.
decompressed data file: ../../CESM-LAND-MODELS/4/log_normalized/sz_1E-8/GPP_1_192_288.dat.sz.out
  ✓ Compression and decompression successful (ratio: 11.72x)

[110/176] Processing: GR_1_192_288.dat
compression time = 0.010942
compressed data file: ../../CESM-LAND-MODELS/4/log_normalized/GR_1_192_288.dat.sz
Min=0, Max=1, range=1
Max absolute error = 0.0000000100
Max relative error = 0.000000
Max pw relative error = 6.907158
PSNR = 173.918372, NRMSE= 2.0141016434226245681E-09
normError = 0.000000, normErr_norm = 0.000000
acEff=1.000000
compressionRatio=20.535141
decompression time = 0.006041 seconds.
decompressed data file: ../../CESM-LAND-MODELS/4/log_normalized/sz_1E-8/GR_1_192_288.dat.sz.out
  ✓ Compression and decompression successful (ratio: 20.53x)

[111/176] Processing: GROSS_NMIN_1_192_288.dat
compression time = 0.010775
compressed data file: ../../CESM-LAND-MODELS/4/log_normalized/GROSS_NMIN_1_192_288.dat.sz
Min=0, Max=1, range=1
Max absolute error = 0.0000000099
Max relative error = 0.000000
Max pw relative error = 6.907152
PSNR = 173.859472, NRMSE= 2.0278060974111892236E-09
normError = 0.000000, normErr_norm = 0.000000
acEff=1.000000
compressionRatio=32.153511
decompression time = 0.005343 seconds.
decompressed data file: ../../CESM-LAND-MODELS/4/log_normalized/sz_1E-8/GROSS_NMIN_1_192_288.dat.sz.out
  ✓ Compression and decompression successful (ratio: 32.15x)

[112/176] Processing: H2OCAN_1_192_288.dat
compression time = 0.014970
compressed data file: ../../CESM-LAND-MODELS/4/log_normalized/H2OCAN_1_192_288.dat.sz
Min=0, Max=1, range=1
Max absolute error = 0.0000000000
Max relative error = 0.000000
Max pw relative error = 0.000000
PSNR = inf, NRMSE= 0
normError = 0.000000, normErr_norm = 0.000000
acEff=1.000000
compressionRatio=4.294001
decompression time = 0.000759 seconds.
decompressed data file: ../../CESM-LAND-MODELS/4/log_normalized/sz_1E-8/H2OCAN_1_192_288.dat.sz.out
  ✓ Compression and decompression successful (ratio: 4.29x)

[113/176] Processing: H2OSNO_1_192_288.dat
compression time = 0.013901
compressed data file: ../../CESM-LAND-MODELS/4/log_normalized/H2OSNO_1_192_288.dat.sz
Min=0, Max=1, range=1
Max absolute error = 0.0000000100
Max relative error = 0.000000
Max pw relative error = 2.649480
PSNR = 173.415311, NRMSE= 2.1341968388149789018E-09
normError = 0.000001, normErr_norm = 0.000000
acEff=1.000000
compressionRatio=2.669692
decompression time = 0.006296 seconds.
decompressed data file: ../../CESM-LAND-MODELS/4/log_normalized/sz_1E-8/H2OSNO_1_192_288.dat.sz.out
  ✓ Compression and decompression successful (ratio: 2.66x)

[114/176] Processing: H2OSNO_TOP_1_192_288.dat
compression time = 0.015295
compressed data file: ../../CESM-LAND-MODELS/4/log_normalized/H2OSNO_TOP_1_192_288.dat.sz
Min=0, Max=1, range=1
Max absolute error = 0.0000000100
Max relative error = 0.000000
Max pw relative error = 0.090760
PSNR = 174.662855, NRMSE= 1.8486609467111530422E-09
normError = 0.000000, normErr_norm = 0.000000
acEff=1.000000
compressionRatio=2.008718
decompression time = 0.006540 seconds.
decompressed data file: ../../CESM-LAND-MODELS/4/log_normalized/sz_1E-8/H2OSNO_TOP_1_192_288.dat.sz.out
  ✓ Compression and decompression successful (ratio: 2.00x)

[115/176] Processing: HC_1_192_288.dat
compression time = 0.015575
compressed data file: ../../CESM-LAND-MODELS/4/log_normalized/HC_1_192_288.dat.sz
Min=0, Max=1, range=1
Max absolute error = 0.0000000000
Max relative error = 0.000000
Max pw relative error = 0.000000
PSNR = inf, NRMSE= 0
normError = 0.000000, normErr_norm = 0.000000
acEff=1.000000
compressionRatio=3.095951
decompression time = 0.000922 seconds.
decompressed data file: ../../CESM-LAND-MODELS/4/log_normalized/sz_1E-8/HC_1_192_288.dat.sz.out
  ✓ Compression and decompression successful (ratio: 3.09x)

[116/176] Processing: HCSOI_1_192_288.dat
compression time = 0.017154
compressed data file: ../../CESM-LAND-MODELS/4/log_normalized/HCSOI_1_192_288.dat.sz
Min=0, Max=1, range=1
Max absolute error = 0.0000000000
Max relative error = 0.000000
Max pw relative error = 0.000000
PSNR = inf, NRMSE= 0
normError = 0.000000, normErr_norm = 0.000000
acEff=1.000000
compressionRatio=3.095561
decompression time = 0.000790 seconds.
decompressed data file: ../../CESM-LAND-MODELS/4/log_normalized/sz_1E-8/HCSOI_1_192_288.dat.sz.out
  ✓ Compression and decompression successful (ratio: 3.09x)

[117/176] Processing: HEAT_FROM_AC_1_192_288.dat
compression time = 0.011896
compressed data file: ../../CESM-LAND-MODELS/4/log_normalized/HEAT_FROM_AC_1_192_288.dat.sz
Min=0, Max=1, range=1
Max absolute error = 0.0000000100
Max relative error = 0.000000
Max pw relative error = 0.181931
PSNR = 188.298301, NRMSE= 3.8466703514564789657E-10
normError = 0.000000, normErr_norm = 0.000000
acEff=1.000000
compressionRatio=27.323533
decompression time = 0.006526 seconds.
decompressed data file: ../../CESM-LAND-MODELS/4/log_normalized/sz_1E-8/HEAT_FROM_AC_1_192_288.dat.sz.out
  ✓ Compression and decompression successful (ratio: 27.32x)

[118/176] Processing: HR_1_192_288.dat
compression time = 0.010812
compressed data file: ../../CESM-LAND-MODELS/4/log_normalized/HR_1_192_288.dat.sz
Min=0, Max=1, range=1
Max absolute error = 0.0000000100
Max relative error = 0.000000
Max pw relative error = 6.907155
PSNR = 172.117723, NRMSE= 2.4780715559421416615E-09
normError = 0.000001, normErr_norm = 0.000000
acEff=1.000000
compressionRatio=12.763070
decompression time = 0.006094 seconds.
decompressed data file: ../../CESM-LAND-MODELS/4/log_normalized/sz_1E-8/HR_1_192_288.dat.sz.out
  ✓ Compression and decompression successful (ratio: 12.76x)

[119/176] Processing: HTOP_1_192_288.dat
compression time = 0.015564
compressed data file: ../../CESM-LAND-MODELS/4/log_normalized/HTOP_1_192_288.dat.sz
Min=0, Max=1, range=1
Max absolute error = 0.0000000100
Max relative error = 0.000000
Max pw relative error = 2.379654
PSNR = 176.242550, NRMSE= 1.5412478336037749608E-09
normError = 0.000000, normErr_norm = 0.000000
acEff=1.000000
compressionRatio=2.038149
decompression time = 0.007127 seconds.
decompressed data file: ../../CESM-LAND-MODELS/4/log_normalized/sz_1E-8/HTOP_1_192_288.dat.sz.out
  ✓ Compression and decompression successful (ratio: 2.03x)

[120/176] Processing: LAISHA_1_192_288.dat
compression time = 0.011857
compressed data file: ../../CESM-LAND-MODELS/4/log_normalized/LAISHA_1_192_288.dat.sz
Min=0, Max=1, range=1
Max absolute error = 0.0000000100
Max relative error = 0.000000
Max pw relative error = 2.440386
PSNR = 176.898827, NRMSE= 1.4290868851462421758E-09
normError = 0.000000, normErr_norm = 0.000000
acEff=1.000000
compressionRatio=2.456099
decompression time = 0.006899 seconds.
decompressed data file: ../../CESM-LAND-MODELS/4/log_normalized/sz_1E-8/LAISHA_1_192_288.dat.sz.out
  ✓ Compression and decompression successful (ratio: 2.45x)

[121/176] Processing: LAISUN_1_192_288.dat
compression time = 0.015967
compressed data file: ../../CESM-LAND-MODELS/4/log_normalized/LAISUN_1_192_288.dat.sz
Min=0, Max=1, range=1
Max absolute error = 0.0000000000
Max relative error = 0.000000
Max pw relative error = 0.000000
PSNR = inf, NRMSE= 0
normError = 0.000000, normErr_norm = 0.000000
acEff=1.000000
compressionRatio=5.048826
decompression time = 0.000736 seconds.
decompressed data file: ../../CESM-LAND-MODELS/4/log_normalized/sz_1E-8/LAISUN_1_192_288.dat.sz.out
  ✓ Compression and decompression successful (ratio: 5.04x)

[122/176] Processing: landfrac_192_288.dat
compression time = 0.012240
compressed data file: ../../CESM-LAND-MODELS/4/log_normalized/landfrac_192_288.dat.sz
Min=0, Max=1, range=1
Max absolute error = 0.0000000098
Max relative error = 0.000000
Max pw relative error = 0.000576
PSNR = 179.204682, NRMSE= 1.0958873049942092354E-09
normError = 0.000000, normErr_norm = 0.000000
acEff=1.000000
compressionRatio=6.611586
decompression time = 0.005742 seconds.
decompressed data file: ../../CESM-LAND-MODELS/4/log_normalized/sz_1E-8/landfrac_192_288.dat.sz.out
  ✓ Compression and decompression successful (ratio: 6.61x)

[123/176] Processing: latixy_192_288.dat
compression time = 0.011390
compressed data file: ../../CESM-LAND-MODELS/4/log_normalized/latixy_192_288.dat.sz
Min=0, Max=1, range=1
Max absolute error = 0.0000000093
Max relative error = 0.000000
Max pw relative error = 0.000000
PSNR = 171.909169, NRMSE= 2.5382916975200459912E-09
normError = 0.000001, normErr_norm = 0.000000
acEff=1.000000
compressionRatio=20.933560
decompression time = 0.006021 seconds.
decompressed data file: ../../CESM-LAND-MODELS/4/log_normalized/sz_1E-8/latixy_192_288.dat.sz.out
  ✓ Compression and decompression successful (ratio: 20.93x)

[124/176] Processing: latixyatm_192_288.dat
compression time = 0.011555
compressed data file: ../../CESM-LAND-MODELS/4/log_normalized/latixyatm_192_288.dat.sz
Min=0, Max=1, range=1
Max absolute error = 0.0000000000
Max relative error = 0.000000
Max pw relative error = 0.000000
PSNR = inf, NRMSE= 0
normError = 0.000000, normErr_norm = 0.000000
acEff=1.000000
compressionRatio=15.410297
decompression time = 0.005527 seconds.
decompressed data file: ../../CESM-LAND-MODELS/4/log_normalized/sz_1E-8/latixyatm_192_288.dat.sz.out
  ✓ Compression and decompression successful (ratio: 15.41x)

[125/176] Processing: LEAFC_1_192_288.dat
compression time = 0.012748
compressed data file: ../../CESM-LAND-MODELS/4/log_normalized/LEAFC_1_192_288.dat.sz
Min=0, Max=1, range=1
Max absolute error = 0.0000000099
Max relative error = 0.000000
Max pw relative error = 0.264287
PSNR = 180.094374, NRMSE= 9.891935525003555104E-10
normError = 0.000000, normErr_norm = 0.000000
acEff=1.000000
compressionRatio=3.054606
decompression time = 0.006685 seconds.
decompressed data file: ../../CESM-LAND-MODELS/4/log_normalized/sz_1E-8/LEAFC_1_192_288.dat.sz.out
  ✓ Compression and decompression successful (ratio: 3.05x)

[126/176] Processing: LEAFC_ALLOC_1_192_288.dat
compression time = 0.008372
compressed data file: ../../CESM-LAND-MODELS/4/log_normalized/LEAFC_ALLOC_1_192_288.dat.sz
Min=0, Max=1, range=1
Max absolute error = 0.0000000100
Max relative error = 0.000000
Max pw relative error = 6.907168
PSNR = 174.732228, NRMSE= 1.8339547688018781109E-09
normError = 0.000000, normErr_norm = 0.000000
acEff=1.000000
compressionRatio=20.025713
decompression time = 0.004879 seconds.
decompressed data file: ../../CESM-LAND-MODELS/4/log_normalized/sz_1E-8/LEAFC_ALLOC_1_192_288.dat.sz.out
  ✓ Compression and decompression successful (ratio: 20.02x)

[127/176] Processing: LEAFC_LOSS_1_192_288.dat
compression time = 0.011018
compressed data file: ../../CESM-LAND-MODELS/4/log_normalized/LEAFC_LOSS_1_192_288.dat.sz
Min=0, Max=1, range=1
Max absolute error = 0.0000000100
Max relative error = 0.000000
Max pw relative error = 6.907162
PSNR = 172.889986, NRMSE= 2.2672567860226590402E-09
normError = 0.000001, normErr_norm = 0.000000
acEff=1.000000
compressionRatio=15.909084
decompression time = 0.006223 seconds.
decompressed data file: ../../CESM-LAND-MODELS/4/log_normalized/sz_1E-8/LEAFC_LOSS_1_192_288.dat.sz.out
  ✓ Compression and decompression successful (ratio: 15.90x)

[128/176] Processing: LEAFN_1_192_288.dat
compression time = 0.016051
compressed data file: ../../CESM-LAND-MODELS/4/log_normalized/LEAFN_1_192_288.dat.sz
Min=0, Max=1, range=1
Max absolute error = 0.0000000100
Max relative error = 0.000000
Max pw relative error = 0.374803
PSNR = 177.433981, NRMSE= 1.3436958398650104311E-09
normError = 0.000000, normErr_norm = 0.000000
acEff=1.000000
compressionRatio=2.514740
decompression time = 0.006490 seconds.
decompressed data file: ../../CESM-LAND-MODELS/4/log_normalized/sz_1E-8/LEAFN_1_192_288.dat.sz.out
  ✓ Compression and decompression successful (ratio: 2.51x)

[129/176] Processing: LITFALL_1_192_288.dat
compression time = 0.012244
compressed data file: ../../CESM-LAND-MODELS/4/log_normalized/LITFALL_1_192_288.dat.sz
Min=0, Max=1, range=1
Max absolute error = 0.0000000100
Max relative error = 0.000000
Max pw relative error = 6.907208
PSNR = 172.089216, NRMSE= 2.486217949511292482E-09
normError = 0.000001, normErr_norm = 0.000000
acEff=1.000000
compressionRatio=11.717737
decompression time = 0.005684 seconds.
decompressed data file: ../../CESM-LAND-MODELS/4/log_normalized/sz_1E-8/LITFALL_1_192_288.dat.sz.out
  ✓ Compression and decompression successful (ratio: 11.71x)

[130/176] Processing: LITHR_1_192_288.dat
compression time = 0.011327
compressed data file: ../../CESM-LAND-MODELS/4/log_normalized/LITHR_1_192_288.dat.sz
Min=0, Max=1, range=1
Max absolute error = 0.0000000100
Max relative error = 0.000000
Max pw relative error = 6.907166
PSNR = 172.129220, NRMSE= 2.4747935838984283137E-09
normError = 0.000001, normErr_norm = 0.000000
acEff=1.000000
compressionRatio=14.702473
decompression time = 0.005431 seconds.
decompressed data file: ../../CESM-LAND-MODELS/4/log_normalized/sz_1E-8/LITHR_1_192_288.dat.sz.out
  ✓ Compression and decompression successful (ratio: 14.70x)

[131/176] Processing: LITR1C_1_192_288.dat
compression time = 0.016225
compressed data file: ../../CESM-LAND-MODELS/4/log_normalized/LITR1C_1_192_288.dat.sz
Min=0, Max=1, range=1
Max absolute error = 0.0000000100
Max relative error = 0.000000
Max pw relative error = 1.000000
PSNR = 175.758380, NRMSE= 1.6295998523369787817E-09
normError = 0.000000, normErr_norm = 0.000000
acEff=1.000000
compressionRatio=2.063149
decompression time = 0.007274 seconds.
decompressed data file: ../../CESM-LAND-MODELS/4/log_normalized/sz_1E-8/LITR1C_1_192_288.dat.sz.out
  ✓ Compression and decompression successful (ratio: 2.06x)

[132/176] Processing: LITR1C_TO_SOIL1C_1_192_288.dat
compression time = 0.011033
compressed data file: ../../CESM-LAND-MODELS/4/log_normalized/LITR1C_TO_SOIL1C_1_192_288.dat.sz
Min=0, Max=1, range=1
Max absolute error = 0.0000000100
Max relative error = 0.000000
Max pw relative error = 6.907154
PSNR = 172.756605, NRMSE= 2.3023416202124827562E-09
normError = 0.000001, normErr_norm = 0.000000
acEff=1.000000
compressionRatio=20.706235
decompression time = 0.005892 seconds.
decompressed data file: ../../CESM-LAND-MODELS/4/log_normalized/sz_1E-8/LITR1C_TO_SOIL1C_1_192_288.dat.sz.out
  ✓ Compression and decompression successful (ratio: 20.70x)

[133/176] Processing: LITR1N_1_192_288.dat
compression time = 0.014230
compressed data file: ../../CESM-LAND-MODELS/4/log_normalized/LITR1N_1_192_288.dat.sz
Min=0, Max=1, range=1
Max absolute error = 0.0000000100
Max relative error = 0.000000
Max pw relative error = 0.324492
PSNR = 172.499907, NRMSE= 2.371399119447235841E-09
normError = 0.000001, normErr_norm = 0.000000
acEff=1.000000
compressionRatio=2.029285
decompression time = 0.006525 seconds.
decompressed data file: ../../CESM-LAND-MODELS/4/log_normalized/sz_1E-8/LITR1N_1_192_288.dat.sz.out
  ✓ Compression and decompression successful (ratio: 2.02x)

[134/176] Processing: LITR2C_1_192_288.dat
compression time = 0.012593
compressed data file: ../../CESM-LAND-MODELS/4/log_normalized/LITR2C_1_192_288.dat.sz
Min=0, Max=1, range=1
Max absolute error = 0.0000000100
Max relative error = 0.000000
Max pw relative error = 1.000000
PSNR = 180.776461, NRMSE= 9.1448573080727204652E-10
normError = 0.000000, normErr_norm = 0.000000
acEff=1.000000
compressionRatio=2.975623
decompression time = 0.006229 seconds.
decompressed data file: ../../CESM-LAND-MODELS/4/log_normalized/sz_1E-8/LITR2C_1_192_288.dat.sz.out
  ✓ Compression and decompression successful (ratio: 2.97x)

[135/176] Processing: LITR2C_TO_SOIL2C_1_192_288.dat
compression time = 0.011667
compressed data file: ../../CESM-LAND-MODELS/4/log_normalized/LITR2C_TO_SOIL2C_1_192_288.dat.sz
Min=0, Max=1, range=1
Max absolute error = 0.0000000100
Max relative error = 0.000000
Max pw relative error = 6.907171
PSNR = 172.604877, NRMSE= 2.3429128349444689276E-09
normError = 0.000001, normErr_norm = 0.000000
acEff=1.000000
compressionRatio=17.180674
decompression time = 0.005079 seconds.
decompressed data file: ../../CESM-LAND-MODELS/4/log_normalized/sz_1E-8/LITR2C_TO_SOIL2C_1_192_288.dat.sz.out
  ✓ Compression and decompression successful (ratio: 17.18x)

[136/176] Processing: LITR2N_1_192_288.dat
compression time = 0.016714
compressed data file: ../../CESM-LAND-MODELS/4/log_normalized/LITR2N_1_192_288.dat.sz
Min=0, Max=1, range=1
Max absolute error = 0.0000000100
Max relative error = 0.000000
Max pw relative error = 1.091637
PSNR = 175.247997, NRMSE= 1.7282244936227824544E-09
normError = 0.000000, normErr_norm = 0.000000
acEff=1.000000
compressionRatio=2.006568
decompression time = 0.006930 seconds.
decompressed data file: ../../CESM-LAND-MODELS/4/log_normalized/sz_1E-8/LITR2N_1_192_288.dat.sz.out
  ✓ Compression and decompression successful (ratio: 2.00x)

[137/176] Processing: LITR3C_1_192_288.dat
compression time = 0.013565
compressed data file: ../../CESM-LAND-MODELS/4/log_normalized/LITR3C_1_192_288.dat.sz
Min=0, Max=1, range=1
Max absolute error = 0.0000000099
Max relative error = 0.000000
Max pw relative error = 6.013857
PSNR = 180.639860, NRMSE= 9.2898136100931708843E-10
normError = 0.000000, normErr_norm = 0.000000
acEff=1.000000
compressionRatio=2.936941
decompression time = 0.006376 seconds.
decompressed data file: ../../CESM-LAND-MODELS/4/log_normalized/sz_1E-8/LITR3C_1_192_288.dat.sz.out
  ✓ Compression and decompression successful (ratio: 2.93x)

[138/176] Processing: LITR3C_TO_SOIL3C_1_192_288.dat
compression time = 0.011461
compressed data file: ../../CESM-LAND-MODELS/4/log_normalized/LITR3C_TO_SOIL3C_1_192_288.dat.sz
Min=0, Max=1, range=1
Max absolute error = 0.0000000100
Max relative error = 0.000000
Max pw relative error = 6.907170
PSNR = 172.716193, NRMSE= 2.3130783778215047334E-09
normError = 0.000001, normErr_norm = 0.000000
acEff=1.000000
compressionRatio=19.939061
decompression time = 0.006160 seconds.
decompressed data file: ../../CESM-LAND-MODELS/4/log_normalized/sz_1E-8/LITR3C_TO_SOIL3C_1_192_288.dat.sz.out
  ✓ Compression and decompression successful (ratio: 19.93x)

[139/176] Processing: LITR3N_1_192_288.dat
compression time = 0.014811
compressed data file: ../../CESM-LAND-MODELS/4/log_normalized/LITR3N_1_192_288.dat.sz
Min=0, Max=1, range=1
Max absolute error = 0.0000000100
Max relative error = 0.000000
Max pw relative error = 5.209414
PSNR = 176.110565, NRMSE= 1.564846602195577208E-09
normError = 0.000000, normErr_norm = 0.000000
acEff=1.000000
compressionRatio=2.164312
decompression time = 0.007312 seconds.
decompressed data file: ../../CESM-LAND-MODELS/4/log_normalized/sz_1E-8/LITR3N_1_192_288.dat.sz.out
  ✓ Compression and decompression successful (ratio: 2.16x)

[140/176] Processing: LITTERC_1_192_288.dat
compression time = 0.012980
compressed data file: ../../CESM-LAND-MODELS/4/log_normalized/LITTERC_1_192_288.dat.sz
Min=0, Max=1, range=1
Max absolute error = 0.0000000100
Max relative error = 0.000000
Max pw relative error = 5.948401
PSNR = 180.698251, NRMSE= 9.2275726287785339711E-10
normError = 0.000000, normErr_norm = 0.000000
acEff=1.000000
compressionRatio=2.992856
decompression time = 0.005925 seconds.
decompressed data file: ../../CESM-LAND-MODELS/4/log_normalized/sz_1E-8/LITTERC_1_192_288.dat.sz.out
  ✓ Compression and decompression successful (ratio: 2.99x)

[141/176] Processing: LITTERC_HR_1_192_288.dat
compression time = 0.011081
compressed data file: ../../CESM-LAND-MODELS/4/log_normalized/LITTERC_HR_1_192_288.dat.sz
Min=0, Max=1, range=1
Max absolute error = 0.0000000100
Max relative error = 0.000000
Max pw relative error = 6.907166
PSNR = 172.129220, NRMSE= 2.4747935838984283137E-09
normError = 0.000001, normErr_norm = 0.000000
acEff=1.000000
compressionRatio=14.702473
decompression time = 0.006005 seconds.
decompressed data file: ../../CESM-LAND-MODELS/4/log_normalized/sz_1E-8/LITTERC_HR_1_192_288.dat.sz.out
  ✓ Compression and decompression successful (ratio: 14.70x)

[142/176] Processing: LITTERC_LOSS_1_192_288.dat
compression time = 0.011303
compressed data file: ../../CESM-LAND-MODELS/4/log_normalized/LITTERC_LOSS_1_192_288.dat.sz
Min=0, Max=1, range=1
Max absolute error = 0.0000000100
Max relative error = 0.000000
Max pw relative error = 6.907166
PSNR = 172.052188, NRMSE= 2.4968394560401241838E-09
normError = 0.000001, normErr_norm = 0.000000
acEff=1.000000
compressionRatio=12.203928
decompression time = 0.005886 seconds.
decompressed data file: ../../CESM-LAND-MODELS/4/log_normalized/sz_1E-8/LITTERC_LOSS_1_192_288.dat.sz.out
  ✓ Compression and decompression successful (ratio: 12.20x)

[143/176] Processing: LIVECROOTC_1_192_288.dat
compression time = 0.014737
compressed data file: ../../CESM-LAND-MODELS/4/log_normalized/LIVECROOTC_1_192_288.dat.sz
Min=0, Max=1, range=1
Max absolute error = 0.0000000100
Max relative error = 0.000000
Max pw relative error = 1.000000
PSNR = 177.640168, NRMSE= 1.3121745130605362743E-09
normError = 0.000000, normErr_norm = 0.000000
acEff=1.000000
compressionRatio=2.641129
decompression time = 0.007971 seconds.
decompressed data file: ../../CESM-LAND-MODELS/4/log_normalized/sz_1E-8/LIVECROOTC_1_192_288.dat.sz.out
  ✓ Compression and decompression successful (ratio: 2.64x)

[144/176] Processing: LIVECROOTN_1_192_288.dat
compression time = 0.016362
compressed data file: ../../CESM-LAND-MODELS/4/log_normalized/LIVECROOTN_1_192_288.dat.sz
Min=0, Max=1, range=1
Max absolute error = 0.0000000000
Max relative error = 0.000000
Max pw relative error = 0.000000
PSNR = inf, NRMSE= 0
normError = 0.000000, normErr_norm = 0.000000
acEff=1.000000
compressionRatio=4.969645
decompression time = 0.000766 seconds.
decompressed data file: ../../CESM-LAND-MODELS/4/log_normalized/sz_1E-8/LIVECROOTN_1_192_288.dat.sz.out
  ✓ Compression and decompression successful (ratio: 4.96x)

[145/176] Processing: LIVESTEMC_1_192_288.dat
compression time = 0.013168
compressed data file: ../../CESM-LAND-MODELS/4/log_normalized/LIVESTEMC_1_192_288.dat.sz
Min=0, Max=1, range=1
Max absolute error = 0.0000000100
Max relative error = 0.000000
Max pw relative error = 0.158930
PSNR = 179.256558, NRMSE= 1.0893616759402311451E-09
normError = 0.000000, normErr_norm = 0.000000
acEff=1.000000
compressionRatio=2.942020
decompression time = 0.006295 seconds.
decompressed data file: ../../CESM-LAND-MODELS/4/log_normalized/sz_1E-8/LIVESTEMC_1_192_288.dat.sz.out
  ✓ Compression and decompression successful (ratio: 2.94x)

[146/176] Processing: LIVESTEMN_1_192_288.dat
compression time = 0.014229
compressed data file: ../../CESM-LAND-MODELS/4/log_normalized/LIVESTEMN_1_192_288.dat.sz
Min=0, Max=1, range=1
Max absolute error = 0.0000000000
Max relative error = 0.000000
Max pw relative error = 0.000000
PSNR = inf, NRMSE= 0
normError = 0.000000, normErr_norm = 0.000000
acEff=1.000000
compressionRatio=4.960840
decompression time = 0.000843 seconds.
decompressed data file: ../../CESM-LAND-MODELS/4/log_normalized/sz_1E-8/LIVESTEMN_1_192_288.dat.sz.out
  ✓ Compression and decompression successful (ratio: 4.96x)

[147/176] Processing: longxy_192_288.dat
compression time = 0.012673
compressed data file: ../../CESM-LAND-MODELS/4/log_normalized/longxy_192_288.dat.sz
Min=0, Max=1, range=1
Max absolute error = 0.0000000075
Max relative error = 0.000000
Max pw relative error = 0.000000
PSNR = 170.619003, NRMSE= 2.9447596842668055264E-09
normError = 0.000001, normErr_norm = 0.000000
acEff=1.000000
compressionRatio=5.580804
decompression time = 0.006713 seconds.
decompressed data file: ../../CESM-LAND-MODELS/4/log_normalized/sz_1E-8/longxy_192_288.dat.sz.out
  ✓ Compression and decompression successful (ratio: 5.58x)

[148/176] Processing: longxyatm_192_288.dat
compression time = 0.009542
compressed data file: ../../CESM-LAND-MODELS/4/log_normalized/longxyatm_192_288.dat.sz
Min=0, Max=1, range=1
Max absolute error = 0.0000000100
Max relative error = 0.000000
Max pw relative error = 0.000000
PSNR = 178.617200, NRMSE= 1.1725732791555252599E-09
normError = 0.000000, normErr_norm = 0.000000
acEff=1.000000
compressionRatio=16.780517
decompression time = 0.005581 seconds.
decompressed data file: ../../CESM-LAND-MODELS/4/log_normalized/sz_1E-8/longxyatm_192_288.dat.sz.out
  ✓ Compression and decompression successful (ratio: 16.78x)

[149/176] Processing: MEAN_FIRE_PROB_1_192_288.dat
compression time = 0.020615
compressed data file: ../../CESM-LAND-MODELS/4/log_normalized/MEAN_FIRE_PROB_1_192_288.dat.sz
Min=0, Max=1, range=1
Max absolute error = 0.0000000100
Max relative error = 0.000000
Max pw relative error = 6.598217
PSNR = 174.491172, NRMSE= 1.8855645714785813534E-09
normError = 0.000000, normErr_norm = 0.000000
acEff=1.000000
compressionRatio=2.041384
decompression time = 0.008891 seconds.
decompressed data file: ../../CESM-LAND-MODELS/4/log_normalized/sz_1E-8/MEAN_FIRE_PROB_1_192_288.dat.sz.out
  ✓ Compression and decompression successful (ratio: 2.04x)

[150/176] Processing: MR_1_192_288.dat
compression time = 0.011397
compressed data file: ../../CESM-LAND-MODELS/4/log_normalized/MR_1_192_288.dat.sz
Min=0, Max=1, range=1
Max absolute error = 0.0000000100
Max relative error = 0.000000
Max pw relative error = 6.907153
PSNR = 172.284747, NRMSE= 2.4308751507404808039E-09
normError = 0.000001, normErr_norm = 0.000000
acEff=1.000000
compressionRatio=11.788307
decompression time = 0.006216 seconds.
decompressed data file: ../../CESM-LAND-MODELS/4/log_normalized/sz_1E-8/MR_1_192_288.dat.sz.out
  ✓ Compression and decompression successful (ratio: 11.78x)

[151/176] Processing: NBP_1_192_288.dat
compression time = 0.011919
compressed data file: ../../CESM-LAND-MODELS/4/log_normalized/NBP_1_192_288.dat.sz
Min=0, Max=1, range=1
Max absolute error = 0.0000000100
Max relative error = 0.000000
Max pw relative error = 0.031226
PSNR = 171.981203, NRMSE= 2.5173282608384519154E-09
normError = 0.000001, normErr_norm = 0.000000
acEff=1.000000
compressionRatio=11.312602
decompression time = 0.006143 seconds.
decompressed data file: ../../CESM-LAND-MODELS/4/log_normalized/sz_1E-8/NBP_1_192_288.dat.sz.out
  ✓ Compression and decompression successful (ratio: 11.31x)

[152/176] Processing: NDEPLOY_1_192_288.dat
compression time = 0.011045
compressed data file: ../../CESM-LAND-MODELS/4/log_normalized/NDEPLOY_1_192_288.dat.sz
Min=0, Max=1, range=1
Max absolute error = 0.0000000099
Max relative error = 0.000000
Max pw relative error = 4.999999
PSNR = 175.707756, NRMSE= 1.6391254405212204201E-09
normError = 0.000000, normErr_norm = 0.000000
acEff=1.000000
compressionRatio=41.890909
decompression time = 0.005618 seconds.
decompressed data file: ../../CESM-LAND-MODELS/4/log_normalized/sz_1E-8/NDEPLOY_1_192_288.dat.sz.out
  ✓ Compression and decompression successful (ratio: 41.89x)

[153/176] Processing: NDEP_TO_SMINN_1_192_288.dat
compression time = 0.010351
compressed data file: ../../CESM-LAND-MODELS/4/log_normalized/NDEP_TO_SMINN_1_192_288.dat.sz
Min=0, Max=1, range=1
Max absolute error = 0.0000000060
Max relative error = 0.000000
Max pw relative error = 0.000000
PSNR = 208.402311, NRMSE= 3.800882713033727352E-11
normError = 0.000000, normErr_norm = 0.000000
acEff=1.000000
compressionRatio=53.041727
decompression time = 0.006009 seconds.
decompressed data file: ../../CESM-LAND-MODELS/4/log_normalized/sz_1E-8/NDEP_TO_SMINN_1_192_288.dat.sz.out
  ✓ Compression and decompression successful (ratio: 53.04x)

[154/176] Processing: NEE_1_192_288.dat
compression time = 0.010247
compressed data file: ../../CESM-LAND-MODELS/4/log_normalized/NEE_1_192_288.dat.sz
Min=0, Max=1, range=1
Max absolute error = 0.0000000100
Max relative error = 0.000000
Max pw relative error = 0.829643
PSNR = 169.346506, NRMSE= 3.4093746161270560915E-09
normError = 0.000001, normErr_norm = 0.000000
acEff=1.000000
compressionRatio=11.635751
decompression time = 0.005899 seconds.
decompressed data file: ../../CESM-LAND-MODELS/4/log_normalized/sz_1E-8/NEE_1_192_288.dat.sz.out
  ✓ Compression and decompression successful (ratio: 11.63x)

[155/176] Processing: NEP_1_192_288.dat
compression time = 0.010519
compressed data file: ../../CESM-LAND-MODELS/4/log_normalized/NEP_1_192_288.dat.sz
Min=0, Max=1, range=1
Max absolute error = 0.0000000100
Max relative error = 0.000000
Max pw relative error = 0.031224
PSNR = 172.023737, NRMSE= 2.5050313118780641843E-09
normError = 0.000001, normErr_norm = 0.000000
acEff=1.000000
compressionRatio=11.378948
decompression time = 0.006045 seconds.
decompressed data file: ../../CESM-LAND-MODELS/4/log_normalized/sz_1E-8/NEP_1_192_288.dat.sz.out
  ✓ Compression and decompression successful (ratio: 11.37x)

[156/176] Processing: NET_NMIN_1_192_288.dat
compression time = 0.010629
compressed data file: ../../CESM-LAND-MODELS/4/log_normalized/NET_NMIN_1_192_288.dat.sz
Min=0, Max=1, range=1
Max absolute error = 0.0000000099
Max relative error = 0.000000
Max pw relative error = 4.999999
PSNR = 176.382741, NRMSE= 1.5165717895108599568E-09
normError = 0.000000, normErr_norm = 0.000000
acEff=1.000000
compressionRatio=44.095694
decompression time = 0.005962 seconds.
decompressed data file: ../../CESM-LAND-MODELS/4/log_normalized/sz_1E-8/NET_NMIN_1_192_288.dat.sz.out
  ✓ Compression and decompression successful (ratio: 44.09x)

[157/176] Processing: NFIX_TO_SMINN_1_192_288.dat
compression time = 0.009077
compressed data file: ../../CESM-LAND-MODELS/4/log_normalized/NFIX_TO_SMINN_1_192_288.dat.sz
Min=0, Max=1, range=1
Max absolute error = 0.0000000060
Max relative error = 0.000000
Max pw relative error = 0.000000
PSNR = 208.402311, NRMSE= 3.800882713033727352E-11
normError = 0.000000, normErr_norm = 0.000000
acEff=1.000000
compressionRatio=53.041727
decompression time = 0.005464 seconds.
decompressed data file: ../../CESM-LAND-MODELS/4/log_normalized/sz_1E-8/NFIX_TO_SMINN_1_192_288.dat.sz.out
  ✓ Compression and decompression successful (ratio: 53.04x)

[158/176] Processing: NPP_1_192_288.dat
compression time = 0.013100
compressed data file: ../../CESM-LAND-MODELS/4/log_normalized/NPP_1_192_288.dat.sz
Min=0, Max=1, range=1
Max absolute error = 0.0000000100
Max relative error = 0.000000
Max pw relative error = 1.549824
PSNR = 172.238609, NRMSE= 2.4438218606594126241E-09
normError = 0.000001, normErr_norm = 0.000000
acEff=1.000000
compressionRatio=11.698524
decompression time = 0.006179 seconds.
decompressed data file: ../../CESM-LAND-MODELS/4/log_normalized/sz_1E-8/NPP_1_192_288.dat.sz.out
  ✓ Compression and decompression successful (ratio: 11.69x)

[159/176] Processing: OCDEP_1_192_288.dat
compression time = 0.011465
compressed data file: ../../CESM-LAND-MODELS/4/log_normalized/OCDEP_1_192_288.dat.sz
Min=0, Max=1, range=1
Max absolute error = 0.0000000060
Max relative error = 0.000000
Max pw relative error = 0.000000
PSNR = 208.402311, NRMSE= 3.800882713033727352E-11
normError = 0.000000, normErr_norm = 0.000000
acEff=1.000000
compressionRatio=53.041727
decompression time = 0.006121 seconds.
decompressed data file: ../../CESM-LAND-MODELS/4/log_normalized/sz_1E-8/OCDEP_1_192_288.dat.sz.out
  ✓ Compression and decompression successful (ratio: 53.04x)

[160/176] Processing: PBOT_1_192_288.dat
compression time = 0.016650
compressed data file: ../../CESM-LAND-MODELS/4/log_normalized/PBOT_1_192_288.dat.sz
Min=0, Max=1, range=1
Max absolute error = 0.0000000000
Max relative error = 0.000000
Max pw relative error = 0.000000
PSNR = inf, NRMSE= 0
normError = 0.000000, normErr_norm = 0.000000
acEff=1.000000
compressionRatio=3.200463
decompression time = 0.000860 seconds.
decompressed data file: ../../CESM-LAND-MODELS/4/log_normalized/sz_1E-8/PBOT_1_192_288.dat.sz.out
  ✓ Compression and decompression successful (ratio: 3.20x)

[161/176] Processing: PCO2_1_192_288.dat
compression time = 0.018265
compressed data file: ../../CESM-LAND-MODELS/4/log_normalized/PCO2_1_192_288.dat.sz
Min=0, Max=1, range=1
Max absolute error = 0.0000000000
Max relative error = 0.000000
Max pw relative error = 0.000000
PSNR = inf, NRMSE= 0
normError = 0.000000, normErr_norm = 0.000000
acEff=1.000000
compressionRatio=3.150500
decompression time = 0.000931 seconds.
decompressed data file: ../../CESM-LAND-MODELS/4/log_normalized/sz_1E-8/PCO2_1_192_288.dat.sz.out
  ✓ Compression and decompression successful (ratio: 3.15x)

[162/176] Processing: PFT_CTRUNC_1_192_288.dat
compression time = 0.009715
compressed data file: ../../CESM-LAND-MODELS/4/log_normalized/PFT_CTRUNC_1_192_288.dat.sz
Min=0, Max=1, range=1
Max absolute error = 0.0000000100
Max relative error = 0.000000
Max pw relative error = 6.924351
PSNR = 172.519123, NRMSE= 2.3661584967899733936E-09
normError = 0.000001, normErr_norm = 0.000000
acEff=1.000000
compressionRatio=10.226270
decompression time = 0.005994 seconds.
decompressed data file: ../../CESM-LAND-MODELS/4/log_normalized/sz_1E-8/PFT_CTRUNC_1_192_288.dat.sz.out
  ✓ Compression and decompression successful (ratio: 10.22x)

[163/176] Processing: PFT_FIRE_CLOSS_1_192_288.dat
compression time = 0.009911
compressed data file: ../../CESM-LAND-MODELS/4/log_normalized/PFT_FIRE_CLOSS_1_192_288.dat.sz
Min=0, Max=1, range=1
Max absolute error = 0.0000000100
Max relative error = 0.000000
Max pw relative error = 6.907151
PSNR = 179.812219, NRMSE= 1.0218544421133090198E-09
normError = 0.000000, normErr_norm = 0.000000
acEff=1.000000
compressionRatio=37.381105
decompression time = 0.005443 seconds.
decompressed data file: ../../CESM-LAND-MODELS/4/log_normalized/sz_1E-8/PFT_FIRE_CLOSS_1_192_288.dat.sz.out
  ✓ Compression and decompression successful (ratio: 37.38x)

[164/176] Processing: PFT_FIRE_NLOSS_1_192_288.dat
compression time = 0.011826
compressed data file: ../../CESM-LAND-MODELS/4/log_normalized/PFT_FIRE_NLOSS_1_192_288.dat.sz
Min=0, Max=1, range=1
Max absolute error = 0.0000000060
Max relative error = 0.000000
Max pw relative error = 1.000000
PSNR = 200.834534, NRMSE= 9.0839196214151652633E-11
normError = 0.000000, normErr_norm = 0.000000
acEff=1.000000
compressionRatio=52.537767
decompression time = 0.005714 seconds.
decompressed data file: ../../CESM-LAND-MODELS/4/log_normalized/sz_1E-8/PFT_FIRE_NLOSS_1_192_288.dat.sz.out
  ✓ Compression and decompression successful (ratio: 52.53x)

[165/176] Processing: PFT_NTRUNC_1_192_288.dat
compression time = 0.010563
compressed data file: ../../CESM-LAND-MODELS/4/log_normalized/PFT_NTRUNC_1_192_288.dat.sz
Min=0, Max=1, range=1
Max absolute error = 0.0000000100
Max relative error = 0.000000
Max pw relative error = 6.907158
PSNR = 172.363928, NRMSE= 2.4088158917831016035E-09
normError = 0.000001, normErr_norm = 0.000000
acEff=1.000000
compressionRatio=10.946993
decompression time = 0.005805 seconds.
decompressed data file: ../../CESM-LAND-MODELS/4/log_normalized/sz_1E-8/PFT_NTRUNC_1_192_288.dat.sz.out
  ✓ Compression and decompression successful (ratio: 10.94x)

[166/176] Processing: PLANT_NDEMAND_1_192_288.dat
compression time = 0.009527
compressed data file: ../../CESM-LAND-MODELS/4/log_normalized/PLANT_NDEMAND_1_192_288.dat.sz
Min=0, Max=1, range=1
Max absolute error = 0.0000000099
Max relative error = 0.000000
Max pw relative error = 5.999999
PSNR = 176.205357, NRMSE= 1.5478616302595526199E-09
normError = 0.000000, normErr_norm = 0.000000
acEff=1.000000
compressionRatio=30.600996
decompression time = 0.005465 seconds.
decompressed data file: ../../CESM-LAND-MODELS/4/log_normalized/sz_1E-8/PLANT_NDEMAND_1_192_288.dat.sz.out
  ✓ Compression and decompression successful (ratio: 30.60x)

[167/176] Processing: POTENTIAL_IMMOB_1_192_288.dat
compression time = 0.011618
compressed data file: ../../CESM-LAND-MODELS/4/log_normalized/POTENTIAL_IMMOB_1_192_288.dat.sz
Min=0, Max=1, range=1
Max absolute error = 0.0000000099
Max relative error = 0.000000
Max pw relative error = 6.907178
PSNR = 173.570294, NRMSE= 2.0964537470385967194E-09
normError = 0.000000, normErr_norm = 0.000000
acEff=1.000000
compressionRatio=25.966659
decompression time = 0.005743 seconds.
decompressed data file: ../../CESM-LAND-MODELS/4/log_normalized/sz_1E-8/POTENTIAL_IMMOB_1_192_288.dat.sz.out
  ✓ Compression and decompression successful (ratio: 25.96x)

[168/176] Processing: PROD100C_1_192_288.dat
compression time = 0.011687
compressed data file: ../../CESM-LAND-MODELS/4/log_normalized/PROD100C_1_192_288.dat.sz
Min=0, Max=1, range=1
Max absolute error = 0.0000000060
Max relative error = 0.000000
Max pw relative error = 0.000000
PSNR = 208.402311, NRMSE= 3.800882713033727352E-11
normError = 0.000000, normErr_norm = 0.000000
acEff=1.000000
compressionRatio=53.041727
decompression time = 0.005644 seconds.
decompressed data file: ../../CESM-LAND-MODELS/4/log_normalized/sz_1E-8/PROD100C_1_192_288.dat.sz.out
  ✓ Compression and decompression successful (ratio: 53.04x)

[169/176] Processing: PROD100C_LOSS_1_192_288.dat
compression time = 0.009954
compressed data file: ../../CESM-LAND-MODELS/4/log_normalized/PROD100C_LOSS_1_192_288.dat.sz
Min=0, Max=1, range=1
Max absolute error = 0.0000000060
Max relative error = 0.000000
Max pw relative error = 0.000000
PSNR = 208.402311, NRMSE= 3.800882713033727352E-11
normError = 0.000000, normErr_norm = 0.000000
acEff=1.000000
compressionRatio=53.041727
decompression time = 0.004435 seconds.
decompressed data file: ../../CESM-LAND-MODELS/4/log_normalized/sz_1E-8/PROD100C_LOSS_1_192_288.dat.sz.out
  ✓ Compression and decompression successful (ratio: 53.04x)

[170/176] Processing: PROD100N_1_192_288.dat
compression time = 0.011167
compressed data file: ../../CESM-LAND-MODELS/4/log_normalized/PROD100N_1_192_288.dat.sz
Min=0, Max=1, range=1
Max absolute error = 0.0000000060
Max relative error = 0.000000
Max pw relative error = 0.000000
PSNR = 208.402311, NRMSE= 3.800882713033727352E-11
normError = 0.000000, normErr_norm = 0.000000
acEff=1.000000
compressionRatio=53.041727
decompression time = 0.005293 seconds.
decompressed data file: ../../CESM-LAND-MODELS/4/log_normalized/sz_1E-8/PROD100N_1_192_288.dat.sz.out
  ✓ Compression and decompression successful (ratio: 53.04x)

[171/176] Processing: PROD100N_LOSS_1_192_288.dat
compression time = 0.010659
compressed data file: ../../CESM-LAND-MODELS/4/log_normalized/PROD100N_LOSS_1_192_288.dat.sz
Min=0, Max=1, range=1
Max absolute error = 0.0000000060
Max relative error = 0.000000
Max pw relative error = 0.000000
PSNR = 208.402311, NRMSE= 3.800882713033727352E-11
normError = 0.000000, normErr_norm = 0.000000
acEff=1.000000
compressionRatio=53.041727
decompression time = 0.005502 seconds.
decompressed data file: ../../CESM-LAND-MODELS/4/log_normalized/sz_1E-8/PROD100N_LOSS_1_192_288.dat.sz.out
  ✓ Compression and decompression successful (ratio: 53.04x)

[172/176] Processing: PROD10C_1_192_288.dat
compression time = 0.010480
compressed data file: ../../CESM-LAND-MODELS/4/log_normalized/PROD10C_1_192_288.dat.sz
Min=0, Max=1, range=1
Max absolute error = 0.0000000060
Max relative error = 0.000000
Max pw relative error = 0.000000
PSNR = 208.402311, NRMSE= 3.800882713033727352E-11
normError = 0.000000, normErr_norm = 0.000000
acEff=1.000000
compressionRatio=53.041727
decompression time = 0.004917 seconds.
decompressed data file: ../../CESM-LAND-MODELS/4/log_normalized/sz_1E-8/PROD10C_1_192_288.dat.sz.out
  ✓ Compression and decompression successful (ratio: 53.04x)

[173/176] Processing: PROD10C_LOSS_1_192_288.dat
compression time = 0.010719
compressed data file: ../../CESM-LAND-MODELS/4/log_normalized/PROD10C_LOSS_1_192_288.dat.sz
Min=0, Max=1, range=1
Max absolute error = 0.0000000060
Max relative error = 0.000000
Max pw relative error = 0.000000
PSNR = 208.402311, NRMSE= 3.800882713033727352E-11
normError = 0.000000, normErr_norm = 0.000000
acEff=1.000000
compressionRatio=53.041727
decompression time = 0.005417 seconds.
decompressed data file: ../../CESM-LAND-MODELS/4/log_normalized/sz_1E-8/PROD10C_LOSS_1_192_288.dat.sz.out
  ✓ Compression and decompression successful (ratio: 53.04x)

[174/176] Processing: PROD10N_1_192_288.dat
compression time = 0.008055
compressed data file: ../../CESM-LAND-MODELS/4/log_normalized/PROD10N_1_192_288.dat.sz
Min=0, Max=1, range=1
Max absolute error = 0.0000000060
Max relative error = 0.000000
Max pw relative error = 0.000000
PSNR = 208.402311, NRMSE= 3.800882713033727352E-11
normError = 0.000000, normErr_norm = 0.000000
acEff=1.000000
compressionRatio=53.041727
decompression time = 0.005202 seconds.
decompressed data file: ../../CESM-LAND-MODELS/4/log_normalized/sz_1E-8/PROD10N_1_192_288.dat.sz.out
  ✓ Compression and decompression successful (ratio: 53.04x)

[175/176] Processing: topo_192_288.dat
compression time = 0.009292
compressed data file: ../../CESM-LAND-MODELS/4/log_normalized/topo_192_288.dat.sz
Min=0, Max=1, range=1
Max absolute error = 0.0000000060
Max relative error = 0.000000
Max pw relative error = 0.000000
PSNR = 208.402311, NRMSE= 3.800882713033727352E-11
normError = 0.000000, normErr_norm = 0.000000
acEff=1.000000
compressionRatio=53.041727
decompression time = 0.006019 seconds.
decompressed data file: ../../CESM-LAND-MODELS/4/log_normalized/sz_1E-8/topo_192_288.dat.sz.out
  ✓ Compression and decompression successful (ratio: 53.04x)

[176/176] Processing: topodnsc_192_288.dat
compression time = 0.009764
compressed data file: ../../CESM-LAND-MODELS/4/log_normalized/topodnsc_192_288.dat.sz
Min=0, Max=1, range=1
Max absolute error = 0.0000000060
Max relative error = 0.000000
Max pw relative error = 0.000000
PSNR = 208.402311, NRMSE= 3.800882713033727352E-11
normError = 0.000000, normErr_norm = 0.000000
acEff=1.000000
compressionRatio=53.041727
decompression time = 0.005488 seconds.
decompressed data file: ../../CESM-LAND-MODELS/4/log_normalized/sz_1E-8/topodnsc_192_288.dat.sz.out
  ✓ Compression and decompression successful (ratio: 53.04x)

=== Summary ===
Total files processed: 176
Total files skipped: 0
Total files failed: 0

